{
 "type": "FeatureCollection",
 "properties": {
  "source": "Navigraph DFD tbl_uf_fir_uir",
  "cycle": "2606",
  "regions": [
   "EB",
   "ED",
   "EH",
   "EK",
   "EL",
   "EP",
   "ES",
   "EY",
   "EV",
   "LB",
   "LD",
   "LE",
   "LF",
   "LH",
   "LI",
   "LJ",
   "LK",
   "LO",
   "LR",
   "LS",
   "LU",
   "LZ"
  ]
 },
 "features": [
  {
   "type": "Feature",
   "properties": {
    "id": "EBBU",
    "indicator": "F",
    "name": "BRUSSELS",
    "cycle": "2606"
   },
   "geometry": {
    "type": "Polygon",
    "coordinates": [
     [
      [
       4.754166666666666,
       51.500277777777775
      ],
      [
       4.796738888888889,
       51.499497222222224
      ],
      [
       4.806538888888889,
       51.49709444444444
      ],
      [
       4.820277777777778,
       51.48555555555556
      ],
      [
       4.841666666666667,
       51.48083333333334
      ],
      [
       4.835555555555556,
       51.460277777777776
      ],
      [
       4.823611111111111,
       51.44777777777778
      ],
      [
       4.823611111111111,
       51.44722222222222
      ],
      [
       4.829444444444444,
       51.420833333333334
      ],
      [
       4.766666666666667,
       51.43083333333333
      ],
      [
       4.769444444444444,
       51.41861111111111
      ],
      [
       4.790555555555556,
       51.40972222222222
      ],
      [
       4.839722222222222,
       51.414722222222224
      ],
      [
       4.886388888888889,
       51.415277777777774
      ],
      [
       4.9286111111111115,
       51.39611111111111
      ],
      [
       4.963333333333333,
       51.422222222222224
      ],
      [
       4.995277777777778,
       51.43888888888889
      ],
      [
       5.004980555555556,
       51.447497222222225
      ],
      [
       5.005016666666666,
       51.44777777777778
      ],
      [
       5.010066666666667,
       51.47081111111111
      ],
      [
       5.016625,
       51.47521111111111
      ],
      [
       5.033333333333333,
       51.48722222222222
      ],
      [
       5.040555555555556,
       51.486666666666665
      ],
      [
       5.038913888888889,
       51.482258333333334
      ],
      [
       5.045833333333333,
       51.471111111111114
      ],
      [
       5.078611111111111,
       51.471666666666664
      ],
      [
       5.087208333333333,
       51.458530555555555
      ],
      [
       5.102836111111111,
       51.43414166666667
      ],
      [
       5.102861111111111,
       51.434127777777775
      ],
      [
       5.0713888888888885,
       51.39361111111111
      ],
      [
       5.131666666666667,
       51.34722222222222
      ],
      [
       5.133333333333334,
       51.327222222222225
      ],
      [
       5.134722222222222,
       51.31527777777778
      ],
      [
       5.166666666666667,
       51.3125
      ],
      [
       5.200277777777778,
       51.3225
      ],
      [
       5.242222222222222,
       51.305277777777775
      ],
      [
       5.225833333333333,
       51.26833333333333
      ],
      [
       5.237777777777778,
       51.26138888888889
      ],
      [
       5.263333333333334,
       51.26694444444445
      ],
      [
       5.279722222222222,
       51.26416666666667
      ],
      [
       5.340833333333333,
       51.26305555555555
      ],
      [
       5.346111111111111,
       51.27583333333333
      ],
      [
       5.385827777777778,
       51.26880277777778
      ],
      [
       5.417777777777777,
       51.26222222222222
      ],
      [
       5.441627777777778,
       51.28168333333333
      ],
      [
       5.441658333333334,
       51.28167222222222
      ],
      [
       5.465,
       51.284444444444446
      ],
      [
       5.483333333333333,
       51.3
      ],
      [
       5.5158000000000005,
       51.295230555555555
      ],
      [
       5.547352777777778,
       51.27001944444444
      ],
      [
       5.5568027777777775,
       51.25575
      ],
      [
       5.5568888888888885,
       51.255827777777775
      ],
      [
       5.560555555555555,
       51.22222222222222
      ],
      [
       5.584058333333333,
       51.21629166666666
      ],
      [
       5.652744444444444,
       51.19766944444444
      ],
      [
       5.658055555555555,
       51.18472222222222
      ],
      [
       5.708730555555555,
       51.18103055555556
      ],
      [
       5.7678,
       51.18333611111111
      ],
      [
       5.7775,
       51.15138888888889
      ],
      [
       5.824722222222222,
       51.1675
      ],
      [
       5.833388888888889,
       51.16126944444444
      ],
      [
       5.855555555555556,
       51.14472222222222
      ],
      [
       5.843333333333334,
       51.13472222222222
      ],
      [
       5.808611111111111,
       51.113055555555555
      ],
      [
       5.800833333333333,
       51.06194444444444
      ],
      [
       5.771944444444444,
       51.05916666666667
      ],
      [
       5.758611111111112,
       51.03055555555556
      ],
      [
       5.7747222222222225,
       51.02583333333333
      ],
      [
       5.766388888888889,
       51.006388888888885
      ],
      [
       5.722222222222222,
       50.96472222222222
      ],
      [
       5.750555555555556,
       50.94861111111111
      ],
      [
       5.665555555555556,
       50.87972222222222
      ],
      [
       5.644444444444444,
       50.87222222222222
      ],
      [
       5.648333333333333,
       50.833333333333336
      ],
      [
       5.649166666666667,
       50.826388888888886
      ],
      [
       5.694444444444445,
       50.80972222222222
      ],
      [
       5.696058333333333,
       50.79008888888889
      ],
      [
       5.6899999999999995,
       50.75527777777778
      ],
      [
       5.739722222222222,
       50.757222222222225
      ],
      [
       5.746133333333333,
       50.76971388888889
      ],
      [
       5.765555555555555,
       50.7825
      ],
      [
       5.7775,
       50.783055555555556
      ],
      [
       5.784722222222222,
       50.766666666666666
      ],
      [
       5.793055555555556,
       50.77027777777778
      ],
      [
       5.808055555555556,
       50.756388888888885
      ],
      [
       5.845,
       50.765277777777776
      ],
      [
       5.848888888888888,
       50.75361111111111
      ],
      [
       5.886388888888889,
       50.77027777777778
      ],
      [
       5.901666666666666,
       50.75138888888889
      ],
      [
       5.960555555555556,
       50.7625
      ],
      [
       5.998888888888889,
       50.75361111111111
      ],
      [
       6.003333333333333,
       50.75361111111111
      ],
      [
       6.021111111111111,
       50.75416666666667
      ],
      [
       6.040555555555556,
       50.745555555555555
      ],
      [
       6.032777777777778,
       50.719722222222224
      ],
      [
       6.041388888888889,
       50.718333333333334
      ],
      [
       6.0441666666666665,
       50.727222222222224
      ],
      [
       6.073333333333333,
       50.72083333333333
      ],
      [
       6.115277777777778,
       50.7225
      ],
      [
       6.144166666666667,
       50.681666666666665
      ],
      [
       6.161666666666667,
       50.66972222222222
      ],
      [
       6.166111111111111,
       50.661944444444444
      ],
      [
       6.185,
       50.64833333333333
      ],
      [
       6.1786111111111115,
       50.644444444444446
      ],
      [
       6.166666666666667,
       50.64361111111111
      ],
      [
       6.182777777777778,
       50.63166666666667
      ],
      [
       6.177222222222222,
       50.62555555555556
      ],
      [
       6.1819444444444445,
       50.62388888888889
      ],
      [
       6.194166666666667,
       50.63388888888889
      ],
      [
       6.2188888888888885,
       50.63166666666667
      ],
      [
       6.235,
       50.62611111111111
      ],
      [
       6.2725,
       50.6275
      ],
      [
       6.248888888888889,
       50.6
      ],
      [
       6.246388888888889,
       50.59388888888889
      ],
      [
       6.240833333333334,
       50.58694444444444
      ],
      [
       6.225833333333333,
       50.59111111111111
      ],
      [
       6.174166666666666,
       50.55694444444445
      ],
      [
       6.1786111111111115,
       50.55388888888889
      ],
      [
       6.178055555555556,
       50.541666666666664
      ],
      [
       6.199166666666667,
       50.53638888888889
      ],
      [
       6.1866666666666665,
       50.526666666666664
      ],
      [
       6.192222222222222,
       50.520833333333336
      ],
      [
       6.2,
       50.521388888888886
      ],
      [
       6.206944444444445,
       50.52027777777778
      ],
      [
       6.208333333333333,
       50.51722222222222
      ],
      [
       6.226666666666667,
       50.49444444444445
      ],
      [
       6.2747222222222225,
       50.50222222222222
      ],
      [
       6.347222222222222,
       50.48888888888889
      ],
      [
       6.339722222222222,
       50.4625
      ],
      [
       6.374722222222222,
       50.45194444444444
      ],
      [
       6.376388888888889,
       50.43333333333333
      ],
      [
       6.376111111111111,
       50.4325
      ],
      [
       6.373888888888889,
       50.428333333333335
      ],
      [
       6.343055555555556,
       50.37972222222222
      ],
      [
       6.366388888888889,
       50.365
      ],
      [
       6.3677777777777775,
       50.35944444444444
      ],
      [
       6.400277777777778,
       50.34638888888889
      ],
      [
       6.400277777777778,
       50.33777777777778
      ],
      [
       6.408333333333333,
       50.336666666666666
      ],
      [
       6.407777777777778,
       50.333888888888886
      ],
      [
       6.4075,
       50.33305555555555
      ],
      [
       6.405555555555556,
       50.32333333333333
      ],
      [
       6.348611111111111,
       50.31472222222222
      ],
      [
       6.327222222222222,
       50.32472222222222
      ],
      [
       6.305555555555555,
       50.31777777777778
      ],
      [
       6.308888888888889,
       50.31055555555555
      ],
      [
       6.296111111111111,
       50.30888888888889
      ],
      [
       6.295833333333333,
       50.305
      ],
      [
       6.291388888888889,
       50.2775
      ],
      [
       6.276944444444444,
       50.26611111111111
      ],
      [
       6.233333333333333,
       50.26083333333333
      ],
      [
       6.205555555555556,
       50.25111111111111
      ],
      [
       6.196111111111112,
       50.23694444444445
      ],
      [
       6.1738888888888885,
       50.23361111111111
      ],
      [
       6.166944444444445,
       50.21944444444444
      ],
      [
       6.1866666666666665,
       50.20583333333333
      ],
      [
       6.186944444444444,
       50.178333333333335
      ],
      [
       6.142222222222222,
       50.16972222222222
      ],
      [
       6.1475,
       50.158055555555556
      ],
      [
       6.1322222222222225,
       50.155277777777776
      ],
      [
       6.140555555555555,
       50.14972222222222
      ],
      [
       6.1530555555555555,
       50.15027777777778
      ],
      [
       6.153333333333333,
       50.13611111111111
      ],
      [
       6.138055555555556,
       50.13472222222222
      ],
      [
       6.137777777777778,
       50.13
      ],
      [
       6.128611111111111,
       50.117777777777775
      ],
      [
       6.1325,
       50.094722222222224
      ],
      [
       6.116388888888889,
       50.074444444444445
      ],
      [
       6.145277777777777,
       50.02166666666667
      ],
      [
       6.141388888888889,
       49.99527777777778
      ],
      [
       6.1725,
       49.98416666666667
      ],
      [
       6.174722222222222,
       49.96222222222222
      ],
      [
       6.1925,
       49.96805555555556
      ],
      [
       6.1975,
       49.94888888888889
      ],
      [
       6.202222222222222,
       49.95388888888889
      ],
      [
       6.208611111111111,
       49.95472222222222
      ],
      [
       6.211388888888889,
       49.95027777777778
      ],
      [
       6.223611111111111,
       49.95
      ],
      [
       6.2219444444444445,
       49.92666666666667
      ],
      [
       6.219444444444444,
       49.9225
      ],
      [
       6.233611111111111,
       49.92027777777778
      ],
      [
       6.233333333333333,
       49.90027777777778
      ],
      [
       6.2925,
       49.86972222222222
      ],
      [
       6.314444444444445,
       49.864444444444445
      ],
      [
       6.32,
       49.842777777777776
      ],
      [
       6.365,
       49.85055555555556
      ],
      [
       6.400277777777778,
       49.820277777777775
      ],
      [
       6.454166666666667,
       49.81138888888889
      ],
      [
       6.47,
       49.8225
      ],
      [
       6.503611111111111,
       49.81
      ],
      [
       6.531944444444444,
       49.81
      ],
      [
       6.5247222222222225,
       49.80027777777778
      ],
      [
       6.506111111111111,
       49.78861111111111
      ],
      [
       6.506666666666667,
       49.713055555555556
      ],
      [
       6.426111111111111,
       49.665277777777774
      ],
      [
       6.438055555555556,
       49.64972222222222
      ],
      [
       6.4286111111111115,
       49.635555555555555
      ],
      [
       6.428055555555556,
       49.63472222222222
      ],
      [
       6.4191666666666665,
       49.617222222222225
      ],
      [
       6.357222222222222,
       49.571666666666665
      ],
      [
       6.385555555555555,
       49.55638888888889
      ],
      [
       6.354722222222223,
       49.53138888888889
      ],
      [
       6.368055555555555,
       49.504444444444445
      ],
      [
       6.367222222222222,
       49.46944444444444
      ],
      [
       6.358055555555556,
       49.459722222222226
      ],
      [
       6.25,
       49.50666666666667
      ],
      [
       6.183333333333334,
       49.5
      ],
      [
       6.091944444444445,
       49.45
      ],
      [
       6.0344444444444445,
       49.44777777777778
      ],
      [
       6.0,
       49.45
      ],
      [
       5.958333333333333,
       49.483333333333334
      ],
      [
       5.923494444444445,
       49.499630555555555
      ],
      [
       5.899288888888889,
       49.49695555555556
      ],
      [
       5.865144444444445,
       49.50007222222222
      ],
      [
       5.833558333333333,
       49.52671111111111
      ],
      [
       5.845916666666667,
       49.530052777777776
      ],
      [
       5.836991666666666,
       49.54275277777778
      ],
      [
       5.8172,
       49.537077777777775
      ],
      [
       5.809647222222222,
       49.54287222222222
      ],
      [
       5.818611111111111,
       49.54638888888889
      ],
      [
       5.796055555555555,
       49.551002777777775
      ],
      [
       5.772536111111111,
       49.563138888888886
      ],
      [
       5.758633333333333,
       49.55991111111111
      ],
      [
       5.756058333333334,
       49.545988888888886
      ],
      [
       5.75,
       49.545833333333334
      ],
      [
       5.466666666666667,
       49.5
      ],
      [
       5.4725,
       49.53111111111111
      ],
      [
       5.381666666666667,
       49.61666666666667
      ],
      [
       5.3225,
       49.61666666666667
      ],
      [
       5.302777777777778,
       49.62833333333333
      ],
      [
       5.216666666666667,
       49.655833333333334
      ],
      [
       5.269444444444445,
       49.69583333333333
      ],
      [
       5.226944444444444,
       49.685
      ],
      [
       5.136111111111111,
       49.714444444444446
      ],
      [
       5.081666666666667,
       49.76166666666667
      ],
      [
       5.0,
       49.8
      ],
      [
       4.933333333333334,
       49.7875
      ],
      [
       4.861666666666666,
       49.79555555555555
      ],
      [
       4.852222222222222,
       49.86222222222222
      ],
      [
       4.881111111111111,
       49.913333333333334
      ],
      [
       4.8,
       49.96666666666667
      ],
      [
       4.835277777777778,
       50.035555555555554
      ],
      [
       4.876111111111111,
       50.12972222222222
      ],
      [
       4.834722222222222,
       50.153055555555554
      ],
      [
       4.739166666666667,
       50.10805555555555
      ],
      [
       4.683333333333334,
       50.0
      ],
      [
       4.633333333333333,
       49.99166666666667
      ],
      [
       4.45,
       49.93333333333333
      ],
      [
       4.145833333333333,
       49.980555555555554
      ],
      [
       4.173611111111111,
       50.03722222222222
      ],
      [
       4.208333333333333,
       50.108333333333334
      ],
      [
       4.133333333333334,
       50.15
      ],
      [
       4.178055555555556,
       50.22472222222222
      ],
      [
       4.216666666666667,
       50.266666666666666
      ],
      [
       4.1475,
       50.257222222222225
      ],
      [
       4.030555555555556,
       50.35
      ],
      [
       3.9166666666666665,
       50.33083333333333
      ],
      [
       3.8169444444444443,
       50.35
      ],
      [
       3.75,
       50.345555555555556
      ],
      [
       3.7275,
       50.3
      ],
      [
       3.7075,
       50.30027777777778
      ],
      [
       3.661388888888889,
       50.36944444444445
      ],
      [
       3.6683333333333334,
       50.42
      ],
      [
       3.631666666666667,
       50.475
      ],
      [
       3.6,
       50.5
      ],
      [
       3.4416666666666664,
       50.5
      ],
      [
       3.3,
       50.53333333333333
      ],
      [
       3.2333333333333334,
       50.708333333333336
      ],
      [
       3.15,
       50.78333333333333
      ],
      [
       2.9333333333333336,
       50.75
      ],
      [
       2.9,
       50.7
      ],
      [
       2.6166666666666667,
       50.85
      ],
      [
       2.5959222222222222,
       50.92095277777778
      ],
      [
       2.631283333333333,
       50.94756388888889
      ],
      [
       2.608625,
       50.99015555555555
      ],
      [
       2.5749805555555554,
       51.00096111111111
      ],
      [
       2.5455555555555556,
       51.089166666666664
      ],
      [
       2.0,
       51.11666666666667
      ],
      [
       2.0,
       51.5
      ],
      [
       2.525,
       51.458333333333336
      ],
      [
       3.362975,
       51.37298888888889
      ],
      [
       3.376666666666667,
       51.27638888888889
      ],
      [
       3.4469444444444446,
       51.24111111111111
      ],
      [
       3.5277777777777777,
       51.24638888888889
      ],
      [
       3.5147222222222223,
       51.28777777777778
      ],
      [
       3.5905555555555555,
       51.30388888888889
      ],
      [
       3.7952777777777778,
       51.25611111111111
      ],
      [
       3.7875,
       51.214444444444446
      ],
      [
       3.8561111111111113,
       51.21138888888889
      ],
      [
       3.888611111111111,
       51.223055555555554
      ],
      [
       3.8966666666666665,
       51.21611111111111
      ],
      [
       3.8777777777777778,
       51.20777777777778
      ],
      [
       3.886111111111111,
       51.20027777777778
      ],
      [
       3.9186111111111113,
       51.20805555555555
      ],
      [
       3.9161111111111113,
       51.21472222222222
      ],
      [
       3.9294444444444445,
       51.220555555555556
      ],
      [
       3.936111111111111,
       51.21194444444444
      ],
      [
       3.9527777777777775,
       51.216388888888886
      ],
      [
       3.958611111111111,
       51.215833333333336
      ],
      [
       4.015555555555555,
       51.24444444444445
      ],
      [
       4.055,
       51.242777777777775
      ],
      [
       4.1140888888888885,
       51.2695
      ],
      [
       4.166666666666667,
       51.293055555555554
      ],
      [
       4.2229833333333335,
       51.33865
      ],
      [
       4.241944444444444,
       51.35388888888889
      ],
      [
       4.218055555555556,
       51.37388888888889
      ],
      [
       4.334722222222222,
       51.37777777777778
      ],
      [
       4.341111111111111,
       51.35777777777778
      ],
      [
       4.443333333333333,
       51.36555555555555
      ],
      [
       4.391944444444444,
       51.40833333333333
      ],
      [
       4.379722222222222,
       51.44694444444445
      ],
      [
       4.503055555555555,
       51.47888888888889
      ],
      [
       4.511236111111111,
       51.47973888888889
      ],
      [
       4.538333333333333,
       51.48222222222222
      ],
      [
       4.538333333333333,
       51.473333333333336
      ],
      [
       4.529722222222222,
       51.44972222222222
      ],
      [
       4.535555555555556,
       51.42305555555556
      ],
      [
       4.552352777777777,
       51.42724722222222
      ],
      [
       4.5744444444444445,
       51.43277777777778
      ],
      [
       4.669722222222222,
       51.42666666666667
      ],
      [
       4.754166666666666,
       51.500277777777775
      ]
     ]
    ]
   }
  },
  {
   "type": "Feature",
   "properties": {
    "id": "EBUR",
    "indicator": "U",
    "name": "BRUSSELS",
    "cycle": "2606"
   },
   "geometry": {
    "type": "Polygon",
    "coordinates": [
     [
      [
       4.754166666666666,
       51.500277777777775
      ],
      [
       4.796738888888889,
       51.499497222222224
      ],
      [
       4.806538888888889,
       51.49709444444444
      ],
      [
       4.820277777777778,
       51.48555555555556
      ],
      [
       4.841666666666667,
       51.48083333333334
      ],
      [
       4.835555555555556,
       51.460277777777776
      ],
      [
       4.823611111111111,
       51.44777777777778
      ],
      [
       4.823611111111111,
       51.44722222222222
      ],
      [
       4.829444444444444,
       51.420833333333334
      ],
      [
       4.766666666666667,
       51.43083333333333
      ],
      [
       4.769444444444444,
       51.41861111111111
      ],
      [
       4.790555555555556,
       51.40972222222222
      ],
      [
       4.839722222222222,
       51.414722222222224
      ],
      [
       4.886388888888889,
       51.415277777777774
      ],
      [
       4.9286111111111115,
       51.39611111111111
      ],
      [
       4.963333333333333,
       51.422222222222224
      ],
      [
       4.995277777777778,
       51.43888888888889
      ],
      [
       5.004980555555556,
       51.447497222222225
      ],
      [
       5.005016666666666,
       51.44777777777778
      ],
      [
       5.010066666666667,
       51.47081111111111
      ],
      [
       5.016625,
       51.47521111111111
      ],
      [
       5.033333333333333,
       51.48722222222222
      ],
      [
       5.040555555555556,
       51.486666666666665
      ],
      [
       5.038913888888889,
       51.482258333333334
      ],
      [
       5.045833333333333,
       51.471111111111114
      ],
      [
       5.078611111111111,
       51.471666666666664
      ],
      [
       5.087208333333333,
       51.458530555555555
      ],
      [
       5.102836111111111,
       51.43414166666667
      ],
      [
       5.102861111111111,
       51.434127777777775
      ],
      [
       5.0713888888888885,
       51.39361111111111
      ],
      [
       5.131666666666667,
       51.34722222222222
      ],
      [
       5.133333333333334,
       51.327222222222225
      ],
      [
       5.134722222222222,
       51.31527777777778
      ],
      [
       5.166666666666667,
       51.3125
      ],
      [
       5.200277777777778,
       51.3225
      ],
      [
       5.242222222222222,
       51.305277777777775
      ],
      [
       5.225833333333333,
       51.26833333333333
      ],
      [
       5.237777777777778,
       51.26138888888889
      ],
      [
       5.263333333333334,
       51.26694444444445
      ],
      [
       5.279722222222222,
       51.26416666666667
      ],
      [
       5.340833333333333,
       51.26305555555555
      ],
      [
       5.346111111111111,
       51.27583333333333
      ],
      [
       5.385827777777778,
       51.26880277777778
      ],
      [
       5.417777777777777,
       51.26222222222222
      ],
      [
       5.441627777777778,
       51.28168333333333
      ],
      [
       5.441658333333334,
       51.28167222222222
      ],
      [
       5.465,
       51.284444444444446
      ],
      [
       5.483333333333333,
       51.3
      ],
      [
       5.5158000000000005,
       51.295230555555555
      ],
      [
       5.547352777777778,
       51.27001944444444
      ],
      [
       5.5568027777777775,
       51.25575
      ],
      [
       5.5568888888888885,
       51.255827777777775
      ],
      [
       5.560555555555555,
       51.22222222222222
      ],
      [
       5.584058333333333,
       51.21629166666666
      ],
      [
       5.652744444444444,
       51.19766944444444
      ],
      [
       5.658055555555555,
       51.18472222222222
      ],
      [
       5.708730555555555,
       51.18103055555556
      ],
      [
       5.7678,
       51.18333611111111
      ],
      [
       5.7775,
       51.15138888888889
      ],
      [
       5.824722222222222,
       51.1675
      ],
      [
       5.833388888888889,
       51.16126944444444
      ],
      [
       5.855555555555556,
       51.14472222222222
      ],
      [
       5.843333333333334,
       51.13472222222222
      ],
      [
       5.808611111111111,
       51.113055555555555
      ],
      [
       5.800833333333333,
       51.06194444444444
      ],
      [
       5.771944444444444,
       51.05916666666667
      ],
      [
       5.758611111111112,
       51.03055555555556
      ],
      [
       5.7747222222222225,
       51.02583333333333
      ],
      [
       5.766388888888889,
       51.006388888888885
      ],
      [
       5.722222222222222,
       50.96472222222222
      ],
      [
       5.750555555555556,
       50.94861111111111
      ],
      [
       5.665555555555556,
       50.87972222222222
      ],
      [
       5.644444444444444,
       50.87222222222222
      ],
      [
       5.648333333333333,
       50.833333333333336
      ],
      [
       5.649166666666667,
       50.826388888888886
      ],
      [
       5.694444444444445,
       50.80972222222222
      ],
      [
       5.696058333333333,
       50.79008888888889
      ],
      [
       5.6899999999999995,
       50.75527777777778
      ],
      [
       5.739722222222222,
       50.757222222222225
      ],
      [
       5.746133333333333,
       50.76971388888889
      ],
      [
       5.765555555555555,
       50.7825
      ],
      [
       5.7775,
       50.783055555555556
      ],
      [
       5.784722222222222,
       50.766666666666666
      ],
      [
       5.793055555555556,
       50.77027777777778
      ],
      [
       5.808055555555556,
       50.756388888888885
      ],
      [
       5.845,
       50.765277777777776
      ],
      [
       5.848888888888888,
       50.75361111111111
      ],
      [
       5.886388888888889,
       50.77027777777778
      ],
      [
       5.901666666666666,
       50.75138888888889
      ],
      [
       5.960555555555556,
       50.7625
      ],
      [
       5.998888888888889,
       50.75361111111111
      ],
      [
       6.003333333333333,
       50.75361111111111
      ],
      [
       6.021111111111111,
       50.75416666666667
      ],
      [
       6.040555555555556,
       50.745555555555555
      ],
      [
       6.032777777777778,
       50.719722222222224
      ],
      [
       6.041388888888889,
       50.718333333333334
      ],
      [
       6.0441666666666665,
       50.727222222222224
      ],
      [
       6.073333333333333,
       50.72083333333333
      ],
      [
       6.115277777777778,
       50.7225
      ],
      [
       6.144166666666667,
       50.681666666666665
      ],
      [
       6.161666666666667,
       50.66972222222222
      ],
      [
       6.166111111111111,
       50.661944444444444
      ],
      [
       6.185,
       50.64833333333333
      ],
      [
       6.1786111111111115,
       50.644444444444446
      ],
      [
       6.166666666666667,
       50.64361111111111
      ],
      [
       6.182777777777778,
       50.63166666666667
      ],
      [
       6.177222222222222,
       50.62555555555556
      ],
      [
       6.1819444444444445,
       50.62388888888889
      ],
      [
       6.194166666666667,
       50.63388888888889
      ],
      [
       6.2188888888888885,
       50.63166666666667
      ],
      [
       6.235,
       50.62611111111111
      ],
      [
       6.2725,
       50.6275
      ],
      [
       6.248888888888889,
       50.6
      ],
      [
       6.246388888888889,
       50.59388888888889
      ],
      [
       6.240833333333334,
       50.58694444444444
      ],
      [
       6.225833333333333,
       50.59111111111111
      ],
      [
       6.174166666666666,
       50.55694444444445
      ],
      [
       6.1786111111111115,
       50.55388888888889
      ],
      [
       6.178055555555556,
       50.541666666666664
      ],
      [
       6.199166666666667,
       50.53638888888889
      ],
      [
       6.1866666666666665,
       50.526666666666664
      ],
      [
       6.192222222222222,
       50.520833333333336
      ],
      [
       6.2,
       50.521388888888886
      ],
      [
       6.206944444444445,
       50.52027777777778
      ],
      [
       6.208333333333333,
       50.51722222222222
      ],
      [
       6.226666666666667,
       50.49444444444445
      ],
      [
       6.2747222222222225,
       50.50222222222222
      ],
      [
       6.347222222222222,
       50.48888888888889
      ],
      [
       6.339722222222222,
       50.4625
      ],
      [
       6.374722222222222,
       50.45194444444444
      ],
      [
       6.376388888888889,
       50.43333333333333
      ],
      [
       6.376111111111111,
       50.4325
      ],
      [
       6.373888888888889,
       50.428333333333335
      ],
      [
       6.343055555555556,
       50.37972222222222
      ],
      [
       6.366388888888889,
       50.365
      ],
      [
       6.3677777777777775,
       50.35944444444444
      ],
      [
       6.400277777777778,
       50.34638888888889
      ],
      [
       6.400277777777778,
       50.33777777777778
      ],
      [
       6.408333333333333,
       50.336666666666666
      ],
      [
       6.407777777777778,
       50.333888888888886
      ],
      [
       6.4075,
       50.33305555555555
      ],
      [
       6.405555555555556,
       50.32333333333333
      ],
      [
       6.348611111111111,
       50.31472222222222
      ],
      [
       6.327222222222222,
       50.32472222222222
      ],
      [
       6.305555555555555,
       50.31777777777778
      ],
      [
       6.308888888888889,
       50.31055555555555
      ],
      [
       6.296111111111111,
       50.30888888888889
      ],
      [
       6.295833333333333,
       50.305
      ],
      [
       6.291388888888889,
       50.2775
      ],
      [
       6.276944444444444,
       50.26611111111111
      ],
      [
       6.233333333333333,
       50.26083333333333
      ],
      [
       6.205555555555556,
       50.25111111111111
      ],
      [
       6.196111111111112,
       50.23694444444445
      ],
      [
       6.1738888888888885,
       50.23361111111111
      ],
      [
       6.166944444444445,
       50.21944444444444
      ],
      [
       6.1866666666666665,
       50.20583333333333
      ],
      [
       6.186944444444444,
       50.178333333333335
      ],
      [
       6.142222222222222,
       50.16972222222222
      ],
      [
       6.1475,
       50.158055555555556
      ],
      [
       6.1322222222222225,
       50.155277777777776
      ],
      [
       6.140555555555555,
       50.14972222222222
      ],
      [
       6.1530555555555555,
       50.15027777777778
      ],
      [
       6.153333333333333,
       50.13611111111111
      ],
      [
       6.138055555555556,
       50.13472222222222
      ],
      [
       6.137777777777778,
       50.13
      ],
      [
       6.128611111111111,
       50.117777777777775
      ],
      [
       6.1325,
       50.094722222222224
      ],
      [
       6.116388888888889,
       50.074444444444445
      ],
      [
       6.145277777777777,
       50.02166666666667
      ],
      [
       6.141388888888889,
       49.99527777777778
      ],
      [
       6.1725,
       49.98416666666667
      ],
      [
       6.174722222222222,
       49.96222222222222
      ],
      [
       6.1925,
       49.96805555555556
      ],
      [
       6.1975,
       49.94888888888889
      ],
      [
       6.202222222222222,
       49.95388888888889
      ],
      [
       6.208611111111111,
       49.95472222222222
      ],
      [
       6.211388888888889,
       49.95027777777778
      ],
      [
       6.223611111111111,
       49.95
      ],
      [
       6.2219444444444445,
       49.92666666666667
      ],
      [
       6.219444444444444,
       49.9225
      ],
      [
       6.233611111111111,
       49.92027777777778
      ],
      [
       6.233333333333333,
       49.90027777777778
      ],
      [
       6.2925,
       49.86972222222222
      ],
      [
       6.314444444444445,
       49.864444444444445
      ],
      [
       6.32,
       49.842777777777776
      ],
      [
       6.365,
       49.85055555555556
      ],
      [
       6.400277777777778,
       49.820277777777775
      ],
      [
       6.454166666666667,
       49.81138888888889
      ],
      [
       6.47,
       49.8225
      ],
      [
       6.503611111111111,
       49.81
      ],
      [
       6.531944444444444,
       49.81
      ],
      [
       6.5247222222222225,
       49.80027777777778
      ],
      [
       6.506111111111111,
       49.78861111111111
      ],
      [
       6.506666666666667,
       49.713055555555556
      ],
      [
       6.426111111111111,
       49.665277777777774
      ],
      [
       6.438055555555556,
       49.64972222222222
      ],
      [
       6.4286111111111115,
       49.635555555555555
      ],
      [
       6.428055555555556,
       49.63472222222222
      ],
      [
       6.4191666666666665,
       49.617222222222225
      ],
      [
       6.357222222222222,
       49.571666666666665
      ],
      [
       6.385555555555555,
       49.55638888888889
      ],
      [
       6.354722222222223,
       49.53138888888889
      ],
      [
       6.368055555555555,
       49.504444444444445
      ],
      [
       6.367222222222222,
       49.46944444444444
      ],
      [
       6.358055555555556,
       49.459722222222226
      ],
      [
       6.25,
       49.50666666666667
      ],
      [
       6.183333333333334,
       49.5
      ],
      [
       6.091944444444445,
       49.45
      ],
      [
       6.0344444444444445,
       49.44777777777778
      ],
      [
       6.0,
       49.45
      ],
      [
       5.958333333333333,
       49.483333333333334
      ],
      [
       5.923494444444445,
       49.499630555555555
      ],
      [
       5.899288888888889,
       49.49695555555556
      ],
      [
       5.865144444444445,
       49.50007222222222
      ],
      [
       5.833558333333333,
       49.52671111111111
      ],
      [
       5.845916666666667,
       49.530052777777776
      ],
      [
       5.836991666666666,
       49.54275277777778
      ],
      [
       5.8172,
       49.537077777777775
      ],
      [
       5.809647222222222,
       49.54287222222222
      ],
      [
       5.818611111111111,
       49.54638888888889
      ],
      [
       5.796055555555555,
       49.551002777777775
      ],
      [
       5.772536111111111,
       49.563138888888886
      ],
      [
       5.758633333333333,
       49.55991111111111
      ],
      [
       5.756058333333334,
       49.545988888888886
      ],
      [
       5.75,
       49.545833333333334
      ],
      [
       5.466666666666667,
       49.5
      ],
      [
       5.4725,
       49.53111111111111
      ],
      [
       5.381666666666667,
       49.61666666666667
      ],
      [
       5.3225,
       49.61666666666667
      ],
      [
       5.302777777777778,
       49.62833333333333
      ],
      [
       5.216666666666667,
       49.655833333333334
      ],
      [
       5.269444444444445,
       49.69583333333333
      ],
      [
       5.226944444444444,
       49.685
      ],
      [
       5.136111111111111,
       49.714444444444446
      ],
      [
       5.081666666666667,
       49.76166666666667
      ],
      [
       5.0,
       49.8
      ],
      [
       4.933333333333334,
       49.7875
      ],
      [
       4.861666666666666,
       49.79555555555555
      ],
      [
       4.852222222222222,
       49.86222222222222
      ],
      [
       4.881111111111111,
       49.913333333333334
      ],
      [
       4.8,
       49.96666666666667
      ],
      [
       4.835277777777778,
       50.035555555555554
      ],
      [
       4.876111111111111,
       50.12972222222222
      ],
      [
       4.834722222222222,
       50.153055555555554
      ],
      [
       4.739166666666667,
       50.10805555555555
      ],
      [
       4.683333333333334,
       50.0
      ],
      [
       4.633333333333333,
       49.99166666666667
      ],
      [
       4.45,
       49.93333333333333
      ],
      [
       4.145833333333333,
       49.980555555555554
      ],
      [
       4.173611111111111,
       50.03722222222222
      ],
      [
       4.208333333333333,
       50.108333333333334
      ],
      [
       4.133333333333334,
       50.15
      ],
      [
       4.178055555555556,
       50.22472222222222
      ],
      [
       4.216666666666667,
       50.266666666666666
      ],
      [
       4.1475,
       50.257222222222225
      ],
      [
       4.030555555555556,
       50.35
      ],
      [
       3.9166666666666665,
       50.33083333333333
      ],
      [
       3.8169444444444443,
       50.35
      ],
      [
       3.75,
       50.345555555555556
      ],
      [
       3.7275,
       50.3
      ],
      [
       3.7075,
       50.30027777777778
      ],
      [
       3.661388888888889,
       50.36944444444445
      ],
      [
       3.6683333333333334,
       50.42
      ],
      [
       3.631666666666667,
       50.475
      ],
      [
       3.6,
       50.5
      ],
      [
       3.4416666666666664,
       50.5
      ],
      [
       3.3,
       50.53333333333333
      ],
      [
       3.2333333333333334,
       50.708333333333336
      ],
      [
       3.15,
       50.78333333333333
      ],
      [
       2.9333333333333336,
       50.75
      ],
      [
       2.9,
       50.7
      ],
      [
       2.6166666666666667,
       50.85
      ],
      [
       2.5959222222222222,
       50.92095277777778
      ],
      [
       2.631283333333333,
       50.94756388888889
      ],
      [
       2.608625,
       50.99015555555555
      ],
      [
       2.5749805555555554,
       51.00096111111111
      ],
      [
       2.5455555555555556,
       51.089166666666664
      ],
      [
       2.0,
       51.11666666666667
      ],
      [
       2.0,
       51.5
      ],
      [
       2.525,
       51.458333333333336
      ],
      [
       3.362975,
       51.37298888888889
      ],
      [
       3.376666666666667,
       51.27638888888889
      ],
      [
       3.4469444444444446,
       51.24111111111111
      ],
      [
       3.5277777777777777,
       51.24638888888889
      ],
      [
       3.5147222222222223,
       51.28777777777778
      ],
      [
       3.5905555555555555,
       51.30388888888889
      ],
      [
       3.7952777777777778,
       51.25611111111111
      ],
      [
       3.7875,
       51.214444444444446
      ],
      [
       3.8561111111111113,
       51.21138888888889
      ],
      [
       3.888611111111111,
       51.223055555555554
      ],
      [
       3.8966666666666665,
       51.21611111111111
      ],
      [
       3.8777777777777778,
       51.20777777777778
      ],
      [
       3.886111111111111,
       51.20027777777778
      ],
      [
       3.9186111111111113,
       51.20805555555555
      ],
      [
       3.9161111111111113,
       51.21472222222222
      ],
      [
       3.9294444444444445,
       51.220555555555556
      ],
      [
       3.936111111111111,
       51.21194444444444
      ],
      [
       3.9527777777777775,
       51.216388888888886
      ],
      [
       3.958611111111111,
       51.215833333333336
      ],
      [
       4.015555555555555,
       51.24444444444445
      ],
      [
       4.055,
       51.242777777777775
      ],
      [
       4.1140888888888885,
       51.2695
      ],
      [
       4.166666666666667,
       51.293055555555554
      ],
      [
       4.2229833333333335,
       51.33865
      ],
      [
       4.241944444444444,
       51.35388888888889
      ],
      [
       4.218055555555556,
       51.37388888888889
      ],
      [
       4.334722222222222,
       51.37777777777778
      ],
      [
       4.341111111111111,
       51.35777777777778
      ],
      [
       4.443333333333333,
       51.36555555555555
      ],
      [
       4.391944444444444,
       51.40833333333333
      ],
      [
       4.379722222222222,
       51.44694444444445
      ],
      [
       4.503055555555555,
       51.47888888888889
      ],
      [
       4.511236111111111,
       51.47973888888889
      ],
      [
       4.538333333333333,
       51.48222222222222
      ],
      [
       4.538333333333333,
       51.473333333333336
      ],
      [
       4.529722222222222,
       51.44972222222222
      ],
      [
       4.535555555555556,
       51.42305555555556
      ],
      [
       4.552352777777777,
       51.42724722222222
      ],
      [
       4.5744444444444445,
       51.43277777777778
      ],
      [
       4.669722222222222,
       51.42666666666667
      ],
      [
       4.754166666666666,
       51.500277777777775
      ]
     ]
    ]
   }
  },
  {
   "type": "Feature",
   "properties": {
    "id": "EDGG",
    "indicator": "F",
    "name": "LANGEN",
    "cycle": "2606"
   },
   "geometry": {
    "type": "Polygon",
    "coordinates": [
     [
      [
       8.0,
       52.36972222222222
      ],
      [
       8.0,
       52.11666666666667
      ],
      [
       8.58611111111111,
       52.13027777777778
      ],
      [
       8.741388888888888,
       52.13333333333333
      ],
      [
       8.7625,
       52.094166666666666
      ],
      [
       8.866666666666667,
       51.9
      ],
      [
       8.866666666666667,
       51.88194444444444
      ],
      [
       8.866666666666667,
       51.666666666666664
      ],
      [
       8.8975,
       51.41722222222222
      ],
      [
       8.907777777777778,
       51.333333333333336
      ],
      [
       9.166666666666666,
       51.333333333333336
      ],
      [
       9.517222222222223,
       51.333333333333336
      ],
      [
       9.583333333333334,
       51.333333333333336
      ],
      [
       9.936111111111112,
       51.333333333333336
      ],
      [
       10.059444444444445,
       51.33361111111111
      ],
      [
       10.3875,
       51.333888888888886
      ],
      [
       10.492777777777778,
       51.333333333333336
      ],
      [
       10.702777777777778,
       50.6575
      ],
      [
       10.280555555555555,
       50.19722222222222
      ],
      [
       10.966666666666667,
       49.44166666666667
      ],
      [
       10.587777777777777,
       49.17861111111111
      ],
      [
       10.479166666666666,
       49.111111111111114
      ],
      [
       10.096944444444444,
       48.94861111111111
      ],
      [
       9.776388888888889,
       48.81055555555555
      ],
      [
       9.624444444444444,
       48.62138888888889
      ],
      [
       9.55,
       48.52777777777778
      ],
      [
       9.55,
       47.8
      ],
      [
       9.233333333333333,
       47.791666666666664
      ],
      [
       8.866666666666667,
       47.78333333333333
      ],
      [
       8.85,
       47.88333333333333
      ],
      [
       7.686944444444444,
       47.5675
      ],
      [
       7.689722222222223,
       47.57138888888889
      ],
      [
       7.683611111111111,
       47.57388888888889
      ],
      [
       7.683888888888889,
       47.57666666666667
      ],
      [
       7.6819444444444445,
       47.5775
      ],
      [
       7.680833333333333,
       47.58277777777778
      ],
      [
       7.6722222222222225,
       47.585277777777776
      ],
      [
       7.675277777777778,
       47.591944444444444
      ],
      [
       7.645555555555555,
       47.596944444444446
      ],
      [
       7.641666666666667,
       47.594166666666666
      ],
      [
       7.643055555555556,
       47.591388888888886
      ],
      [
       7.619166666666667,
       47.57694444444444
      ],
      [
       7.605,
       47.577777777777776
      ],
      [
       7.604722222222222,
       47.585
      ],
      [
       7.589166666666666,
       47.59
      ],
      [
       7.5925,
       47.602222222222224
      ],
      [
       7.573888888888889,
       47.61611111111111
      ],
      [
       7.567222222222222,
       47.63194444444444
      ],
      [
       7.530277777777778,
       47.655833333333334
      ],
      [
       7.5119444444444445,
       47.69777777777778
      ],
      [
       7.541111111111111,
       47.719166666666666
      ],
      [
       7.548333333333334,
       47.73972222222222
      ],
      [
       7.533333333333333,
       47.766666666666666
      ],
      [
       7.531944444444444,
       47.76833333333333
      ],
      [
       7.530833333333334,
       47.771388888888886
      ],
      [
       7.546111111111111,
       47.81444444444445
      ],
      [
       7.555555555555555,
       47.83083333333333
      ],
      [
       7.560277777777777,
       47.836666666666666
      ],
      [
       7.5600000000000005,
       47.85916666666667
      ],
      [
       7.557777777777778,
       47.881388888888885
      ],
      [
       7.580277777777778,
       47.89472222222222
      ],
      [
       7.585,
       47.93333333333333
      ],
      [
       7.588888888888889,
       47.93611111111111
      ],
      [
       7.595833333333333,
       47.94361111111111
      ],
      [
       7.621944444444445,
       47.971944444444446
      ],
      [
       7.617222222222222,
       47.98777777777778
      ],
      [
       7.5905555555555555,
       48.015
      ],
      [
       7.579166666666667,
       48.02444444444444
      ],
      [
       7.569444444444445,
       48.08138888888889
      ],
      [
       7.57,
       48.08305555555555
      ],
      [
       7.601944444444444,
       48.159444444444446
      ],
      [
       7.661666666666667,
       48.21722222222222
      ],
      [
       7.6975,
       48.306666666666665
      ],
      [
       7.744722222222222,
       48.32861111111111
      ],
      [
       7.737777777777778,
       48.36361111111111
      ],
      [
       7.7325,
       48.394444444444446
      ],
      [
       7.766111111111111,
       48.45944444444444
      ],
      [
       7.767222222222222,
       48.48888888888889
      ],
      [
       7.799444444444444,
       48.50611111111111
      ],
      [
       7.806666666666667,
       48.52027777777778
      ],
      [
       7.801944444444445,
       48.573055555555555
      ],
      [
       7.804444444444444,
       48.5925
      ],
      [
       7.823333333333333,
       48.611666666666665
      ],
      [
       7.84,
       48.64194444444445
      ],
      [
       7.873888888888889,
       48.65555555555556
      ],
      [
       7.874722222222222,
       48.655833333333334
      ],
      [
       7.876666666666667,
       48.656666666666666
      ],
      [
       7.893888888888889,
       48.665277777777774
      ],
      [
       7.910833333333334,
       48.67916666666667
      ],
      [
       7.959722222222222,
       48.71861111111111
      ],
      [
       7.970833333333333,
       48.7575
      ],
      [
       8.011666666666667,
       48.76
      ],
      [
       8.036111111111111,
       48.789722222222224
      ],
      [
       8.075555555555555,
       48.794444444444444
      ],
      [
       8.091666666666667,
       48.806111111111115
      ],
      [
       8.10388888888889,
       48.820277777777775
      ],
      [
       8.113333333333333,
       48.84861111111111
      ],
      [
       8.126111111111111,
       48.87305555555555
      ],
      [
       8.160555555555556,
       48.916111111111114
      ],
      [
       8.203055555555556,
       48.959722222222226
      ],
      [
       8.231944444444444,
       48.96611111111111
      ],
      [
       8.22861111111111,
       48.97027777777778
      ],
      [
       8.228333333333333,
       48.971111111111114
      ],
      [
       8.225555555555555,
       48.975
      ],
      [
       8.215555555555556,
       48.97527777777778
      ],
      [
       8.199444444444444,
       48.966944444444444
      ],
      [
       8.195555555555556,
       48.96888888888889
      ],
      [
       8.196111111111112,
       48.97638888888889
      ],
      [
       8.178055555555556,
       48.978611111111114
      ],
      [
       8.14,
       48.97833333333333
      ],
      [
       8.066666666666666,
       49.0
      ],
      [
       8.051388888888889,
       49.01305555555555
      ],
      [
       7.985277777777778,
       49.026666666666664
      ],
      [
       7.935555555555555,
       49.05777777777778
      ],
      [
       7.913055555555555,
       49.040277777777774
      ],
      [
       7.910833333333334,
       49.04527777777778
      ],
      [
       7.901666666666666,
       49.04472222222222
      ],
      [
       7.889166666666666,
       49.049166666666665
      ],
      [
       7.868055555555555,
       49.03333333333333
      ],
      [
       7.835277777777778,
       49.047222222222224
      ],
      [
       7.796111111111111,
       49.06527777777778
      ],
      [
       7.769722222222223,
       49.047777777777775
      ],
      [
       7.732222222222222,
       49.044444444444444
      ],
      [
       7.731944444444444,
       49.05555555555556
      ],
      [
       7.697777777777778,
       49.056111111111115
      ],
      [
       7.676666666666667,
       49.04555555555555
      ],
      [
       7.631666666666667,
       49.055
      ],
      [
       7.63,
       49.07361111111111
      ],
      [
       7.620277777777778,
       49.07416666666666
      ],
      [
       7.608055555555556,
       49.08
      ],
      [
       7.6,
       49.083333333333336
      ],
      [
       7.570555555555556,
       49.08
      ],
      [
       7.561111111111111,
       49.08138888888889
      ],
      [
       7.529166666666667,
       49.09722222222222
      ],
      [
       7.529444444444445,
       49.10166666666667
      ],
      [
       7.501388888888889,
       49.12888888888889
      ],
      [
       7.489722222222222,
       49.13638888888889
      ],
      [
       7.506111111111111,
       49.15027777777778
      ],
      [
       7.493333333333333,
       49.166666666666664
      ],
      [
       7.494166666666667,
       49.16972222222222
      ],
      [
       7.472222222222222,
       49.16861111111111
      ],
      [
       7.459722222222222,
       49.16277777777778
      ],
      [
       7.451666666666667,
       49.1675
      ],
      [
       7.4325,
       49.16583333333333
      ],
      [
       7.445555555555556,
       49.18416666666667
      ],
      [
       7.365555555555556,
       49.17194444444444
      ],
      [
       7.3625,
       49.14333333333333
      ],
      [
       7.352777777777778,
       49.14333333333333
      ],
      [
       7.33,
       49.145
      ],
      [
       7.3125,
       49.134166666666665
      ],
      [
       7.293888888888889,
       49.115
      ],
      [
       7.245277777777778,
       49.12972222222222
      ],
      [
       7.208611111111111,
       49.124722222222225
      ],
      [
       7.200277777777778,
       49.11666666666667
      ],
      [
       7.197777777777778,
       49.11666666666667
      ],
      [
       7.186388888888889,
       49.13027777777778
      ],
      [
       7.165277777777778,
       49.12861111111111
      ],
      [
       7.159166666666667,
       49.120555555555555
      ],
      [
       7.150555555555556,
       49.125
      ],
      [
       7.149444444444445,
       49.125277777777775
      ],
      [
       7.135833333333333,
       49.12833333333333
      ],
      [
       7.126388888888889,
       49.14222222222222
      ],
      [
       7.104166666666667,
       49.13861111111111
      ],
      [
       7.104444444444445,
       49.155833333333334
      ],
      [
       7.080277777777778,
       49.149166666666666
      ],
      [
       7.09,
       49.132777777777775
      ],
      [
       7.068333333333333,
       49.11666666666667
      ],
      [
       7.057777777777778,
       49.11194444444445
      ],
      [
       7.046666666666667,
       49.11666666666667
      ],
      [
       7.032777777777778,
       49.16277777777778
      ],
      [
       7.035,
       49.19138888888889
      ],
      [
       7.0136111111111115,
       49.18861111111111
      ],
      [
       6.972777777777778,
       49.20944444444444
      ],
      [
       6.959722222222222,
       49.20305555555556
      ],
      [
       6.9399999999999995,
       49.21666666666667
      ],
      [
       6.9383333333333335,
       49.2225
      ],
      [
       6.931111111111111,
       49.22222222222222
      ],
      [
       6.925277777777778,
       49.223333333333336
      ],
      [
       6.892777777777778,
       49.208888888888886
      ],
      [
       6.8725000000000005,
       49.21472222222222
      ],
      [
       6.870555555555556,
       49.21861111111111
      ],
      [
       6.858888888888889,
       49.22277777777778
      ],
      [
       6.836111111111111,
       49.21138888888889
      ],
      [
       6.861666666666666,
       49.181666666666665
      ],
      [
       6.858611111111111,
       49.175
      ],
      [
       6.844166666666666,
       49.17305555555556
      ],
      [
       6.8475,
       49.157222222222224
      ],
      [
       6.845277777777778,
       49.15611111111111
      ],
      [
       6.835277777777778,
       49.151666666666664
      ],
      [
       6.833888888888889,
       49.15111111111111
      ],
      [
       6.82,
       49.15611111111111
      ],
      [
       6.789722222222222,
       49.166111111111114
      ],
      [
       6.780277777777778,
       49.16833333333334
      ],
      [
       6.760555555555555,
       49.164722222222224
      ],
      [
       6.751388888888889,
       49.166666666666664
      ],
      [
       6.746388888888889,
       49.16583333333333
      ],
      [
       6.738333333333333,
       49.16361111111111
      ],
      [
       6.720555555555555,
       49.17527777777778
      ],
      [
       6.711388888888889,
       49.18833333333333
      ],
      [
       6.723888888888888,
       49.19916666666666
      ],
      [
       6.731388888888889,
       49.20611111111111
      ],
      [
       6.721111111111111,
       49.220555555555556
      ],
      [
       6.711111111111111,
       49.21805555555556
      ],
      [
       6.695833333333333,
       49.215
      ],
      [
       6.689722222222223,
       49.220555555555556
      ],
      [
       6.688888888888889,
       49.22277777777778
      ],
      [
       6.690833333333334,
       49.23
      ],
      [
       6.685833333333333,
       49.23972222222222
      ],
      [
       6.688055555555556,
       49.24944444444444
      ],
      [
       6.683888888888889,
       49.253055555555555
      ],
      [
       6.678055555555556,
       49.255
      ],
      [
       6.6755555555555555,
       49.2575
      ],
      [
       6.664722222222222,
       49.254444444444445
      ],
      [
       6.661388888888888,
       49.25861111111111
      ],
      [
       6.67,
       49.280277777777776
      ],
      [
       6.653333333333333,
       49.28111111111111
      ],
      [
       6.638888888888889,
       49.29555555555555
      ],
      [
       6.617222222222222,
       49.301944444444445
      ],
      [
       6.588888888888889,
       49.32222222222222
      ],
      [
       6.595555555555555,
       49.33
      ],
      [
       6.589444444444444,
       49.334722222222226
      ],
      [
       6.578333333333333,
       49.335
      ],
      [
       6.563611111111111,
       49.35583333333334
      ],
      [
       6.574166666666667,
       49.35888888888889
      ],
      [
       6.5872222222222225,
       49.34972222222222
      ],
      [
       6.5975,
       49.36083333333333
      ],
      [
       6.602222222222222,
       49.36694444444444
      ],
      [
       6.594444444444444,
       49.37138888888889
      ],
      [
       6.583055555555555,
       49.368611111111115
      ],
      [
       6.586111111111111,
       49.37916666666667
      ],
      [
       6.5875,
       49.38444444444445
      ],
      [
       6.5633333333333335,
       49.38805555555555
      ],
      [
       6.5408333333333335,
       49.40111111111111
      ],
      [
       6.538611111111111,
       49.4125
      ],
      [
       6.557222222222222,
       49.419444444444444
      ],
      [
       6.546388888888889,
       49.42861111111111
      ],
      [
       6.5344444444444445,
       49.43555555555555
      ],
      [
       6.499444444444444,
       49.45027777777778
      ],
      [
       6.486944444444444,
       49.451388888888886
      ],
      [
       6.4816666666666665,
       49.45472222222222
      ],
      [
       6.465,
       49.465833333333336
      ],
      [
       6.456111111111111,
       49.463055555555556
      ],
      [
       6.443333333333333,
       49.468333333333334
      ],
      [
       6.440555555555555,
       49.46666666666667
      ],
      [
       6.428055555555556,
       49.47694444444444
      ],
      [
       6.394722222222223,
       49.464444444444446
      ],
      [
       6.3675,
       49.46944444444444
      ],
      [
       6.367222222222222,
       49.46944444444444
      ],
      [
       6.368055555555555,
       49.504444444444445
      ],
      [
       6.354722222222223,
       49.53138888888889
      ],
      [
       6.385555555555555,
       49.55638888888889
      ],
      [
       6.357222222222222,
       49.571666666666665
      ],
      [
       6.4191666666666665,
       49.617222222222225
      ],
      [
       6.428055555555556,
       49.63472222222222
      ],
      [
       6.4286111111111115,
       49.635555555555555
      ],
      [
       6.438055555555556,
       49.64972222222222
      ],
      [
       6.426111111111111,
       49.665277777777774
      ],
      [
       6.506666666666667,
       49.713055555555556
      ],
      [
       6.506111111111111,
       49.78861111111111
      ],
      [
       6.5247222222222225,
       49.80027777777778
      ],
      [
       6.531944444444444,
       49.81
      ],
      [
       6.503611111111111,
       49.81
      ],
      [
       6.47,
       49.8225
      ],
      [
       6.454166666666667,
       49.81138888888889
      ],
      [
       6.400277777777778,
       49.820277777777775
      ],
      [
       6.365,
       49.85055555555556
      ],
      [
       6.32,
       49.842777777777776
      ],
      [
       6.314444444444445,
       49.864444444444445
      ],
      [
       6.2925,
       49.86972222222222
      ],
      [
       6.233333333333333,
       49.90027777777778
      ],
      [
       6.233611111111111,
       49.92027777777778
      ],
      [
       6.219444444444444,
       49.9225
      ],
      [
       6.2219444444444445,
       49.92666666666667
      ],
      [
       6.223611111111111,
       49.95
      ],
      [
       6.211388888888889,
       49.95027777777778
      ],
      [
       6.208611111111111,
       49.95472222222222
      ],
      [
       6.202222222222222,
       49.95388888888889
      ],
      [
       6.1975,
       49.94888888888889
      ],
      [
       6.1925,
       49.96805555555556
      ],
      [
       6.174722222222222,
       49.96222222222222
      ],
      [
       6.1725,
       49.98416666666667
      ],
      [
       6.141388888888889,
       49.99527777777778
      ],
      [
       6.145277777777777,
       50.02166666666667
      ],
      [
       6.116388888888889,
       50.074444444444445
      ],
      [
       6.1325,
       50.094722222222224
      ],
      [
       6.128611111111111,
       50.117777777777775
      ],
      [
       6.137777777777778,
       50.13
      ],
      [
       6.138055555555556,
       50.13472222222222
      ],
      [
       6.153333333333333,
       50.13611111111111
      ],
      [
       6.1530555555555555,
       50.15027777777778
      ],
      [
       6.140555555555555,
       50.14972222222222
      ],
      [
       6.1322222222222225,
       50.155277777777776
      ],
      [
       6.1475,
       50.158055555555556
      ],
      [
       6.142222222222222,
       50.16972222222222
      ],
      [
       6.186944444444444,
       50.178333333333335
      ],
      [
       6.1866666666666665,
       50.20583333333333
      ],
      [
       6.166944444444445,
       50.21944444444444
      ],
      [
       6.1738888888888885,
       50.23361111111111
      ],
      [
       6.196111111111112,
       50.23694444444445
      ],
      [
       6.205555555555556,
       50.25111111111111
      ],
      [
       6.233333333333333,
       50.26083333333333
      ],
      [
       6.276944444444444,
       50.26611111111111
      ],
      [
       6.291388888888889,
       50.2775
      ],
      [
       6.295833333333333,
       50.305
      ],
      [
       6.296111111111111,
       50.30888888888889
      ],
      [
       6.308888888888889,
       50.31055555555555
      ],
      [
       6.305555555555555,
       50.31777777777778
      ],
      [
       6.327222222222222,
       50.32472222222222
      ],
      [
       6.348611111111111,
       50.31472222222222
      ],
      [
       6.405555555555556,
       50.32333333333333
      ],
      [
       6.4075,
       50.33305555555555
      ],
      [
       6.407777777777778,
       50.333888888888886
      ],
      [
       6.408333333333333,
       50.336666666666666
      ],
      [
       6.400277777777778,
       50.33777777777778
      ],
      [
       6.400277777777778,
       50.34638888888889
      ],
      [
       6.3677777777777775,
       50.35944444444444
      ],
      [
       6.366388888888889,
       50.365
      ],
      [
       6.343055555555556,
       50.37972222222222
      ],
      [
       6.373888888888889,
       50.428333333333335
      ],
      [
       6.376111111111111,
       50.4325
      ],
      [
       6.376388888888889,
       50.43333333333333
      ],
      [
       6.374722222222222,
       50.45194444444444
      ],
      [
       6.339722222222222,
       50.4625
      ],
      [
       6.347222222222222,
       50.48888888888889
      ],
      [
       6.2747222222222225,
       50.50222222222222
      ],
      [
       6.226666666666667,
       50.49444444444445
      ],
      [
       6.208333333333333,
       50.51722222222222
      ],
      [
       6.206944444444445,
       50.52027777777778
      ],
      [
       6.2,
       50.521388888888886
      ],
      [
       6.192222222222222,
       50.520833333333336
      ],
      [
       6.1866666666666665,
       50.526666666666664
      ],
      [
       6.199166666666667,
       50.53638888888889
      ],
      [
       6.178055555555556,
       50.541666666666664
      ],
      [
       6.1786111111111115,
       50.55388888888889
      ],
      [
       6.174166666666666,
       50.55694444444445
      ],
      [
       6.225833333333333,
       50.59111111111111
      ],
      [
       6.240833333333334,
       50.58694444444444
      ],
      [
       6.246388888888889,
       50.59388888888889
      ],
      [
       6.248888888888889,
       50.6
      ],
      [
       6.2725,
       50.6275
      ],
      [
       6.235,
       50.62611111111111
      ],
      [
       6.2188888888888885,
       50.63166666666667
      ],
      [
       6.194166666666667,
       50.63388888888889
      ],
      [
       6.1819444444444445,
       50.62388888888889
      ],
      [
       6.177222222222222,
       50.62555555555556
      ],
      [
       6.182777777777778,
       50.63166666666667
      ],
      [
       6.166666666666667,
       50.64361111111111
      ],
      [
       6.1786111111111115,
       50.644444444444446
      ],
      [
       6.185,
       50.64833333333333
      ],
      [
       6.166111111111111,
       50.661944444444444
      ],
      [
       6.161666666666667,
       50.66972222222222
      ],
      [
       6.144166666666667,
       50.681666666666665
      ],
      [
       6.115277777777778,
       50.7225
      ],
      [
       6.073333333333333,
       50.72083333333333
      ],
      [
       6.0441666666666665,
       50.727222222222224
      ],
      [
       6.041388888888889,
       50.718333333333334
      ],
      [
       6.032777777777778,
       50.719722222222224
      ],
      [
       6.040555555555556,
       50.745555555555555
      ],
      [
       6.021111111111111,
       50.75416666666667
      ],
      [
       6.0210083333333335,
       50.75428888888889
      ],
      [
       6.0183333333333335,
       50.763333333333335
      ],
      [
       6.028333333333333,
       50.77388888888889
      ],
      [
       5.974722222222223,
       50.79833333333333
      ],
      [
       5.983055555555556,
       50.81166666666667
      ],
      [
       6.003333333333333,
       50.801944444444445
      ],
      [
       6.0247222222222225,
       50.81388888888889
      ],
      [
       6.018611111111111,
       50.84638888888889
      ],
      [
       6.047777777777778,
       50.853611111111114
      ],
      [
       6.0744444444444445,
       50.846666666666664
      ],
      [
       6.088055555555556,
       50.8725
      ],
      [
       6.0761111111111115,
       50.88944444444444
      ],
      [
       6.085277777777778,
       50.91166666666667
      ],
      [
       6.093333333333334,
       50.91861111111111
      ],
      [
       6.018055555555556,
       50.934444444444445
      ],
      [
       6.009722222222222,
       50.955
      ],
      [
       6.0280555555555555,
       50.98305555555555
      ],
      [
       5.960555555555556,
       50.983333333333334
      ],
      [
       5.955277777777778,
       50.98833333333333
      ],
      [
       5.897222222222222,
       50.975
      ],
      [
       5.905277777777778,
       51.00222222222222
      ],
      [
       5.884444444444444,
       51.013888888888886
      ],
      [
       5.877222222222223,
       51.033611111111114
      ],
      [
       5.866388888888888,
       51.05166666666667
      ],
      [
       5.892222222222222,
       51.05305555555555
      ],
      [
       5.913333333333333,
       51.066944444444445
      ],
      [
       5.938055555555556,
       51.03527777777778
      ],
      [
       5.9575,
       51.035
      ],
      [
       5.973888888888888,
       51.06305555555556
      ],
      [
       6.0633333333333335,
       51.117222222222225
      ],
      [
       6.175,
       51.158611111111114
      ],
      [
       6.138888888888889,
       51.17333333333333
      ],
      [
       6.180555555555555,
       51.18638888888889
      ],
      [
       6.165277777777778,
       51.19444444444444
      ],
      [
       6.073611111111111,
       51.168055555555554
      ],
      [
       6.0680555555555555,
       51.220555555555556
      ],
      [
       6.1627777777777775,
       51.32388888888889
      ],
      [
       6.164166666666667,
       51.32527777777778
      ],
      [
       6.216388888888889,
       51.35472222222222
      ],
      [
       6.226388888888889,
       51.360277777777775
      ],
      [
       6.215,
       51.389722222222225
      ],
      [
       6.2275,
       51.4
      ],
      [
       6.205277777777778,
       51.4
      ],
      [
       6.2186111111111115,
       51.44694444444445
      ],
      [
       6.2219444444444445,
       51.47805555555556
      ],
      [
       6.212777777777778,
       51.49138888888889
      ],
      [
       6.213055555555556,
       51.50972222222222
      ],
      [
       6.200277777777778,
       51.52722222222222
      ],
      [
       6.174166666666666,
       51.5425
      ],
      [
       6.1658333333333335,
       51.55416666666667
      ],
      [
       6.091388888888889,
       51.60583333333334
      ],
      [
       6.116388888888889,
       51.65138888888889
      ],
      [
       6.032222222222222,
       51.674166666666665
      ],
      [
       6.028611111111111,
       51.71111111111111
      ],
      [
       6.045,
       51.71666666666667
      ],
      [
       6.013888888888889,
       51.730555555555554
      ],
      [
       5.955277777777778,
       51.738055555555555
      ],
      [
       5.952222222222222,
       51.74916666666667
      ],
      [
       5.991666666666667,
       51.76777777777778
      ],
      [
       5.945,
       51.82333333333333
      ],
      [
       6.038333333333333,
       51.845
      ],
      [
       6.0616666666666665,
       51.86527777777778
      ],
      [
       6.168055555555555,
       51.84027777777778
      ],
      [
       6.166666666666667,
       51.861111111111114
      ],
      [
       6.104166666666667,
       51.89277777777778
      ],
      [
       6.157777777777778,
       51.90416666666667
      ],
      [
       6.4075,
       51.82833333333333
      ],
      [
       6.389722222222222,
       51.87277777777778
      ],
      [
       6.472777777777778,
       51.85388888888889
      ],
      [
       6.683611111111111,
       51.91722222222222
      ],
      [
       6.726388888888889,
       51.896388888888886
      ],
      [
       6.790555555555556,
       51.93361111111111
      ],
      [
       6.836388888888889,
       51.985277777777775
      ],
      [
       6.7411111111111115,
       52.03277777777778
      ],
      [
       6.688611111111111,
       52.04
      ],
      [
       6.691944444444444,
       52.07
      ],
      [
       6.748888888888889,
       52.076388888888886
      ],
      [
       6.761111111111111,
       52.11888888888889
      ],
      [
       6.852222222222222,
       52.11805555555556
      ],
      [
       6.905833333333334,
       52.17
      ],
      [
       6.905277777777778,
       52.17666666666667
      ],
      [
       6.951388888888889,
       52.18083333333333
      ],
      [
       6.986944444444444,
       52.22555555555556
      ],
      [
       7.039166666666667,
       52.2275
      ],
      [
       7.060555555555555,
       52.23444444444444
      ],
      [
       7.063055555555556,
       52.23722222222222
      ],
      [
       7.064444444444445,
       52.239444444444445
      ],
      [
       7.026388888888889,
       52.27166666666667
      ],
      [
       7.028888888888889,
       52.2825
      ],
      [
       7.025,
       52.28916666666667
      ],
      [
       7.043611111111111,
       52.31361111111111
      ],
      [
       7.055555555555555,
       52.33222222222222
      ],
      [
       7.056111111111111,
       52.338055555555556
      ],
      [
       7.065022222222222,
       52.345825
      ],
      [
       7.065277777777778,
       52.34583333333333
      ],
      [
       7.138888888888889,
       52.348055555555554
      ],
      [
       7.327222222222222,
       52.35333333333333
      ],
      [
       7.611111111111111,
       52.36055555555556
      ],
      [
       8.0,
       52.36972222222222
      ]
     ]
    ]
   }
  },
  {
   "type": "Feature",
   "properties": {
    "id": "EDMM",
    "indicator": "F",
    "name": "MUNICH",
    "cycle": "2606"
   },
   "geometry": {
    "type": "Polygon",
    "coordinates": [
     [
      [
       12.0,
       51.906666666666666
      ],
      [
       12.201666666666666,
       51.87638888888889
      ],
      [
       12.640277777777778,
       51.625
      ],
      [
       13.1,
       51.50833333333333
      ],
      [
       13.75,
       51.50833333333333
      ],
      [
       14.707394444444445,
       51.69725555555556
      ],
      [
       14.755555555555556,
       51.65833333333333
      ],
      [
       14.766666666666667,
       51.63333333333333
      ],
      [
       14.716666666666667,
       51.55
      ],
      [
       14.83611111111111,
       51.5
      ],
      [
       14.966666666666667,
       51.46666666666667
      ],
      [
       14.95861111111111,
       51.41111111111111
      ],
      [
       14.97,
       51.4
      ],
      [
       15.05,
       51.28333333333333
      ],
      [
       14.983333333333333,
       51.11666666666667
      ],
      [
       14.894444444444444,
       50.95
      ],
      [
       14.833333333333334,
       50.86666666666667
      ],
      [
       14.8,
       50.81666666666667
      ],
      [
       14.633333333333333,
       50.85
      ],
      [
       14.65,
       50.93333333333333
      ],
      [
       14.566666666666666,
       50.916666666666664
      ],
      [
       14.598333333333333,
       50.98111111111111
      ],
      [
       14.46861111111111,
       51.02916666666667
      ],
      [
       14.385833333333334,
       51.036944444444444
      ],
      [
       14.3075,
       51.051944444444445
      ],
      [
       14.257222222222222,
       50.983333333333334
      ],
      [
       14.40611111111111,
       50.91444444444444
      ],
      [
       14.393611111111111,
       50.891666666666666
      ],
      [
       14.313611111111111,
       50.88194444444444
      ],
      [
       14.230555555555556,
       50.888888888888886
      ],
      [
       14.233333333333333,
       50.86527777777778
      ],
      [
       14.0,
       50.80277777777778
      ],
      [
       13.983333333333333,
       50.814166666666665
      ],
      [
       13.898333333333333,
       50.7875
      ],
      [
       13.850833333333334,
       50.736666666666665
      ],
      [
       13.79861111111111,
       50.73416666666667
      ],
      [
       13.635277777777778,
       50.72083333333333
      ],
      [
       13.529166666666667,
       50.7
      ],
      [
       13.518333333333333,
       50.64111111111111
      ],
      [
       13.461388888888889,
       50.59916666666667
      ],
      [
       13.383333333333333,
       50.638333333333335
      ],
      [
       13.322777777777778,
       50.57944444444445
      ],
      [
       13.28138888888889,
       50.5725
      ],
      [
       13.251944444444444,
       50.589166666666664
      ],
      [
       13.191944444444445,
       50.501666666666665
      ],
      [
       13.035277777777777,
       50.5
      ],
      [
       13.015277777777778,
       50.44
      ],
      [
       12.951255555555555,
       50.40801666666667
      ],
      [
       12.816666666666666,
       50.45166666666667
      ],
      [
       12.766666666666667,
       50.44277777777778
      ],
      [
       12.7,
       50.39277777777778
      ],
      [
       12.668611111111112,
       50.409444444444446
      ],
      [
       12.515277777777778,
       50.39277777777778
      ],
      [
       12.43138888888889,
       50.32833333333333
      ],
      [
       12.374166666666667,
       50.286944444444444
      ],
      [
       12.323333333333334,
       50.236666666666665
      ],
      [
       12.321944444444444,
       50.166666666666664
      ],
      [
       12.286666666666667,
       50.184444444444445
      ],
      [
       12.286666666666667,
       50.215
      ],
      [
       12.25611111111111,
       50.27194444444444
      ],
      [
       12.183333333333334,
       50.31666666666667
      ],
      [
       12.104444444444445,
       50.31944444444444
      ],
      [
       12.122777777777777,
       50.305277777777775
      ],
      [
       12.138333333333334,
       50.266666666666666
      ],
      [
       12.1,
       50.25833333333333
      ],
      [
       12.09361111111111,
       50.25611111111111
      ],
      [
       12.09361111111111,
       50.24333333333333
      ],
      [
       12.153611111111111,
       50.21861111111111
      ],
      [
       12.178055555555556,
       50.215
      ],
      [
       12.179166666666667,
       50.209722222222226
      ],
      [
       12.205833333333333,
       50.16861111111111
      ],
      [
       12.195,
       50.13527777777778
      ],
      [
       12.213333333333333,
       50.09916666666667
      ],
      [
       12.265,
       50.07111111111111
      ],
      [
       12.313333333333333,
       50.055
      ],
      [
       12.260833333333334,
       50.051944444444445
      ],
      [
       12.323333333333334,
       50.03777777777778
      ],
      [
       12.352777777777778,
       50.02916666666667
      ],
      [
       12.433333333333334,
       49.98111111111111
      ],
      [
       12.469166666666666,
       49.98111111111111
      ],
      [
       12.493611111111111,
       49.97027777777778
      ],
      [
       12.475277777777778,
       49.941944444444445
      ],
      [
       12.544166666666667,
       49.908611111111114
      ],
      [
       12.502777777777778,
       49.833333333333336
      ],
      [
       12.478333333333333,
       49.833333333333336
      ],
      [
       12.474444444444444,
       49.78333333333333
      ],
      [
       12.45,
       49.77361111111111
      ],
      [
       12.401666666666667,
       49.759166666666665
      ],
      [
       12.456944444444444,
       49.7
      ],
      [
       12.453611111111112,
       49.69444444444444
      ],
      [
       12.52111111111111,
       49.67888888888889
      ],
      [
       12.520233333333334,
       49.62318333333333
      ],
      [
       12.568888888888889,
       49.61611111111111
      ],
      [
       12.5725,
       49.577777777777776
      ],
      [
       12.608333333333333,
       49.531666666666666
      ],
      [
       12.644166666666667,
       49.52194444444444
      ],
      [
       12.673055555555555,
       49.42861111111111
      ],
      [
       12.722222222222221,
       49.420833333333334
      ],
      [
       12.763333333333334,
       49.35611111111111
      ],
      [
       12.7975,
       49.343333333333334
      ],
      [
       12.850277777777778,
       49.344722222222224
      ],
      [
       12.904722222222222,
       49.32555555555555
      ],
      [
       12.904722222222222,
       49.34444444444444
      ],
      [
       12.978333333333333,
       49.333333333333336
      ],
      [
       13.03,
       49.291111111111114
      ],
      [
       13.115555555555556,
       49.21388888888889
      ],
      [
       13.180555555555555,
       49.166666666666664
      ],
      [
       13.1775,
       49.13027777777778
      ],
      [
       13.229444444444445,
       49.11083333333333
      ],
      [
       13.296111111111111,
       49.11472222222222
      ],
      [
       13.396944444444445,
       49.047777777777775
      ],
      [
       13.403333333333332,
       48.988055555555555
      ],
      [
       13.49388888888889,
       48.941944444444445
      ],
      [
       13.522222222222222,
       48.97416666666667
      ],
      [
       13.590833333333334,
       48.961666666666666
      ],
      [
       13.628333333333334,
       48.93
      ],
      [
       13.696944444444444,
       48.88
      ],
      [
       13.744444444444444,
       48.88
      ],
      [
       13.79,
       48.829166666666666
      ],
      [
       13.819166666666666,
       48.78777777777778
      ],
      [
       13.838888888888889,
       48.76833333333333
      ],
      [
       13.839444444444444,
       48.76638888888889
      ],
      [
       13.835555555555555,
       48.7625
      ],
      [
       13.822777777777778,
       48.75666666666667
      ],
      [
       13.818333333333333,
       48.73138888888889
      ],
      [
       13.795555555555556,
       48.71527777777778
      ],
      [
       13.803055555555556,
       48.70805555555555
      ],
      [
       13.811388888888889,
       48.70861111111111
      ],
      [
       13.811111111111112,
       48.702777777777776
      ],
      [
       13.82,
       48.69916666666667
      ],
      [
       13.837222222222222,
       48.70055555555555
      ],
      [
       13.83361111111111,
       48.691944444444445
      ],
      [
       13.81638888888889,
       48.694722222222225
      ],
      [
       13.814166666666667,
       48.64972222222222
      ],
      [
       13.823611111111111,
       48.6425
      ],
      [
       13.825,
       48.61972222222222
      ],
      [
       13.803611111111111,
       48.59861111111111
      ],
      [
       13.807222222222222,
       48.58444444444444
      ],
      [
       13.800833333333333,
       48.57361111111111
      ],
      [
       13.790277777777778,
       48.57194444444445
      ],
      [
       13.769722222222223,
       48.553333333333335
      ],
      [
       13.76,
       48.565555555555555
      ],
      [
       13.726944444444445,
       48.51305555555555
      ],
      [
       13.595833333333333,
       48.570277777777775
      ],
      [
       13.578888888888889,
       48.55916666666667
      ],
      [
       13.512977777777778,
       48.59079722222222
      ],
      [
       13.501716666666667,
       48.58088333333333
      ],
      [
       13.506944444444445,
       48.57694444444444
      ],
      [
       13.485,
       48.56166666666667
      ],
      [
       13.481911111111112,
       48.563433333333336
      ],
      [
       13.47888888888889,
       48.56472222222222
      ],
      [
       13.474444444444444,
       48.5625
      ],
      [
       13.474908333333333,
       48.55725833333333
      ],
      [
       13.472969444444445,
       48.55555
      ],
      [
       13.463888888888889,
       48.55416666666667
      ],
      [
       13.45,
       48.56388888888889
      ],
      [
       13.436944444444444,
       48.55583333333333
      ],
      [
       13.450544444444445,
       48.53576388888889
      ],
      [
       13.445,
       48.52722222222222
      ],
      [
       13.458055555555555,
       48.51222222222222
      ],
      [
       13.426666666666666,
       48.45527777777778
      ],
      [
       13.4375,
       48.44027777777778
      ],
      [
       13.4175,
       48.38388888888889
      ],
      [
       13.321388888888889,
       48.31916666666667
      ],
      [
       13.260833333333334,
       48.295
      ],
      [
       13.172852777777777,
       48.29312222222222
      ],
      [
       13.166383333333334,
       48.29151944444445
      ],
      [
       13.0485,
       48.26401388888889
      ],
      [
       12.955555555555556,
       48.208888888888886
      ],
      [
       12.872777777777777,
       48.202222222222225
      ],
      [
       12.846166666666667,
       48.166272222222226
      ],
      [
       12.799166666666666,
       48.14694444444444
      ],
      [
       12.786944444444444,
       48.12361111111111
      ],
      [
       12.760555555555555,
       48.12777777777778
      ],
      [
       12.75,
       48.11138888888889
      ],
      [
       12.755833333333333,
       48.080555555555556
      ],
      [
       12.845,
       48.02027777777778
      ],
      [
       12.856388888888889,
       48.00888888888889
      ],
      [
       12.869722222222222,
       47.967777777777776
      ],
      [
       12.9,
       47.958333333333336
      ],
      [
       12.899166666666666,
       47.95805555555555
      ],
      [
       12.934166666666666,
       47.940555555555555
      ],
      [
       13.004166666666666,
       47.846944444444446
      ],
      [
       12.933333333333334,
       47.77611111111111
      ],
      [
       12.932777777777778,
       47.775555555555556
      ],
      [
       12.928888888888888,
       47.76972222222222
      ],
      [
       12.942222222222222,
       47.77111111111111
      ],
      [
       12.944722222222222,
       47.76444444444444
      ],
      [
       12.936163888888888,
       47.75073611111111
      ],
      [
       12.904444444444444,
       47.7275
      ],
      [
       12.925,
       47.710277777777776
      ],
      [
       12.991388888888888,
       47.70861111111111
      ],
      [
       13.012902777777779,
       47.72238611111111
      ],
      [
       13.042777777777777,
       47.71388888888889
      ],
      [
       13.060555555555556,
       47.6975
      ],
      [
       13.080744444444445,
       47.68703333333333
      ],
      [
       13.076944444444445,
       47.670833333333334
      ],
      [
       13.098888888888888,
       47.63527777777778
      ],
      [
       13.069427777777777,
       47.604794444444444
      ],
      [
       13.062777777777777,
       47.60138888888889
      ],
      [
       13.071944444444444,
       47.58833333333333
      ],
      [
       13.043611111111112,
       47.583333333333336
      ],
      [
       13.046388888888888,
       47.568888888888885
      ],
      [
       13.0575,
       47.562222222222225
      ],
      [
       13.030833333333334,
       47.5325
      ],
      [
       13.046111111111111,
       47.52388888888889
      ],
      [
       13.0475,
       47.492222222222225
      ],
      [
       13.027222222222223,
       47.48694444444445
      ],
      [
       13.006388888888889,
       47.464444444444446
      ],
      [
       13.000833333333333,
       47.46388888888889
      ],
      [
       12.994722222222222,
       47.478611111111114
      ],
      [
       12.975,
       47.485
      ],
      [
       12.971388888888889,
       47.474444444444444
      ],
      [
       12.940713888888888,
       47.48466388888889
      ],
      [
       12.911388888888888,
       47.49638888888889
      ],
      [
       12.884444444444444,
       47.51277777777778
      ],
      [
       12.885277777777778,
       47.51861111111111
      ],
      [
       12.856666666666667,
       47.52722222222222
      ],
      [
       12.850277777777778,
       47.54083333333333
      ],
      [
       12.803888888888888,
       47.55027777777778
      ],
      [
       12.779166666666667,
       47.579166666666666
      ],
      [
       12.795277777777779,
       47.593333333333334
      ],
      [
       12.79111111111111,
       47.598333333333336
      ],
      [
       12.800886111111112,
       47.605672222222225
      ],
      [
       12.813333333333333,
       47.61194444444445
      ],
      [
       12.822777777777778,
       47.609722222222224
      ],
      [
       12.824444444444444,
       47.61222222222222
      ],
      [
       12.817777777777778,
       47.61666666666667
      ],
      [
       12.780555555555555,
       47.632777777777775
      ],
      [
       12.758333333333333,
       47.65277777777778
      ],
      [
       12.777222222222223,
       47.66
      ],
      [
       12.784166666666666,
       47.67166666666667
      ],
      [
       12.78111111111111,
       47.67388888888889
      ],
      [
       12.772222222222222,
       47.66555555555556
      ],
      [
       12.766111111111112,
       47.66722222222222
      ],
      [
       12.757222222222222,
       47.66305555555556
      ],
      [
       12.750833333333333,
       47.67166666666667
      ],
      [
       12.731944444444444,
       47.679722222222225
      ],
      [
       12.71838611111111,
       47.67673055555556
      ],
      [
       12.695555555555556,
       47.68222222222222
      ],
      [
       12.666944444444445,
       47.68083333333333
      ],
      [
       12.651944444444444,
       47.67166666666667
      ],
      [
       12.604722222222222,
       47.67305555555556
      ],
      [
       12.575,
       47.632222222222225
      ],
      [
       12.536388888888888,
       47.63638888888889
      ],
      [
       12.512222222222222,
       47.625277777777775
      ],
      [
       12.465113888888888,
       47.64972777777778
      ],
      [
       12.453869444444445,
       47.6634
      ],
      [
       12.449247222222223,
       47.66950833333333
      ],
      [
       12.440555555555555,
       47.67388888888889
      ],
      [
       12.440066666666667,
       47.69521944444445
      ],
      [
       12.363611111111112,
       47.68388888888889
      ],
      [
       12.3375,
       47.69694444444445
      ],
      [
       12.255277777777778,
       47.67944444444444
      ],
      [
       12.241388888888888,
       47.69444444444444
      ],
      [
       12.26361111111111,
       47.735866666666666
      ],
      [
       12.256944444444445,
       47.74305555555556
      ],
      [
       12.249722222222223,
       47.74138888888889
      ],
      [
       12.226666666666667,
       47.71805555555556
      ],
      [
       12.1625,
       47.70111111111111
      ],
      [
       12.168252777777777,
       47.681022222222225
      ],
      [
       12.200077777777778,
       47.63738333333333
      ],
      [
       12.206944444444444,
       47.60888888888889
      ],
      [
       12.177222222222222,
       47.60138888888889
      ],
      [
       12.178888888888888,
       47.614444444444445
      ],
      [
       12.139722222222222,
       47.60527777777778
      ],
      [
       12.061158333333333,
       47.618811111111114
      ],
      [
       12.021944444444445,
       47.611111111111114
      ],
      [
       12.008611111111112,
       47.625
      ],
      [
       11.855,
       47.602222222222224
      ],
      [
       11.847222222222221,
       47.58222222222222
      ],
      [
       11.78111111111111,
       47.59111111111111
      ],
      [
       11.745277777777778,
       47.58777777777778
      ],
      [
       11.739136111111112,
       47.588116666666664
      ],
      [
       11.723333333333333,
       47.589166666666664
      ],
      [
       11.700277777777778,
       47.58888888888889
      ],
      [
       11.660277777777777,
       47.583888888888886
      ],
      [
       11.643305555555555,
       47.590525
      ],
      [
       11.636111111111111,
       47.59444444444444
      ],
      [
       11.6318,
       47.58765555555556
      ],
      [
       11.633611111111112,
       47.580555555555556
      ],
      [
       11.607333333333333,
       47.58155555555555
      ],
      [
       11.605316666666667,
       47.58023611111111
      ],
      [
       11.586944444444445,
       47.554722222222225
      ],
      [
       11.588055555555556,
       47.52527777777778
      ],
      [
       11.572222222222223,
       47.51444444444444
      ],
      [
       11.523141666666668,
       47.50986944444445
      ],
      [
       11.449722222222222,
       47.507222222222225
      ],
      [
       11.442222222222222,
       47.51777777777778
      ],
      [
       11.384166666666667,
       47.473055555555554
      ],
      [
       11.392777777777777,
       47.466388888888886
      ],
      [
       11.403055555555556,
       47.46722222222222
      ],
      [
       11.421388888888888,
       47.444722222222225
      ],
      [
       11.350277777777778,
       47.44777777777778
      ],
      [
       11.299375,
       47.430675
      ],
      [
       11.29111111111111,
       47.42722222222222
      ],
      [
       11.29,
       47.407222222222224
      ],
      [
       11.278333333333332,
       47.4
      ],
      [
       11.222222222222221,
       47.397222222222226
      ],
      [
       11.25361111111111,
       47.42777777777778
      ],
      [
       11.205555555555556,
       47.43388888888889
      ],
      [
       11.131944444444445,
       47.4125
      ],
      [
       11.115555555555556,
       47.39555555555555
      ],
      [
       11.033027777777777,
       47.39384722222222
      ],
      [
       10.970555555555556,
       47.40027777777778
      ],
      [
       10.970833333333333,
       47.41555555555556
      ],
      [
       10.984583333333333,
       47.42166388888889
      ],
      [
       10.983611111111111,
       47.43
      ],
      [
       10.928055555555556,
       47.471944444444446
      ],
      [
       10.938333333333333,
       47.48
      ],
      [
       10.91,
       47.48555555555556
      ],
      [
       10.883305555555555,
       47.479552777777776
      ],
      [
       10.87138888888889,
       47.48166666666667
      ],
      [
       10.869655555555555,
       47.48733611111111
      ],
      [
       10.870277777777778,
       47.49944444444444
      ],
      [
       10.908888888888889,
       47.51166666666666
      ],
      [
       10.890277777777778,
       47.53722222222222
      ],
      [
       10.812441666666667,
       47.520041666666664
      ],
      [
       10.777222222222223,
       47.513888888888886
      ],
      [
       10.758333333333333,
       47.534444444444446
      ],
      [
       10.694722222222222,
       47.54472222222222
      ],
      [
       10.69111111111111,
       47.55861111111111
      ],
      [
       10.626388888888888,
       47.56111111111111
      ],
      [
       10.598055555555556,
       47.569722222222225
      ],
      [
       10.573055555555555,
       47.533611111111114
      ],
      [
       10.55888888888889,
       47.53722222222222
      ],
      [
       10.536666666666667,
       47.53666666666667
      ],
      [
       10.524444444444445,
       47.53527777777778
      ],
      [
       10.488888888888889,
       47.540277777777774
      ],
      [
       10.472222222222221,
       47.55111111111111
      ],
      [
       10.460555555555555,
       47.5525
      ],
      [
       10.454444444444444,
       47.55583333333333
      ],
      [
       10.481944444444444,
       47.58444444444444
      ],
      [
       10.436666666666667,
       47.583888888888886
      ],
      [
       10.429166666666667,
       47.5775
      ],
      [
       10.45111111111111,
       47.554722222222225
      ],
      [
       10.431111111111111,
       47.50361111111111
      ],
      [
       10.440555555555555,
       47.48638888888889
      ],
      [
       10.468055555555555,
       47.47694444444444
      ],
      [
       10.475833333333334,
       47.43222222222222
      ],
      [
       10.438611111111111,
       47.41361111111111
      ],
      [
       10.429886111111111,
       47.394280555555554
      ],
      [
       10.429166666666667,
       47.39111111111111
      ],
      [
       10.436944444444444,
       47.38027777777778
      ],
      [
       10.4,
       47.3775
      ],
      [
       10.3775,
       47.3525
      ],
      [
       10.330277777777777,
       47.304722222222225
      ],
      [
       10.315277777777778,
       47.306666666666665
      ],
      [
       10.281666666666666,
       47.28777777777778
      ],
      [
       10.266111111111112,
       47.28805555555556
      ],
      [
       10.232222222222223,
       47.27055555555555
      ],
      [
       10.2225,
       47.27583333333333
      ],
      [
       10.2075,
       47.27527777777778
      ],
      [
       10.174166666666666,
       47.27027777777778
      ],
      [
       10.175,
       47.28888888888889
      ],
      [
       10.215833333333332,
       47.31111111111111
      ],
      [
       10.201666666666666,
       47.32472222222222
      ],
      [
       10.206669444444444,
       47.335883333333335
      ],
      [
       10.237222222222222,
       47.37361111111111
      ],
      [
       10.228333333333333,
       47.38861111111111
      ],
      [
       10.2125,
       47.38027777777778
      ],
      [
       10.185555555555556,
       47.39055555555556
      ],
      [
       10.169444444444444,
       47.38583333333333
      ],
      [
       10.169444444444444,
       47.37138888888889
      ],
      [
       10.138055555555555,
       47.367777777777775
      ],
      [
       10.119444444444444,
       47.37555555555556
      ],
      [
       10.099722222222223,
       47.35472222222222
      ],
      [
       10.073888888888888,
       47.414722222222224
      ],
      [
       10.105555555555556,
       47.42861111111111
      ],
      [
       10.043055555555556,
       47.48777777777778
      ],
      [
       10.001666666666667,
       47.481944444444444
      ],
      [
       9.9875,
       47.49861111111111
      ],
      [
       9.995555555555555,
       47.50277777777778
      ],
      [
       9.983247222222221,
       47.510475
      ],
      [
       9.967447222222223,
       47.51935
      ],
      [
       9.964722222222223,
       47.53527777777778
      ],
      [
       9.971111111111112,
       47.54416666666667
      ],
      [
       9.968055555555555,
       47.54638888888889
      ],
      [
       9.960277777777778,
       47.541666666666664
      ],
      [
       9.9625,
       47.534444444444446
      ],
      [
       9.94361111111111,
       47.53722222222222
      ],
      [
       9.913333333333334,
       47.53277777777778
      ],
      [
       9.908611111111112,
       47.54083333333333
      ],
      [
       9.880277777777778,
       47.547777777777775
      ],
      [
       9.874722222222223,
       47.528888888888886
      ],
      [
       9.81611111111111,
       47.547777777777775
      ],
      [
       9.824166666666667,
       47.58694444444444
      ],
      [
       9.800277777777778,
       47.596111111111114
      ],
      [
       9.795555555555556,
       47.59361111111111
      ],
      [
       9.776111111111112,
       47.59444444444444
      ],
      [
       9.756388888888889,
       47.57972222222222
      ],
      [
       9.735,
       47.545833333333334
      ],
      [
       9.736666666666666,
       47.53472222222222
      ],
      [
       9.728055555555555,
       47.533452777777775
      ],
      [
       9.563611111111111,
       47.53916666666667
      ],
      [
       9.455833333333333,
       47.5875
      ],
      [
       9.301666666666666,
       47.644444444444446
      ],
      [
       9.233333333333333,
       47.656666666666666
      ],
      [
       9.233333333333333,
       47.65833333333333
      ],
      [
       9.233333333333333,
       47.791666666666664
      ],
      [
       9.55,
       47.8
      ],
      [
       9.55,
       48.52777777777778
      ],
      [
       9.624444444444444,
       48.62138888888889
      ],
      [
       9.776388888888889,
       48.81055555555555
      ],
      [
       10.096944444444444,
       48.94861111111111
      ],
      [
       10.479166666666666,
       49.111111111111114
      ],
      [
       10.587777777777777,
       49.17861111111111
      ],
      [
       10.966666666666667,
       49.44166666666667
      ],
      [
       10.280555555555555,
       50.19722222222222
      ],
      [
       10.702777777777778,
       50.6575
      ],
      [
       10.492777777777778,
       51.333333333333336
      ],
      [
       10.3875,
       51.333888888888886
      ],
      [
       10.7,
       51.56666666666667
      ],
      [
       11.208333333333334,
       51.84111111111111
      ],
      [
       12.0,
       51.906666666666666
      ]
     ]
    ]
   }
  },
  {
   "type": "Feature",
   "properties": {
    "id": "EDUU",
    "indicator": "U",
    "name": "RHEIN",
    "cycle": "2606"
   },
   "geometry": {
    "type": "Polygon",
    "coordinates": [
     [
      [
       14.358333333333333,
       54.91684166666667
      ],
      [
       14.254722222222222,
       54.12722222222222
      ],
      [
       14.20138888888889,
       54.12611111111111
      ],
      [
       14.242222222222223,
       53.98777777777778
      ],
      [
       14.226111111111111,
       53.92777777777778
      ],
      [
       14.216666666666667,
       53.922222222222224
      ],
      [
       14.183333333333334,
       53.916666666666664
      ],
      [
       14.222222222222221,
       53.875
      ],
      [
       14.255555555555556,
       53.81111111111111
      ],
      [
       14.283333333333333,
       53.78333333333333
      ],
      [
       14.280555555555555,
       53.68472222222222
      ],
      [
       14.355555555555556,
       53.483333333333334
      ],
      [
       14.416666666666666,
       53.30555555555556
      ],
      [
       14.45,
       53.266666666666666
      ],
      [
       14.366666666666667,
       53.18333333333333
      ],
      [
       14.35,
       53.05
      ],
      [
       14.15,
       52.96666666666667
      ],
      [
       14.133333333333333,
       52.833333333333336
      ],
      [
       14.65,
       52.583333333333336
      ],
      [
       14.616666666666667,
       52.46666666666667
      ],
      [
       14.533333333333333,
       52.4
      ],
      [
       14.583333333333334,
       52.28333333333333
      ],
      [
       14.7,
       52.25
      ],
      [
       14.683333333333334,
       52.1
      ],
      [
       14.766666666666667,
       52.06666666666667
      ],
      [
       14.714166666666667,
       51.94277777777778
      ],
      [
       14.608333333333333,
       51.85
      ],
      [
       14.683333333333334,
       51.71666666666667
      ],
      [
       14.707394444444445,
       51.69725555555556
      ],
      [
       14.755555555555556,
       51.65833333333333
      ],
      [
       14.766666666666667,
       51.63333333333333
      ],
      [
       14.716666666666667,
       51.55
      ],
      [
       14.83611111111111,
       51.5
      ],
      [
       14.966666666666667,
       51.46666666666667
      ],
      [
       14.95861111111111,
       51.41111111111111
      ],
      [
       14.97,
       51.4
      ],
      [
       15.05,
       51.28333333333333
      ],
      [
       14.983333333333333,
       51.11666666666667
      ],
      [
       14.894444444444444,
       50.95
      ],
      [
       14.833333333333334,
       50.86666666666667
      ],
      [
       14.8,
       50.81666666666667
      ],
      [
       14.633333333333333,
       50.85
      ],
      [
       14.65,
       50.93333333333333
      ],
      [
       14.566666666666666,
       50.916666666666664
      ],
      [
       14.598333333333333,
       50.98111111111111
      ],
      [
       14.46861111111111,
       51.02916666666667
      ],
      [
       14.385833333333334,
       51.036944444444444
      ],
      [
       14.3075,
       51.051944444444445
      ],
      [
       14.257222222222222,
       50.983333333333334
      ],
      [
       14.40611111111111,
       50.91444444444444
      ],
      [
       14.393611111111111,
       50.891666666666666
      ],
      [
       14.313611111111111,
       50.88194444444444
      ],
      [
       14.230555555555556,
       50.888888888888886
      ],
      [
       14.233333333333333,
       50.86527777777778
      ],
      [
       14.0,
       50.80277777777778
      ],
      [
       13.983333333333333,
       50.814166666666665
      ],
      [
       13.898333333333333,
       50.7875
      ],
      [
       13.79861111111111,
       50.73416666666667
      ],
      [
       13.635277777777778,
       50.72083333333333
      ],
      [
       13.529166666666667,
       50.7
      ],
      [
       13.518333333333333,
       50.64111111111111
      ],
      [
       13.461388888888889,
       50.59916666666667
      ],
      [
       13.383333333333333,
       50.638333333333335
      ],
      [
       13.322777777777778,
       50.57944444444445
      ],
      [
       13.28138888888889,
       50.5725
      ],
      [
       13.251944444444444,
       50.589166666666664
      ],
      [
       13.191944444444445,
       50.501666666666665
      ],
      [
       13.035277777777777,
       50.5
      ],
      [
       13.015277777777778,
       50.44
      ],
      [
       12.951255555555555,
       50.40801666666667
      ],
      [
       12.816666666666666,
       50.45166666666667
      ],
      [
       12.766666666666667,
       50.44277777777778
      ],
      [
       12.7,
       50.39277777777778
      ],
      [
       12.668611111111112,
       50.409444444444446
      ],
      [
       12.515277777777778,
       50.39277777777778
      ],
      [
       12.43138888888889,
       50.32833333333333
      ],
      [
       12.374166666666667,
       50.286944444444444
      ],
      [
       12.323333333333334,
       50.236666666666665
      ],
      [
       12.321944444444444,
       50.166666666666664
      ],
      [
       12.286666666666667,
       50.184444444444445
      ],
      [
       12.286666666666667,
       50.215
      ],
      [
       12.25611111111111,
       50.27194444444444
      ],
      [
       12.183333333333334,
       50.31666666666667
      ],
      [
       12.104444444444445,
       50.31944444444444
      ],
      [
       12.122777777777777,
       50.305277777777775
      ],
      [
       12.138333333333334,
       50.266666666666666
      ],
      [
       12.1,
       50.25833333333333
      ],
      [
       12.09361111111111,
       50.25611111111111
      ],
      [
       12.09361111111111,
       50.24333333333333
      ],
      [
       12.153611111111111,
       50.21861111111111
      ],
      [
       12.178055555555556,
       50.215
      ],
      [
       12.179166666666667,
       50.209722222222226
      ],
      [
       12.205833333333333,
       50.16861111111111
      ],
      [
       12.195,
       50.13527777777778
      ],
      [
       12.213333333333333,
       50.09916666666667
      ],
      [
       12.265,
       50.07111111111111
      ],
      [
       12.313333333333333,
       50.055
      ],
      [
       12.260833333333334,
       50.051944444444445
      ],
      [
       12.323333333333334,
       50.03777777777778
      ],
      [
       12.352777777777778,
       50.02916666666667
      ],
      [
       12.433333333333334,
       49.98111111111111
      ],
      [
       12.469166666666666,
       49.98111111111111
      ],
      [
       12.493611111111111,
       49.97027777777778
      ],
      [
       12.475277777777778,
       49.941944444444445
      ],
      [
       12.544166666666667,
       49.908611111111114
      ],
      [
       12.502777777777778,
       49.833333333333336
      ],
      [
       12.478333333333333,
       49.833333333333336
      ],
      [
       12.474444444444444,
       49.78333333333333
      ],
      [
       12.45,
       49.77361111111111
      ],
      [
       12.401666666666667,
       49.759166666666665
      ],
      [
       12.456944444444444,
       49.7
      ],
      [
       12.453611111111112,
       49.69444444444444
      ],
      [
       12.52111111111111,
       49.67888888888889
      ],
      [
       12.520233333333334,
       49.62318333333333
      ],
      [
       12.568888888888889,
       49.61611111111111
      ],
      [
       12.5725,
       49.577777777777776
      ],
      [
       12.608333333333333,
       49.531666666666666
      ],
      [
       12.644166666666667,
       49.52194444444444
      ],
      [
       12.673055555555555,
       49.42861111111111
      ],
      [
       12.722222222222221,
       49.420833333333334
      ],
      [
       12.763333333333334,
       49.35611111111111
      ],
      [
       12.7975,
       49.343333333333334
      ],
      [
       12.850277777777778,
       49.344722222222224
      ],
      [
       12.904722222222222,
       49.32555555555555
      ],
      [
       12.904722222222222,
       49.34444444444444
      ],
      [
       12.978333333333333,
       49.333333333333336
      ],
      [
       13.03,
       49.291111111111114
      ],
      [
       13.115555555555556,
       49.21388888888889
      ],
      [
       13.180555555555555,
       49.166666666666664
      ],
      [
       13.1775,
       49.13027777777778
      ],
      [
       13.229444444444445,
       49.11083333333333
      ],
      [
       13.296111111111111,
       49.11472222222222
      ],
      [
       13.396944444444445,
       49.047777777777775
      ],
      [
       13.403333333333332,
       48.988055555555555
      ],
      [
       13.49388888888889,
       48.941944444444445
      ],
      [
       13.522222222222222,
       48.97416666666667
      ],
      [
       13.590833333333334,
       48.961666666666666
      ],
      [
       13.628333333333334,
       48.93
      ],
      [
       13.696944444444444,
       48.88
      ],
      [
       13.744444444444444,
       48.88
      ],
      [
       13.79,
       48.829166666666666
      ],
      [
       13.819166666666666,
       48.78777777777778
      ],
      [
       13.838888888888889,
       48.76833333333333
      ],
      [
       13.839444444444444,
       48.76638888888889
      ],
      [
       13.835555555555555,
       48.7625
      ],
      [
       13.822777777777778,
       48.75666666666667
      ],
      [
       13.818333333333333,
       48.73138888888889
      ],
      [
       13.795555555555556,
       48.71527777777778
      ],
      [
       13.803055555555556,
       48.70805555555555
      ],
      [
       13.811388888888889,
       48.70861111111111
      ],
      [
       13.811111111111112,
       48.702777777777776
      ],
      [
       13.82,
       48.69916666666667
      ],
      [
       13.837222222222222,
       48.70055555555555
      ],
      [
       13.83361111111111,
       48.691944444444445
      ],
      [
       13.81638888888889,
       48.694722222222225
      ],
      [
       13.814166666666667,
       48.64972222222222
      ],
      [
       13.823611111111111,
       48.6425
      ],
      [
       13.825,
       48.61972222222222
      ],
      [
       13.803611111111111,
       48.59861111111111
      ],
      [
       13.807222222222222,
       48.58444444444444
      ],
      [
       13.800833333333333,
       48.57361111111111
      ],
      [
       13.790277777777778,
       48.57194444444445
      ],
      [
       13.769722222222223,
       48.553333333333335
      ],
      [
       13.76,
       48.565555555555555
      ],
      [
       13.726944444444445,
       48.51305555555555
      ],
      [
       13.595833333333333,
       48.570277777777775
      ],
      [
       13.578888888888889,
       48.55916666666667
      ],
      [
       13.512977777777778,
       48.59079722222222
      ],
      [
       13.501716666666667,
       48.58088333333333
      ],
      [
       13.506944444444445,
       48.57694444444444
      ],
      [
       13.485,
       48.56166666666667
      ],
      [
       13.481911111111112,
       48.563433333333336
      ],
      [
       13.47888888888889,
       48.56472222222222
      ],
      [
       13.474444444444444,
       48.5625
      ],
      [
       13.474908333333333,
       48.55725833333333
      ],
      [
       13.472969444444445,
       48.55555
      ],
      [
       13.463888888888889,
       48.55416666666667
      ],
      [
       13.45,
       48.56388888888889
      ],
      [
       13.436944444444444,
       48.55583333333333
      ],
      [
       13.450544444444445,
       48.53576388888889
      ],
      [
       13.445,
       48.52722222222222
      ],
      [
       13.458055555555555,
       48.51222222222222
      ],
      [
       13.426666666666666,
       48.45527777777778
      ],
      [
       13.4375,
       48.44027777777778
      ],
      [
       13.4175,
       48.38388888888889
      ],
      [
       13.321388888888889,
       48.31916666666667
      ],
      [
       13.260833333333334,
       48.295
      ],
      [
       13.172852777777777,
       48.29312222222222
      ],
      [
       13.166383333333334,
       48.29151944444445
      ],
      [
       13.0485,
       48.26401388888889
      ],
      [
       12.955555555555556,
       48.208888888888886
      ],
      [
       12.872777777777777,
       48.202222222222225
      ],
      [
       12.846166666666667,
       48.166272222222226
      ],
      [
       12.799166666666666,
       48.14694444444444
      ],
      [
       12.786944444444444,
       48.12361111111111
      ],
      [
       12.760555555555555,
       48.12777777777778
      ],
      [
       12.75,
       48.11138888888889
      ],
      [
       12.755833333333333,
       48.080555555555556
      ],
      [
       12.845,
       48.02027777777778
      ],
      [
       12.856388888888889,
       48.00888888888889
      ],
      [
       12.869722222222222,
       47.967777777777776
      ],
      [
       12.9,
       47.958333333333336
      ],
      [
       12.899166666666666,
       47.95805555555555
      ],
      [
       12.934166666666666,
       47.940555555555555
      ],
      [
       13.004166666666666,
       47.846944444444446
      ],
      [
       12.933333333333334,
       47.77611111111111
      ],
      [
       12.932777777777778,
       47.775555555555556
      ],
      [
       12.928888888888888,
       47.76972222222222
      ],
      [
       12.942222222222222,
       47.77111111111111
      ],
      [
       12.944722222222222,
       47.76444444444444
      ],
      [
       12.936163888888888,
       47.75073611111111
      ],
      [
       12.904444444444444,
       47.7275
      ],
      [
       12.925,
       47.710277777777776
      ],
      [
       12.991388888888888,
       47.70861111111111
      ],
      [
       13.012902777777779,
       47.72238611111111
      ],
      [
       13.042777777777777,
       47.71388888888889
      ],
      [
       13.060555555555556,
       47.6975
      ],
      [
       13.080744444444445,
       47.68703333333333
      ],
      [
       13.076944444444445,
       47.670833333333334
      ],
      [
       13.098888888888888,
       47.63527777777778
      ],
      [
       13.069427777777777,
       47.604794444444444
      ],
      [
       13.062777777777777,
       47.60138888888889
      ],
      [
       13.071944444444444,
       47.58833333333333
      ],
      [
       13.043611111111112,
       47.583333333333336
      ],
      [
       13.046388888888888,
       47.568888888888885
      ],
      [
       13.0575,
       47.562222222222225
      ],
      [
       13.030833333333334,
       47.5325
      ],
      [
       13.046111111111111,
       47.52388888888889
      ],
      [
       13.0475,
       47.492222222222225
      ],
      [
       13.027222222222223,
       47.48694444444445
      ],
      [
       13.006388888888889,
       47.464444444444446
      ],
      [
       13.000833333333333,
       47.46388888888889
      ],
      [
       12.994722222222222,
       47.478611111111114
      ],
      [
       12.975,
       47.485
      ],
      [
       12.971388888888889,
       47.474444444444444
      ],
      [
       12.940713888888888,
       47.48466388888889
      ],
      [
       12.911388888888888,
       47.49638888888889
      ],
      [
       12.884444444444444,
       47.51277777777778
      ],
      [
       12.885277777777778,
       47.51861111111111
      ],
      [
       12.856666666666667,
       47.52722222222222
      ],
      [
       12.850277777777778,
       47.54083333333333
      ],
      [
       12.803888888888888,
       47.55027777777778
      ],
      [
       12.779166666666667,
       47.579166666666666
      ],
      [
       12.795277777777779,
       47.593333333333334
      ],
      [
       12.79111111111111,
       47.598333333333336
      ],
      [
       12.800886111111112,
       47.605672222222225
      ],
      [
       12.813333333333333,
       47.61194444444445
      ],
      [
       12.822777777777778,
       47.609722222222224
      ],
      [
       12.824444444444444,
       47.61222222222222
      ],
      [
       12.817777777777778,
       47.61666666666667
      ],
      [
       12.780555555555555,
       47.632777777777775
      ],
      [
       12.758333333333333,
       47.65277777777778
      ],
      [
       12.777222222222223,
       47.66
      ],
      [
       12.784166666666666,
       47.67166666666667
      ],
      [
       12.78111111111111,
       47.67388888888889
      ],
      [
       12.772222222222222,
       47.66555555555556
      ],
      [
       12.766111111111112,
       47.66722222222222
      ],
      [
       12.757222222222222,
       47.66305555555556
      ],
      [
       12.750833333333333,
       47.67166666666667
      ],
      [
       12.731944444444444,
       47.679722222222225
      ],
      [
       12.71838611111111,
       47.67673055555556
      ],
      [
       12.695555555555556,
       47.68222222222222
      ],
      [
       12.666944444444445,
       47.68083333333333
      ],
      [
       12.651944444444444,
       47.67166666666667
      ],
      [
       12.604722222222222,
       47.67305555555556
      ],
      [
       12.575,
       47.632222222222225
      ],
      [
       12.536388888888888,
       47.63638888888889
      ],
      [
       12.512222222222222,
       47.625277777777775
      ],
      [
       12.465113888888888,
       47.64972777777778
      ],
      [
       12.453869444444445,
       47.6634
      ],
      [
       12.449247222222223,
       47.66950833333333
      ],
      [
       12.440555555555555,
       47.67388888888889
      ],
      [
       12.440066666666667,
       47.69521944444445
      ],
      [
       12.363611111111112,
       47.68388888888889
      ],
      [
       12.3375,
       47.69694444444445
      ],
      [
       12.255277777777778,
       47.67944444444444
      ],
      [
       12.241388888888888,
       47.69444444444444
      ],
      [
       12.26361111111111,
       47.735866666666666
      ],
      [
       12.256944444444445,
       47.74305555555556
      ],
      [
       12.249722222222223,
       47.74138888888889
      ],
      [
       12.226666666666667,
       47.71805555555556
      ],
      [
       12.1625,
       47.70111111111111
      ],
      [
       12.168252777777777,
       47.681022222222225
      ],
      [
       12.200077777777778,
       47.63738333333333
      ],
      [
       12.206944444444444,
       47.60888888888889
      ],
      [
       12.177222222222222,
       47.60138888888889
      ],
      [
       12.178888888888888,
       47.614444444444445
      ],
      [
       12.139722222222222,
       47.60527777777778
      ],
      [
       12.061158333333333,
       47.618811111111114
      ],
      [
       12.021944444444445,
       47.611111111111114
      ],
      [
       12.008611111111112,
       47.625
      ],
      [
       11.855,
       47.602222222222224
      ],
      [
       11.847222222222221,
       47.58222222222222
      ],
      [
       11.78111111111111,
       47.59111111111111
      ],
      [
       11.745277777777778,
       47.58777777777778
      ],
      [
       11.739136111111112,
       47.588116666666664
      ],
      [
       11.723333333333333,
       47.589166666666664
      ],
      [
       11.700277777777778,
       47.58888888888889
      ],
      [
       11.660277777777777,
       47.583888888888886
      ],
      [
       11.643305555555555,
       47.590525
      ],
      [
       11.636111111111111,
       47.59444444444444
      ],
      [
       11.6318,
       47.58765555555556
      ],
      [
       11.633611111111112,
       47.580555555555556
      ],
      [
       11.607333333333333,
       47.58155555555555
      ],
      [
       11.605316666666667,
       47.58023611111111
      ],
      [
       11.586944444444445,
       47.554722222222225
      ],
      [
       11.588055555555556,
       47.52527777777778
      ],
      [
       11.572222222222223,
       47.51444444444444
      ],
      [
       11.523141666666668,
       47.50986944444445
      ],
      [
       11.449722222222222,
       47.507222222222225
      ],
      [
       11.442222222222222,
       47.51777777777778
      ],
      [
       11.384166666666667,
       47.473055555555554
      ],
      [
       11.392777777777777,
       47.466388888888886
      ],
      [
       11.403055555555556,
       47.46722222222222
      ],
      [
       11.421388888888888,
       47.444722222222225
      ],
      [
       11.350277777777778,
       47.44777777777778
      ],
      [
       11.299375,
       47.430675
      ],
      [
       11.29111111111111,
       47.42722222222222
      ],
      [
       11.29,
       47.407222222222224
      ],
      [
       11.278333333333332,
       47.4
      ],
      [
       11.222222222222221,
       47.397222222222226
      ],
      [
       11.25361111111111,
       47.42777777777778
      ],
      [
       11.205555555555556,
       47.43388888888889
      ],
      [
       11.131944444444445,
       47.4125
      ],
      [
       11.115555555555556,
       47.39555555555555
      ],
      [
       11.033027777777777,
       47.39384722222222
      ],
      [
       10.970555555555556,
       47.40027777777778
      ],
      [
       10.970833333333333,
       47.41555555555556
      ],
      [
       10.984583333333333,
       47.42166388888889
      ],
      [
       10.983611111111111,
       47.43
      ],
      [
       10.928055555555556,
       47.471944444444446
      ],
      [
       10.938333333333333,
       47.48
      ],
      [
       10.91,
       47.48555555555556
      ],
      [
       10.883305555555555,
       47.479552777777776
      ],
      [
       10.87138888888889,
       47.48166666666667
      ],
      [
       10.869655555555555,
       47.48733611111111
      ],
      [
       10.870277777777778,
       47.49944444444444
      ],
      [
       10.908888888888889,
       47.51166666666666
      ],
      [
       10.890277777777778,
       47.53722222222222
      ],
      [
       10.812441666666667,
       47.520041666666664
      ],
      [
       10.777222222222223,
       47.513888888888886
      ],
      [
       10.758333333333333,
       47.534444444444446
      ],
      [
       10.694722222222222,
       47.54472222222222
      ],
      [
       10.69111111111111,
       47.55861111111111
      ],
      [
       10.626388888888888,
       47.56111111111111
      ],
      [
       10.598055555555556,
       47.569722222222225
      ],
      [
       10.573055555555555,
       47.533611111111114
      ],
      [
       10.55888888888889,
       47.53722222222222
      ],
      [
       10.536666666666667,
       47.53666666666667
      ],
      [
       10.524444444444445,
       47.53527777777778
      ],
      [
       10.488888888888889,
       47.540277777777774
      ],
      [
       10.472222222222221,
       47.55111111111111
      ],
      [
       10.460555555555555,
       47.5525
      ],
      [
       10.454444444444444,
       47.55583333333333
      ],
      [
       10.481944444444444,
       47.58444444444444
      ],
      [
       10.436666666666667,
       47.583888888888886
      ],
      [
       10.429166666666667,
       47.5775
      ],
      [
       10.45111111111111,
       47.554722222222225
      ],
      [
       10.431111111111111,
       47.50361111111111
      ],
      [
       10.440555555555555,
       47.48638888888889
      ],
      [
       10.468055555555555,
       47.47694444444444
      ],
      [
       10.475833333333334,
       47.43222222222222
      ],
      [
       10.438611111111111,
       47.41361111111111
      ],
      [
       10.429886111111111,
       47.394280555555554
      ],
      [
       10.429166666666667,
       47.39111111111111
      ],
      [
       10.436944444444444,
       47.38027777777778
      ],
      [
       10.4,
       47.3775
      ],
      [
       10.3775,
       47.3525
      ],
      [
       10.330277777777777,
       47.304722222222225
      ],
      [
       10.315277777777778,
       47.306666666666665
      ],
      [
       10.281666666666666,
       47.28777777777778
      ],
      [
       10.266111111111112,
       47.28805555555556
      ],
      [
       10.232222222222223,
       47.27055555555555
      ],
      [
       10.2225,
       47.27583333333333
      ],
      [
       10.2075,
       47.27527777777778
      ],
      [
       10.174166666666666,
       47.27027777777778
      ],
      [
       10.175,
       47.28888888888889
      ],
      [
       10.215833333333332,
       47.31111111111111
      ],
      [
       10.201666666666666,
       47.32472222222222
      ],
      [
       10.206669444444444,
       47.335883333333335
      ],
      [
       10.237222222222222,
       47.37361111111111
      ],
      [
       10.228333333333333,
       47.38861111111111
      ],
      [
       10.2125,
       47.38027777777778
      ],
      [
       10.185555555555556,
       47.39055555555556
      ],
      [
       10.169444444444444,
       47.38583333333333
      ],
      [
       10.169444444444444,
       47.37138888888889
      ],
      [
       10.138055555555555,
       47.367777777777775
      ],
      [
       10.119444444444444,
       47.37555555555556
      ],
      [
       10.099722222222223,
       47.35472222222222
      ],
      [
       10.073888888888888,
       47.414722222222224
      ],
      [
       10.105555555555556,
       47.42861111111111
      ],
      [
       10.043055555555556,
       47.48777777777778
      ],
      [
       10.001666666666667,
       47.481944444444444
      ],
      [
       9.9875,
       47.49861111111111
      ],
      [
       9.995555555555555,
       47.50277777777778
      ],
      [
       9.983247222222221,
       47.510475
      ],
      [
       9.967447222222223,
       47.51935
      ],
      [
       9.964722222222223,
       47.53527777777778
      ],
      [
       9.971111111111112,
       47.54416666666667
      ],
      [
       9.968055555555555,
       47.54638888888889
      ],
      [
       9.960277777777778,
       47.541666666666664
      ],
      [
       9.9625,
       47.534444444444446
      ],
      [
       9.94361111111111,
       47.53722222222222
      ],
      [
       9.913333333333334,
       47.53277777777778
      ],
      [
       9.908611111111112,
       47.54083333333333
      ],
      [
       9.880277777777778,
       47.547777777777775
      ],
      [
       9.874722222222223,
       47.528888888888886
      ],
      [
       9.81611111111111,
       47.547777777777775
      ],
      [
       9.824166666666667,
       47.58694444444444
      ],
      [
       9.800277777777778,
       47.596111111111114
      ],
      [
       9.795555555555556,
       47.59361111111111
      ],
      [
       9.776111111111112,
       47.59444444444444
      ],
      [
       9.756388888888889,
       47.57972222222222
      ],
      [
       9.735,
       47.545833333333334
      ],
      [
       9.736666666666666,
       47.53472222222222
      ],
      [
       9.728055555555555,
       47.533452777777775
      ],
      [
       9.563611111111111,
       47.53916666666667
      ],
      [
       9.455833333333333,
       47.5875
      ],
      [
       9.301666666666666,
       47.644444444444446
      ],
      [
       9.233333333333333,
       47.656666666666666
      ],
      [
       9.233333333333333,
       47.65833333333333
      ],
      [
       9.233333333333333,
       47.791666666666664
      ],
      [
       8.866666666666667,
       47.78333333333333
      ],
      [
       8.85,
       47.88333333333333
      ],
      [
       7.686944444444444,
       47.5675
      ],
      [
       7.689722222222223,
       47.57138888888889
      ],
      [
       7.683611111111111,
       47.57388888888889
      ],
      [
       7.683888888888889,
       47.57666666666667
      ],
      [
       7.6819444444444445,
       47.5775
      ],
      [
       7.680833333333333,
       47.58277777777778
      ],
      [
       7.6722222222222225,
       47.585277777777776
      ],
      [
       7.675277777777778,
       47.591944444444444
      ],
      [
       7.645555555555555,
       47.596944444444446
      ],
      [
       7.641666666666667,
       47.594166666666666
      ],
      [
       7.643055555555556,
       47.591388888888886
      ],
      [
       7.619166666666667,
       47.57694444444444
      ],
      [
       7.605,
       47.577777777777776
      ],
      [
       7.604722222222222,
       47.585
      ],
      [
       7.589166666666666,
       47.59
      ],
      [
       7.5925,
       47.602222222222224
      ],
      [
       7.573888888888889,
       47.61611111111111
      ],
      [
       7.567222222222222,
       47.63194444444444
      ],
      [
       7.530277777777778,
       47.655833333333334
      ],
      [
       7.5119444444444445,
       47.69777777777778
      ],
      [
       7.541111111111111,
       47.719166666666666
      ],
      [
       7.548333333333334,
       47.73972222222222
      ],
      [
       7.533333333333333,
       47.766666666666666
      ],
      [
       7.531944444444444,
       47.76833333333333
      ],
      [
       7.530833333333334,
       47.771388888888886
      ],
      [
       7.546111111111111,
       47.81444444444445
      ],
      [
       7.555555555555555,
       47.83083333333333
      ],
      [
       7.560277777777777,
       47.836666666666666
      ],
      [
       7.5600000000000005,
       47.85916666666667
      ],
      [
       7.557777777777778,
       47.881388888888885
      ],
      [
       7.580277777777778,
       47.89472222222222
      ],
      [
       7.585,
       47.93333333333333
      ],
      [
       7.588888888888889,
       47.93611111111111
      ],
      [
       7.595833333333333,
       47.94361111111111
      ],
      [
       7.621944444444445,
       47.971944444444446
      ],
      [
       7.617222222222222,
       47.98777777777778
      ],
      [
       7.5905555555555555,
       48.015
      ],
      [
       7.579166666666667,
       48.02444444444444
      ],
      [
       7.569444444444445,
       48.08138888888889
      ],
      [
       7.57,
       48.08305555555555
      ],
      [
       7.601944444444444,
       48.159444444444446
      ],
      [
       7.661666666666667,
       48.21722222222222
      ],
      [
       7.6975,
       48.306666666666665
      ],
      [
       7.744722222222222,
       48.32861111111111
      ],
      [
       7.737777777777778,
       48.36361111111111
      ],
      [
       7.7325,
       48.394444444444446
      ],
      [
       7.766111111111111,
       48.45944444444444
      ],
      [
       7.767222222222222,
       48.48888888888889
      ],
      [
       7.799444444444444,
       48.50611111111111
      ],
      [
       7.806666666666667,
       48.52027777777778
      ],
      [
       7.801944444444445,
       48.573055555555555
      ],
      [
       7.804444444444444,
       48.5925
      ],
      [
       7.823333333333333,
       48.611666666666665
      ],
      [
       7.84,
       48.64194444444445
      ],
      [
       7.873888888888889,
       48.65555555555556
      ],
      [
       7.874722222222222,
       48.655833333333334
      ],
      [
       7.876666666666667,
       48.656666666666666
      ],
      [
       7.893888888888889,
       48.665277777777774
      ],
      [
       7.910833333333334,
       48.67916666666667
      ],
      [
       7.959722222222222,
       48.71861111111111
      ],
      [
       7.970833333333333,
       48.7575
      ],
      [
       8.011666666666667,
       48.76
      ],
      [
       8.036111111111111,
       48.789722222222224
      ],
      [
       8.075555555555555,
       48.794444444444444
      ],
      [
       8.091666666666667,
       48.806111111111115
      ],
      [
       8.10388888888889,
       48.820277777777775
      ],
      [
       8.113333333333333,
       48.84861111111111
      ],
      [
       8.126111111111111,
       48.87305555555555
      ],
      [
       8.160555555555556,
       48.916111111111114
      ],
      [
       8.203055555555556,
       48.959722222222226
      ],
      [
       8.231944444444444,
       48.96611111111111
      ],
      [
       8.22861111111111,
       48.97027777777778
      ],
      [
       8.228333333333333,
       48.971111111111114
      ],
      [
       8.225555555555555,
       48.975
      ],
      [
       8.215555555555556,
       48.97527777777778
      ],
      [
       8.199444444444444,
       48.966944444444444
      ],
      [
       8.195555555555556,
       48.96888888888889
      ],
      [
       8.196111111111112,
       48.97638888888889
      ],
      [
       8.178055555555556,
       48.978611111111114
      ],
      [
       8.14,
       48.97833333333333
      ],
      [
       8.066666666666666,
       49.0
      ],
      [
       8.051388888888889,
       49.01305555555555
      ],
      [
       7.985277777777778,
       49.026666666666664
      ],
      [
       7.935555555555555,
       49.05777777777778
      ],
      [
       7.913055555555555,
       49.040277777777774
      ],
      [
       7.910833333333334,
       49.04527777777778
      ],
      [
       7.901666666666666,
       49.04472222222222
      ],
      [
       7.889166666666666,
       49.049166666666665
      ],
      [
       7.868055555555555,
       49.03333333333333
      ],
      [
       7.835277777777778,
       49.047222222222224
      ],
      [
       7.796111111111111,
       49.06527777777778
      ],
      [
       7.769722222222223,
       49.047777777777775
      ],
      [
       7.732222222222222,
       49.044444444444444
      ],
      [
       7.731944444444444,
       49.05555555555556
      ],
      [
       7.697777777777778,
       49.056111111111115
      ],
      [
       7.676666666666667,
       49.04555555555555
      ],
      [
       7.631666666666667,
       49.055
      ],
      [
       7.63,
       49.07361111111111
      ],
      [
       7.620277777777778,
       49.07416666666666
      ],
      [
       7.608055555555556,
       49.08
      ],
      [
       7.6,
       49.083333333333336
      ],
      [
       7.570555555555556,
       49.08
      ],
      [
       7.561111111111111,
       49.08138888888889
      ],
      [
       7.529166666666667,
       49.09722222222222
      ],
      [
       7.529444444444445,
       49.10166666666667
      ],
      [
       7.501388888888889,
       49.12888888888889
      ],
      [
       7.489722222222222,
       49.13638888888889
      ],
      [
       7.506111111111111,
       49.15027777777778
      ],
      [
       7.493333333333333,
       49.166666666666664
      ],
      [
       7.494166666666667,
       49.16972222222222
      ],
      [
       7.472222222222222,
       49.16861111111111
      ],
      [
       7.459722222222222,
       49.16277777777778
      ],
      [
       7.451666666666667,
       49.1675
      ],
      [
       7.4325,
       49.16583333333333
      ],
      [
       7.445555555555556,
       49.18416666666667
      ],
      [
       7.365555555555556,
       49.17194444444444
      ],
      [
       7.3625,
       49.14333333333333
      ],
      [
       7.352777777777778,
       49.14333333333333
      ],
      [
       7.33,
       49.145
      ],
      [
       7.3125,
       49.134166666666665
      ],
      [
       7.293888888888889,
       49.115
      ],
      [
       7.245277777777778,
       49.12972222222222
      ],
      [
       7.208611111111111,
       49.124722222222225
      ],
      [
       7.200277777777778,
       49.11666666666667
      ],
      [
       7.197777777777778,
       49.11666666666667
      ],
      [
       7.186388888888889,
       49.13027777777778
      ],
      [
       7.165277777777778,
       49.12861111111111
      ],
      [
       7.159166666666667,
       49.120555555555555
      ],
      [
       7.150555555555556,
       49.125
      ],
      [
       7.149444444444445,
       49.125277777777775
      ],
      [
       7.135833333333333,
       49.12833333333333
      ],
      [
       7.126388888888889,
       49.14222222222222
      ],
      [
       7.104166666666667,
       49.13861111111111
      ],
      [
       7.104444444444445,
       49.155833333333334
      ],
      [
       7.080277777777778,
       49.149166666666666
      ],
      [
       7.09,
       49.132777777777775
      ],
      [
       7.068333333333333,
       49.11666666666667
      ],
      [
       7.057777777777778,
       49.11194444444445
      ],
      [
       7.046666666666667,
       49.11666666666667
      ],
      [
       7.032777777777778,
       49.16277777777778
      ],
      [
       7.035,
       49.19138888888889
      ],
      [
       7.0136111111111115,
       49.18861111111111
      ],
      [
       6.972777777777778,
       49.20944444444444
      ],
      [
       6.959722222222222,
       49.20305555555556
      ],
      [
       6.9399999999999995,
       49.21666666666667
      ],
      [
       6.9383333333333335,
       49.2225
      ],
      [
       6.931111111111111,
       49.22222222222222
      ],
      [
       6.925277777777778,
       49.223333333333336
      ],
      [
       6.892777777777778,
       49.208888888888886
      ],
      [
       6.8725000000000005,
       49.21472222222222
      ],
      [
       6.870555555555556,
       49.21861111111111
      ],
      [
       6.858888888888889,
       49.22277777777778
      ],
      [
       6.836111111111111,
       49.21138888888889
      ],
      [
       6.861666666666666,
       49.181666666666665
      ],
      [
       6.858611111111111,
       49.175
      ],
      [
       6.844166666666666,
       49.17305555555556
      ],
      [
       6.8475,
       49.157222222222224
      ],
      [
       6.845277777777778,
       49.15611111111111
      ],
      [
       6.835277777777778,
       49.151666666666664
      ],
      [
       6.833888888888889,
       49.15111111111111
      ],
      [
       6.82,
       49.15611111111111
      ],
      [
       6.789722222222222,
       49.166111111111114
      ],
      [
       6.780277777777778,
       49.16833333333334
      ],
      [
       6.760555555555555,
       49.164722222222224
      ],
      [
       6.751388888888889,
       49.166666666666664
      ],
      [
       6.746388888888889,
       49.16583333333333
      ],
      [
       6.738333333333333,
       49.16361111111111
      ],
      [
       6.720555555555555,
       49.17527777777778
      ],
      [
       6.711388888888889,
       49.18833333333333
      ],
      [
       6.723888888888888,
       49.19916666666666
      ],
      [
       6.731388888888889,
       49.20611111111111
      ],
      [
       6.721111111111111,
       49.220555555555556
      ],
      [
       6.711111111111111,
       49.21805555555556
      ],
      [
       6.533333333333333,
       49.745
      ],
      [
       6.533333333333333,
       49.80555555555556
      ],
      [
       6.525,
       49.87777777777778
      ],
      [
       6.650833333333333,
       50.27444444444444
      ],
      [
       6.815277777777778,
       50.505833333333335
      ],
      [
       7.0,
       50.583333333333336
      ],
      [
       7.666111111111111,
       50.7
      ],
      [
       7.648888888888889,
       50.75222222222222
      ],
      [
       8.247222222222222,
       50.98111111111111
      ],
      [
       8.586666666666666,
       51.10861111111111
      ],
      [
       8.741944444444444,
       51.16638888888889
      ],
      [
       8.817777777777778,
       51.19638888888889
      ],
      [
       9.166666666666666,
       51.333333333333336
      ],
      [
       9.517222222222223,
       51.333333333333336
      ],
      [
       9.936111111111112,
       51.333333333333336
      ],
      [
       10.7,
       51.56666666666667
      ],
      [
       11.145833333333334,
       51.75833333333333
      ],
      [
       11.070277777777777,
       52.37361111111111
      ],
      [
       11.258333333333333,
       54.13333333333333
      ],
      [
       12.0,
       54.45
      ],
      [
       12.85,
       54.916666666666664
      ],
      [
       14.358333333333333,
       54.91684166666667
      ]
     ]
    ]
   }
  },
  {
   "type": "Feature",
   "properties": {
    "id": "EDVV",
    "indicator": "U",
    "name": "HANNOVER",
    "cycle": "2606"
   },
   "geometry": {
    "type": "Polygon",
    "coordinates": [
     [
      [
       8.391944444444444,
       55.06916666666667
      ],
      [
       8.473333333333333,
       55.055277777777775
      ],
      [
       8.65,
       54.916666666666664
      ],
      [
       9.0,
       54.9
      ],
      [
       9.316666666666666,
       54.81666666666667
      ],
      [
       9.380555555555556,
       54.82222222222222
      ],
      [
       9.516666666666667,
       54.85
      ],
      [
       9.616666666666667,
       54.88333333333333
      ],
      [
       9.729166666666666,
       54.82083333333333
      ],
      [
       9.833333333333334,
       54.81666666666667
      ],
      [
       10.053611111111111,
       54.765
      ],
      [
       10.166666666666666,
       54.74305555555556
      ],
      [
       10.333333333333334,
       54.7
      ],
      [
       10.5,
       54.65833333333333
      ],
      [
       10.666666666666666,
       54.65555555555556
      ],
      [
       10.833333333333334,
       54.65277777777778
      ],
      [
       11.0,
       54.644444444444446
      ],
      [
       11.166666666666666,
       54.602777777777774
      ],
      [
       11.333333333333334,
       54.55416666666667
      ],
      [
       11.5,
       54.5
      ],
      [
       11.666666666666666,
       54.46388888888889
      ],
      [
       11.833333333333334,
       54.44583333333333
      ],
      [
       12.0,
       54.45
      ],
      [
       11.258333333333333,
       54.13333333333333
      ],
      [
       11.070277777777777,
       52.37361111111111
      ],
      [
       11.145833333333334,
       51.75833333333333
      ],
      [
       10.7,
       51.56666666666667
      ],
      [
       9.936111111111112,
       51.333333333333336
      ],
      [
       9.517222222222223,
       51.333333333333336
      ],
      [
       9.166666666666666,
       51.333333333333336
      ],
      [
       8.817777777777778,
       51.19638888888889
      ],
      [
       8.741944444444444,
       51.16638888888889
      ],
      [
       8.586666666666666,
       51.10861111111111
      ],
      [
       8.247222222222222,
       50.98111111111111
      ],
      [
       7.648888888888889,
       50.75222222222222
      ],
      [
       7.666111111111111,
       50.7
      ],
      [
       7.0,
       50.583333333333336
      ],
      [
       6.815277777777778,
       50.505833333333335
      ],
      [
       6.650833333333333,
       50.27444444444444
      ],
      [
       6.525,
       49.87777777777778
      ],
      [
       6.533333333333333,
       49.80555555555556
      ],
      [
       6.533333333333333,
       49.745
      ],
      [
       6.711111111111111,
       49.21805555555556
      ],
      [
       6.695833333333333,
       49.215
      ],
      [
       6.689722222222223,
       49.220555555555556
      ],
      [
       6.688888888888889,
       49.22277777777778
      ],
      [
       6.690833333333334,
       49.23
      ],
      [
       6.685833333333333,
       49.23972222222222
      ],
      [
       6.688055555555556,
       49.24944444444444
      ],
      [
       6.683888888888889,
       49.253055555555555
      ],
      [
       6.678055555555556,
       49.255
      ],
      [
       6.6755555555555555,
       49.2575
      ],
      [
       6.664722222222222,
       49.254444444444445
      ],
      [
       6.661388888888888,
       49.25861111111111
      ],
      [
       6.67,
       49.280277777777776
      ],
      [
       6.653333333333333,
       49.28111111111111
      ],
      [
       6.638888888888889,
       49.29555555555555
      ],
      [
       6.617222222222222,
       49.301944444444445
      ],
      [
       6.588888888888889,
       49.32222222222222
      ],
      [
       6.595555555555555,
       49.33
      ],
      [
       6.589444444444444,
       49.334722222222226
      ],
      [
       6.578333333333333,
       49.335
      ],
      [
       6.563611111111111,
       49.35583333333334
      ],
      [
       6.574166666666667,
       49.35888888888889
      ],
      [
       6.5872222222222225,
       49.34972222222222
      ],
      [
       6.5975,
       49.36083333333333
      ],
      [
       6.602222222222222,
       49.36694444444444
      ],
      [
       6.594444444444444,
       49.37138888888889
      ],
      [
       6.583055555555555,
       49.368611111111115
      ],
      [
       6.586111111111111,
       49.37916666666667
      ],
      [
       6.5875,
       49.38444444444445
      ],
      [
       6.5633333333333335,
       49.38805555555555
      ],
      [
       6.5408333333333335,
       49.40111111111111
      ],
      [
       6.538611111111111,
       49.4125
      ],
      [
       6.557222222222222,
       49.419444444444444
      ],
      [
       6.546388888888889,
       49.42861111111111
      ],
      [
       6.5344444444444445,
       49.43555555555555
      ],
      [
       6.499444444444444,
       49.45027777777778
      ],
      [
       6.486944444444444,
       49.451388888888886
      ],
      [
       6.4816666666666665,
       49.45472222222222
      ],
      [
       6.465,
       49.465833333333336
      ],
      [
       6.456111111111111,
       49.463055555555556
      ],
      [
       6.443333333333333,
       49.468333333333334
      ],
      [
       6.440555555555555,
       49.46666666666667
      ],
      [
       6.428055555555556,
       49.47694444444444
      ],
      [
       6.394722222222223,
       49.464444444444446
      ],
      [
       6.3675,
       49.46944444444444
      ],
      [
       6.367222222222222,
       49.46944444444444
      ],
      [
       6.368055555555555,
       49.504444444444445
      ],
      [
       6.354722222222223,
       49.53138888888889
      ],
      [
       6.385555555555555,
       49.55638888888889
      ],
      [
       6.357222222222222,
       49.571666666666665
      ],
      [
       6.4191666666666665,
       49.617222222222225
      ],
      [
       6.428055555555556,
       49.63472222222222
      ],
      [
       6.4286111111111115,
       49.635555555555555
      ],
      [
       6.438055555555556,
       49.64972222222222
      ],
      [
       6.426111111111111,
       49.665277777777774
      ],
      [
       6.506666666666667,
       49.713055555555556
      ],
      [
       6.506111111111111,
       49.78861111111111
      ],
      [
       6.5247222222222225,
       49.80027777777778
      ],
      [
       6.531944444444444,
       49.81
      ],
      [
       6.503611111111111,
       49.81
      ],
      [
       6.47,
       49.8225
      ],
      [
       6.454166666666667,
       49.81138888888889
      ],
      [
       6.400277777777778,
       49.820277777777775
      ],
      [
       6.365,
       49.85055555555556
      ],
      [
       6.32,
       49.842777777777776
      ],
      [
       6.314444444444445,
       49.864444444444445
      ],
      [
       6.2925,
       49.86972222222222
      ],
      [
       6.233333333333333,
       49.90027777777778
      ],
      [
       6.233611111111111,
       49.92027777777778
      ],
      [
       6.219444444444444,
       49.9225
      ],
      [
       6.2219444444444445,
       49.92666666666667
      ],
      [
       6.223611111111111,
       49.95
      ],
      [
       6.211388888888889,
       49.95027777777778
      ],
      [
       6.208611111111111,
       49.95472222222222
      ],
      [
       6.202222222222222,
       49.95388888888889
      ],
      [
       6.1975,
       49.94888888888889
      ],
      [
       6.1925,
       49.96805555555556
      ],
      [
       6.174722222222222,
       49.96222222222222
      ],
      [
       6.1725,
       49.98416666666667
      ],
      [
       6.141388888888889,
       49.99527777777778
      ],
      [
       6.145277777777777,
       50.02166666666667
      ],
      [
       6.116388888888889,
       50.074444444444445
      ],
      [
       6.1325,
       50.094722222222224
      ],
      [
       6.128611111111111,
       50.117777777777775
      ],
      [
       6.137777777777778,
       50.13
      ],
      [
       6.138055555555556,
       50.13472222222222
      ],
      [
       6.153333333333333,
       50.13611111111111
      ],
      [
       6.1530555555555555,
       50.15027777777778
      ],
      [
       6.140555555555555,
       50.14972222222222
      ],
      [
       6.1322222222222225,
       50.155277777777776
      ],
      [
       6.1475,
       50.158055555555556
      ],
      [
       6.142222222222222,
       50.16972222222222
      ],
      [
       6.186944444444444,
       50.178333333333335
      ],
      [
       6.1866666666666665,
       50.20583333333333
      ],
      [
       6.166944444444445,
       50.21944444444444
      ],
      [
       6.1738888888888885,
       50.23361111111111
      ],
      [
       6.196111111111112,
       50.23694444444445
      ],
      [
       6.205555555555556,
       50.25111111111111
      ],
      [
       6.233333333333333,
       50.26083333333333
      ],
      [
       6.276944444444444,
       50.26611111111111
      ],
      [
       6.291388888888889,
       50.2775
      ],
      [
       6.295833333333333,
       50.305
      ],
      [
       6.296111111111111,
       50.30888888888889
      ],
      [
       6.308888888888889,
       50.31055555555555
      ],
      [
       6.305555555555555,
       50.31777777777778
      ],
      [
       6.327222222222222,
       50.32472222222222
      ],
      [
       6.348611111111111,
       50.31472222222222
      ],
      [
       6.405555555555556,
       50.32333333333333
      ],
      [
       6.4075,
       50.33305555555555
      ],
      [
       6.407777777777778,
       50.333888888888886
      ],
      [
       6.408333333333333,
       50.336666666666666
      ],
      [
       6.400277777777778,
       50.33777777777778
      ],
      [
       6.400277777777778,
       50.34638888888889
      ],
      [
       6.3677777777777775,
       50.35944444444444
      ],
      [
       6.366388888888889,
       50.365
      ],
      [
       6.343055555555556,
       50.37972222222222
      ],
      [
       6.373888888888889,
       50.428333333333335
      ],
      [
       6.376111111111111,
       50.4325
      ],
      [
       6.376388888888889,
       50.43333333333333
      ],
      [
       6.374722222222222,
       50.45194444444444
      ],
      [
       6.339722222222222,
       50.4625
      ],
      [
       6.347222222222222,
       50.48888888888889
      ],
      [
       6.2747222222222225,
       50.50222222222222
      ],
      [
       6.226666666666667,
       50.49444444444445
      ],
      [
       6.208333333333333,
       50.51722222222222
      ],
      [
       6.206944444444445,
       50.52027777777778
      ],
      [
       6.2,
       50.521388888888886
      ],
      [
       6.192222222222222,
       50.520833333333336
      ],
      [
       6.1866666666666665,
       50.526666666666664
      ],
      [
       6.199166666666667,
       50.53638888888889
      ],
      [
       6.178055555555556,
       50.541666666666664
      ],
      [
       6.1786111111111115,
       50.55388888888889
      ],
      [
       6.174166666666666,
       50.55694444444445
      ],
      [
       6.225833333333333,
       50.59111111111111
      ],
      [
       6.240833333333334,
       50.58694444444444
      ],
      [
       6.246388888888889,
       50.59388888888889
      ],
      [
       6.248888888888889,
       50.6
      ],
      [
       6.2725,
       50.6275
      ],
      [
       6.235,
       50.62611111111111
      ],
      [
       6.2188888888888885,
       50.63166666666667
      ],
      [
       6.194166666666667,
       50.63388888888889
      ],
      [
       6.1819444444444445,
       50.62388888888889
      ],
      [
       6.177222222222222,
       50.62555555555556
      ],
      [
       6.182777777777778,
       50.63166666666667
      ],
      [
       6.166666666666667,
       50.64361111111111
      ],
      [
       6.1786111111111115,
       50.644444444444446
      ],
      [
       6.185,
       50.64833333333333
      ],
      [
       6.166111111111111,
       50.661944444444444
      ],
      [
       6.161666666666667,
       50.66972222222222
      ],
      [
       6.144166666666667,
       50.681666666666665
      ],
      [
       6.115277777777778,
       50.7225
      ],
      [
       6.073333333333333,
       50.72083333333333
      ],
      [
       6.0441666666666665,
       50.727222222222224
      ],
      [
       6.041388888888889,
       50.718333333333334
      ],
      [
       6.032777777777778,
       50.719722222222224
      ],
      [
       6.040555555555556,
       50.745555555555555
      ],
      [
       6.021111111111111,
       50.75416666666667
      ],
      [
       6.0210083333333335,
       50.75428888888889
      ],
      [
       6.0183333333333335,
       50.763333333333335
      ],
      [
       6.028333333333333,
       50.77388888888889
      ],
      [
       5.974722222222223,
       50.79833333333333
      ],
      [
       5.983055555555556,
       50.81166666666667
      ],
      [
       6.003333333333333,
       50.801944444444445
      ],
      [
       6.0247222222222225,
       50.81388888888889
      ],
      [
       6.018611111111111,
       50.84638888888889
      ],
      [
       6.047777777777778,
       50.853611111111114
      ],
      [
       6.0744444444444445,
       50.846666666666664
      ],
      [
       6.088055555555556,
       50.8725
      ],
      [
       6.0761111111111115,
       50.88944444444444
      ],
      [
       6.085277777777778,
       50.91166666666667
      ],
      [
       6.093333333333334,
       50.91861111111111
      ],
      [
       6.018055555555556,
       50.934444444444445
      ],
      [
       6.009722222222222,
       50.955
      ],
      [
       6.0280555555555555,
       50.98305555555555
      ],
      [
       5.960555555555556,
       50.983333333333334
      ],
      [
       5.955277777777778,
       50.98833333333333
      ],
      [
       5.897222222222222,
       50.975
      ],
      [
       5.905277777777778,
       51.00222222222222
      ],
      [
       5.884444444444444,
       51.013888888888886
      ],
      [
       5.877222222222223,
       51.033611111111114
      ],
      [
       5.866388888888888,
       51.05166666666667
      ],
      [
       5.892222222222222,
       51.05305555555555
      ],
      [
       5.913333333333333,
       51.066944444444445
      ],
      [
       5.938055555555556,
       51.03527777777778
      ],
      [
       5.9575,
       51.035
      ],
      [
       5.973888888888888,
       51.06305555555556
      ],
      [
       6.0633333333333335,
       51.117222222222225
      ],
      [
       6.175,
       51.158611111111114
      ],
      [
       6.138888888888889,
       51.17333333333333
      ],
      [
       6.180555555555555,
       51.18638888888889
      ],
      [
       6.165277777777778,
       51.19444444444444
      ],
      [
       6.073611111111111,
       51.168055555555554
      ],
      [
       6.0680555555555555,
       51.220555555555556
      ],
      [
       6.1627777777777775,
       51.32388888888889
      ],
      [
       6.164166666666667,
       51.32527777777778
      ],
      [
       6.216388888888889,
       51.35472222222222
      ],
      [
       6.226388888888889,
       51.360277777777775
      ],
      [
       6.215,
       51.389722222222225
      ],
      [
       6.2275,
       51.4
      ],
      [
       6.205277777777778,
       51.4
      ],
      [
       6.2186111111111115,
       51.44694444444445
      ],
      [
       6.2219444444444445,
       51.47805555555556
      ],
      [
       6.212777777777778,
       51.49138888888889
      ],
      [
       6.213055555555556,
       51.50972222222222
      ],
      [
       6.200277777777778,
       51.52722222222222
      ],
      [
       6.174166666666666,
       51.5425
      ],
      [
       6.1658333333333335,
       51.55416666666667
      ],
      [
       6.091388888888889,
       51.60583333333334
      ],
      [
       6.116388888888889,
       51.65138888888889
      ],
      [
       6.032222222222222,
       51.674166666666665
      ],
      [
       6.028611111111111,
       51.71111111111111
      ],
      [
       6.045,
       51.71666666666667
      ],
      [
       6.013888888888889,
       51.730555555555554
      ],
      [
       5.955277777777778,
       51.738055555555555
      ],
      [
       5.952222222222222,
       51.74916666666667
      ],
      [
       5.991666666666667,
       51.76777777777778
      ],
      [
       5.945,
       51.82333333333333
      ],
      [
       6.038333333333333,
       51.845
      ],
      [
       6.0616666666666665,
       51.86527777777778
      ],
      [
       6.168055555555555,
       51.84027777777778
      ],
      [
       6.166666666666667,
       51.861111111111114
      ],
      [
       6.104166666666667,
       51.89277777777778
      ],
      [
       6.157777777777778,
       51.90416666666667
      ],
      [
       6.4075,
       51.82833333333333
      ],
      [
       6.389722222222222,
       51.87277777777778
      ],
      [
       6.472777777777778,
       51.85388888888889
      ],
      [
       6.683611111111111,
       51.91722222222222
      ],
      [
       6.726388888888889,
       51.896388888888886
      ],
      [
       6.790555555555556,
       51.93361111111111
      ],
      [
       6.836388888888889,
       51.985277777777775
      ],
      [
       6.7411111111111115,
       52.03277777777778
      ],
      [
       6.688611111111111,
       52.04
      ],
      [
       6.691944444444444,
       52.07
      ],
      [
       6.748888888888889,
       52.076388888888886
      ],
      [
       6.761111111111111,
       52.11888888888889
      ],
      [
       6.852222222222222,
       52.11805555555556
      ],
      [
       6.905833333333334,
       52.17
      ],
      [
       6.905277777777778,
       52.17666666666667
      ],
      [
       6.951388888888889,
       52.18083333333333
      ],
      [
       6.986944444444444,
       52.22555555555556
      ],
      [
       7.039166666666667,
       52.2275
      ],
      [
       7.060555555555555,
       52.23444444444444
      ],
      [
       7.063055555555556,
       52.23722222222222
      ],
      [
       7.064444444444445,
       52.239444444444445
      ],
      [
       7.026388888888889,
       52.27166666666667
      ],
      [
       7.028888888888889,
       52.2825
      ],
      [
       7.025,
       52.28916666666667
      ],
      [
       7.043611111111111,
       52.31361111111111
      ],
      [
       7.055555555555555,
       52.33222222222222
      ],
      [
       7.056111111111111,
       52.338055555555556
      ],
      [
       7.0777777777777775,
       52.356944444444444
      ],
      [
       7.061111111111111,
       52.39333333333333
      ],
      [
       7.059166666666667,
       52.397222222222226
      ],
      [
       7.057777777777778,
       52.39972222222222
      ],
      [
       7.036111111111111,
       52.403055555555554
      ],
      [
       6.988611111111111,
       52.46888888888889
      ],
      [
       6.942777777777778,
       52.435833333333335
      ],
      [
       6.696944444444444,
       52.48555555555556
      ],
      [
       6.691944444444444,
       52.53861111111111
      ],
      [
       6.680833333333333,
       52.553333333333335
      ],
      [
       6.708888888888889,
       52.54944444444445
      ],
      [
       6.770277777777778,
       52.56305555555556
      ],
      [
       6.745,
       52.575
      ],
      [
       6.718055555555556,
       52.588055555555556
      ],
      [
       6.733333333333333,
       52.65027777777778
      ],
      [
       6.854166666666667,
       52.64944444444444
      ],
      [
       7.045,
       52.63361111111111
      ],
      [
       7.056111111111111,
       52.65694444444444
      ],
      [
       7.0575,
       52.66638888888889
      ],
      [
       7.059722222222222,
       52.68694444444444
      ],
      [
       7.063611111111111,
       52.71805555555556
      ],
      [
       7.070833333333334,
       52.79694444444444
      ],
      [
       7.086944444444445,
       52.84972222222222
      ],
      [
       7.181388888888889,
       52.94138888888889
      ],
      [
       7.1875,
       52.95444444444445
      ],
      [
       7.2155555555555555,
       53.00666666666667
      ],
      [
       7.199722222222222,
       53.08555555555556
      ],
      [
       7.202222222222222,
       53.10861111111111
      ],
      [
       7.203055555555555,
       53.11333333333334
      ],
      [
       7.182777777777778,
       53.121944444444445
      ],
      [
       7.204166666666667,
       53.17638888888889
      ],
      [
       7.2275,
       53.180277777777775
      ],
      [
       7.213333333333333,
       53.18638888888889
      ],
      [
       7.216944444444445,
       53.21333333333333
      ],
      [
       7.196944444444444,
       53.281666666666666
      ],
      [
       7.191666666666666,
       53.3
      ],
      [
       7.025,
       53.31666666666667
      ],
      [
       6.993611111111111,
       53.33638888888889
      ],
      [
       6.9494444444444445,
       53.39888888888889
      ],
      [
       6.863611111111111,
       53.474444444444444
      ],
      [
       6.816388888888889,
       53.49583333333333
      ],
      [
       6.741666666666667,
       53.50416666666667
      ],
      [
       6.6722222222222225,
       53.522777777777776
      ],
      [
       6.6066666666666665,
       53.56055555555555
      ],
      [
       6.5,
       53.666666666666664
      ],
      [
       6.5,
       55.0
      ],
      [
       8.0,
       55.0
      ],
      [
       8.333333333333334,
       55.06666666666667
      ],
      [
       8.391944444444444,
       55.06916666666667
      ]
     ]
    ]
   }
  },
  {
   "type": "Feature",
   "properties": {
    "id": "EDWW",
    "indicator": "F",
    "name": "BREMEN",
    "cycle": "2606"
   },
   "geometry": {
    "type": "Polygon",
    "coordinates": [
     [
      [
       8.391944444444444,
       55.06916666666667
      ],
      [
       8.473333333333333,
       55.055277777777775
      ],
      [
       8.65,
       54.916666666666664
      ],
      [
       9.0,
       54.9
      ],
      [
       9.316666666666666,
       54.81666666666667
      ],
      [
       9.380555555555556,
       54.82222222222222
      ],
      [
       9.516666666666667,
       54.85
      ],
      [
       9.616666666666667,
       54.88333333333333
      ],
      [
       9.729166666666666,
       54.82083333333333
      ],
      [
       9.833333333333334,
       54.81666666666667
      ],
      [
       10.053611111111111,
       54.765
      ],
      [
       10.166666666666666,
       54.74305555555556
      ],
      [
       10.333333333333334,
       54.7
      ],
      [
       10.5,
       54.65833333333333
      ],
      [
       10.666666666666666,
       54.65555555555556
      ],
      [
       10.833333333333334,
       54.65277777777778
      ],
      [
       11.0,
       54.644444444444446
      ],
      [
       11.166666666666666,
       54.602777777777774
      ],
      [
       11.333333333333334,
       54.55416666666667
      ],
      [
       11.5,
       54.5
      ],
      [
       11.666666666666666,
       54.46388888888889
      ],
      [
       11.833333333333334,
       54.44583333333333
      ],
      [
       12.0,
       54.45
      ],
      [
       12.85,
       54.916666666666664
      ],
      [
       14.358333333333333,
       54.91684166666667
      ],
      [
       14.254722222222222,
       54.12722222222222
      ],
      [
       14.20138888888889,
       54.12611111111111
      ],
      [
       14.242222222222223,
       53.98777777777778
      ],
      [
       14.226111111111111,
       53.92777777777778
      ],
      [
       14.216666666666667,
       53.922222222222224
      ],
      [
       14.183333333333334,
       53.916666666666664
      ],
      [
       14.222222222222221,
       53.875
      ],
      [
       14.255555555555556,
       53.81111111111111
      ],
      [
       14.283333333333333,
       53.78333333333333
      ],
      [
       14.280555555555555,
       53.68472222222222
      ],
      [
       14.355555555555556,
       53.483333333333334
      ],
      [
       14.416666666666666,
       53.30555555555556
      ],
      [
       14.45,
       53.266666666666666
      ],
      [
       14.366666666666667,
       53.18333333333333
      ],
      [
       14.35,
       53.05
      ],
      [
       14.15,
       52.96666666666667
      ],
      [
       14.133333333333333,
       52.833333333333336
      ],
      [
       14.65,
       52.583333333333336
      ],
      [
       14.616666666666667,
       52.46666666666667
      ],
      [
       14.533333333333333,
       52.4
      ],
      [
       14.583333333333334,
       52.28333333333333
      ],
      [
       14.7,
       52.25
      ],
      [
       14.683333333333334,
       52.1
      ],
      [
       14.766666666666667,
       52.06666666666667
      ],
      [
       14.714166666666667,
       51.94277777777778
      ],
      [
       14.608333333333333,
       51.85
      ],
      [
       14.683333333333334,
       51.71666666666667
      ],
      [
       14.707394444444445,
       51.69725555555556
      ],
      [
       13.75,
       51.50833333333333
      ],
      [
       13.1,
       51.50833333333333
      ],
      [
       12.640277777777778,
       51.625
      ],
      [
       12.201666666666666,
       51.87638888888889
      ],
      [
       12.0,
       51.906666666666666
      ],
      [
       11.208333333333334,
       51.84111111111111
      ],
      [
       10.7,
       51.56666666666667
      ],
      [
       10.3875,
       51.333888888888886
      ],
      [
       10.059444444444445,
       51.33361111111111
      ],
      [
       9.936111111111112,
       51.333333333333336
      ],
      [
       9.583333333333334,
       51.333333333333336
      ],
      [
       9.517222222222223,
       51.333333333333336
      ],
      [
       9.166666666666666,
       51.333333333333336
      ],
      [
       8.907777777777778,
       51.333333333333336
      ],
      [
       8.8975,
       51.41722222222222
      ],
      [
       8.866666666666667,
       51.666666666666664
      ],
      [
       8.866666666666667,
       51.88194444444444
      ],
      [
       8.866666666666667,
       51.9
      ],
      [
       8.7625,
       52.094166666666666
      ],
      [
       8.741388888888888,
       52.13333333333333
      ],
      [
       8.58611111111111,
       52.13027777777778
      ],
      [
       8.0,
       52.11666666666667
      ],
      [
       8.0,
       52.36972222222222
      ],
      [
       7.611111111111111,
       52.36055555555556
      ],
      [
       7.327222222222222,
       52.35333333333333
      ],
      [
       7.138888888888889,
       52.348055555555554
      ],
      [
       7.065277777777778,
       52.34583333333333
      ],
      [
       7.065022222222222,
       52.345825
      ],
      [
       7.0777777777777775,
       52.356944444444444
      ],
      [
       7.061111111111111,
       52.39333333333333
      ],
      [
       7.059166666666667,
       52.397222222222226
      ],
      [
       7.057777777777778,
       52.39972222222222
      ],
      [
       7.036111111111111,
       52.403055555555554
      ],
      [
       6.988611111111111,
       52.46888888888889
      ],
      [
       6.942777777777778,
       52.435833333333335
      ],
      [
       6.696944444444444,
       52.48555555555556
      ],
      [
       6.691944444444444,
       52.53861111111111
      ],
      [
       6.680833333333333,
       52.553333333333335
      ],
      [
       6.708888888888889,
       52.54944444444445
      ],
      [
       6.770277777777778,
       52.56305555555556
      ],
      [
       6.745,
       52.575
      ],
      [
       6.718055555555556,
       52.588055555555556
      ],
      [
       6.733333333333333,
       52.65027777777778
      ],
      [
       6.854166666666667,
       52.64944444444444
      ],
      [
       7.045,
       52.63361111111111
      ],
      [
       7.056111111111111,
       52.65694444444444
      ],
      [
       7.0575,
       52.66638888888889
      ],
      [
       7.059722222222222,
       52.68694444444444
      ],
      [
       7.063611111111111,
       52.71805555555556
      ],
      [
       7.070833333333334,
       52.79694444444444
      ],
      [
       7.086944444444445,
       52.84972222222222
      ],
      [
       7.181388888888889,
       52.94138888888889
      ],
      [
       7.1875,
       52.95444444444445
      ],
      [
       7.2155555555555555,
       53.00666666666667
      ],
      [
       7.199722222222222,
       53.08555555555556
      ],
      [
       7.202222222222222,
       53.10861111111111
      ],
      [
       7.203055555555555,
       53.11333333333334
      ],
      [
       7.182777777777778,
       53.121944444444445
      ],
      [
       7.204166666666667,
       53.17638888888889
      ],
      [
       7.2275,
       53.180277777777775
      ],
      [
       7.213333333333333,
       53.18638888888889
      ],
      [
       7.216944444444445,
       53.21333333333333
      ],
      [
       7.196944444444444,
       53.281666666666666
      ],
      [
       7.191666666666666,
       53.3
      ],
      [
       7.025,
       53.31666666666667
      ],
      [
       6.993611111111111,
       53.33638888888889
      ],
      [
       6.9494444444444445,
       53.39888888888889
      ],
      [
       6.863611111111111,
       53.474444444444444
      ],
      [
       6.816388888888889,
       53.49583333333333
      ],
      [
       6.741666666666667,
       53.50416666666667
      ],
      [
       6.6722222222222225,
       53.522777777777776
      ],
      [
       6.6066666666666665,
       53.56055555555555
      ],
      [
       6.5,
       53.666666666666664
      ],
      [
       6.5,
       55.0
      ],
      [
       8.0,
       55.0
      ],
      [
       8.333333333333334,
       55.06666666666667
      ],
      [
       8.391944444444444,
       55.06916666666667
      ]
     ]
    ]
   }
  },
  {
   "type": "Feature",
   "properties": {
    "id": "EHAA",
    "indicator": "F",
    "name": "AMSTERDAM",
    "cycle": "2606"
   },
   "geometry": {
    "type": "Polygon",
    "coordinates": [
     [
      [
       5.0,
       55.0
      ],
      [
       5.860277777777778,
       55.0
      ],
      [
       6.5,
       55.0
      ],
      [
       6.5,
       53.666666666666664
      ],
      [
       6.6066666666666665,
       53.56055555555555
      ],
      [
       6.6722222222222225,
       53.522777777777776
      ],
      [
       6.741666666666667,
       53.50416666666667
      ],
      [
       6.816388888888889,
       53.49583333333333
      ],
      [
       6.863611111111111,
       53.474444444444444
      ],
      [
       6.9494444444444445,
       53.39888888888889
      ],
      [
       6.993611111111111,
       53.33638888888889
      ],
      [
       7.025,
       53.31666666666667
      ],
      [
       7.191666666666666,
       53.3
      ],
      [
       7.196944444444444,
       53.281666666666666
      ],
      [
       7.216944444444445,
       53.21333333333333
      ],
      [
       7.213333333333333,
       53.18638888888889
      ],
      [
       7.2275,
       53.180277777777775
      ],
      [
       7.204166666666667,
       53.17638888888889
      ],
      [
       7.182777777777778,
       53.121944444444445
      ],
      [
       7.203055555555555,
       53.11333333333334
      ],
      [
       7.202222222222222,
       53.10861111111111
      ],
      [
       7.199722222222222,
       53.08555555555556
      ],
      [
       7.2155555555555555,
       53.00666666666667
      ],
      [
       7.1875,
       52.95444444444445
      ],
      [
       7.181388888888889,
       52.94138888888889
      ],
      [
       7.086944444444445,
       52.84972222222222
      ],
      [
       7.070833333333334,
       52.79694444444444
      ],
      [
       7.063611111111111,
       52.71805555555556
      ],
      [
       7.059722222222222,
       52.68694444444444
      ],
      [
       7.0575,
       52.66638888888889
      ],
      [
       7.056111111111111,
       52.65694444444444
      ],
      [
       7.045,
       52.63361111111111
      ],
      [
       6.854166666666667,
       52.64944444444444
      ],
      [
       6.733333333333333,
       52.65027777777778
      ],
      [
       6.718055555555556,
       52.588055555555556
      ],
      [
       6.745,
       52.575
      ],
      [
       6.770277777777778,
       52.56305555555556
      ],
      [
       6.708888888888889,
       52.54944444444445
      ],
      [
       6.680833333333333,
       52.553333333333335
      ],
      [
       6.691944444444444,
       52.53861111111111
      ],
      [
       6.696944444444444,
       52.48555555555556
      ],
      [
       6.942777777777778,
       52.435833333333335
      ],
      [
       6.988611111111111,
       52.46888888888889
      ],
      [
       7.036111111111111,
       52.403055555555554
      ],
      [
       7.057777777777778,
       52.39972222222222
      ],
      [
       7.059166666666667,
       52.397222222222226
      ],
      [
       7.061111111111111,
       52.39333333333333
      ],
      [
       7.0777777777777775,
       52.356944444444444
      ],
      [
       7.065022222222222,
       52.345825
      ],
      [
       7.056111111111111,
       52.338055555555556
      ],
      [
       7.055555555555555,
       52.33222222222222
      ],
      [
       7.043611111111111,
       52.31361111111111
      ],
      [
       7.025,
       52.28916666666667
      ],
      [
       7.028888888888889,
       52.2825
      ],
      [
       7.026388888888889,
       52.27166666666667
      ],
      [
       7.064444444444445,
       52.239444444444445
      ],
      [
       7.063055555555556,
       52.23722222222222
      ],
      [
       7.060555555555555,
       52.23444444444444
      ],
      [
       7.039166666666667,
       52.2275
      ],
      [
       6.986944444444444,
       52.22555555555556
      ],
      [
       6.951388888888889,
       52.18083333333333
      ],
      [
       6.905277777777778,
       52.17666666666667
      ],
      [
       6.905833333333334,
       52.17
      ],
      [
       6.852222222222222,
       52.11805555555556
      ],
      [
       6.761111111111111,
       52.11888888888889
      ],
      [
       6.748888888888889,
       52.076388888888886
      ],
      [
       6.691944444444444,
       52.07
      ],
      [
       6.688611111111111,
       52.04
      ],
      [
       6.7411111111111115,
       52.03277777777778
      ],
      [
       6.836388888888889,
       51.985277777777775
      ],
      [
       6.790555555555556,
       51.93361111111111
      ],
      [
       6.726388888888889,
       51.896388888888886
      ],
      [
       6.683611111111111,
       51.91722222222222
      ],
      [
       6.472777777777778,
       51.85388888888889
      ],
      [
       6.389722222222222,
       51.87277777777778
      ],
      [
       6.4075,
       51.82833333333333
      ],
      [
       6.157777777777778,
       51.90416666666667
      ],
      [
       6.104166666666667,
       51.89277777777778
      ],
      [
       6.166666666666667,
       51.861111111111114
      ],
      [
       6.168055555555555,
       51.84027777777778
      ],
      [
       6.0616666666666665,
       51.86527777777778
      ],
      [
       6.038333333333333,
       51.845
      ],
      [
       5.945,
       51.82333333333333
      ],
      [
       5.991666666666667,
       51.76777777777778
      ],
      [
       5.952222222222222,
       51.74916666666667
      ],
      [
       5.955277777777778,
       51.738055555555555
      ],
      [
       6.013888888888889,
       51.730555555555554
      ],
      [
       6.045,
       51.71666666666667
      ],
      [
       6.028611111111111,
       51.71111111111111
      ],
      [
       6.032222222222222,
       51.674166666666665
      ],
      [
       6.116388888888889,
       51.65138888888889
      ],
      [
       6.091388888888889,
       51.60583333333334
      ],
      [
       6.1658333333333335,
       51.55416666666667
      ],
      [
       6.174166666666666,
       51.5425
      ],
      [
       6.200277777777778,
       51.52722222222222
      ],
      [
       6.213055555555556,
       51.50972222222222
      ],
      [
       6.212777777777778,
       51.49138888888889
      ],
      [
       6.2219444444444445,
       51.47805555555556
      ],
      [
       6.2186111111111115,
       51.44694444444445
      ],
      [
       6.205277777777778,
       51.4
      ],
      [
       6.2275,
       51.4
      ],
      [
       6.215,
       51.389722222222225
      ],
      [
       6.226388888888889,
       51.360277777777775
      ],
      [
       6.216388888888889,
       51.35472222222222
      ],
      [
       6.164166666666667,
       51.32527777777778
      ],
      [
       6.1627777777777775,
       51.32388888888889
      ],
      [
       6.0680555555555555,
       51.220555555555556
      ],
      [
       6.073611111111111,
       51.168055555555554
      ],
      [
       6.165277777777778,
       51.19444444444444
      ],
      [
       6.180555555555555,
       51.18638888888889
      ],
      [
       6.138888888888889,
       51.17333333333333
      ],
      [
       6.175,
       51.158611111111114
      ],
      [
       6.0633333333333335,
       51.117222222222225
      ],
      [
       5.973888888888888,
       51.06305555555556
      ],
      [
       5.9575,
       51.035
      ],
      [
       5.938055555555556,
       51.03527777777778
      ],
      [
       5.913333333333333,
       51.066944444444445
      ],
      [
       5.892222222222222,
       51.05305555555555
      ],
      [
       5.866388888888888,
       51.05166666666667
      ],
      [
       5.877222222222223,
       51.033611111111114
      ],
      [
       5.884444444444444,
       51.013888888888886
      ],
      [
       5.905277777777778,
       51.00222222222222
      ],
      [
       5.897222222222222,
       50.975
      ],
      [
       5.955277777777778,
       50.98833333333333
      ],
      [
       5.960555555555556,
       50.983333333333334
      ],
      [
       6.0280555555555555,
       50.98305555555555
      ],
      [
       6.009722222222222,
       50.955
      ],
      [
       6.018055555555556,
       50.934444444444445
      ],
      [
       6.093333333333334,
       50.91861111111111
      ],
      [
       6.085277777777778,
       50.91166666666667
      ],
      [
       6.0761111111111115,
       50.88944444444444
      ],
      [
       6.088055555555556,
       50.8725
      ],
      [
       6.0744444444444445,
       50.846666666666664
      ],
      [
       6.047777777777778,
       50.853611111111114
      ],
      [
       6.018611111111111,
       50.84638888888889
      ],
      [
       6.0247222222222225,
       50.81388888888889
      ],
      [
       6.003333333333333,
       50.801944444444445
      ],
      [
       5.983055555555556,
       50.81166666666667
      ],
      [
       5.974722222222223,
       50.79833333333333
      ],
      [
       6.028333333333333,
       50.77388888888889
      ],
      [
       6.0183333333333335,
       50.763333333333335
      ],
      [
       6.0210083333333335,
       50.75428888888889
      ],
      [
       6.003333333333333,
       50.75361111111111
      ],
      [
       5.998888888888889,
       50.75361111111111
      ],
      [
       5.960555555555556,
       50.7625
      ],
      [
       5.901666666666666,
       50.75138888888889
      ],
      [
       5.886388888888889,
       50.77027777777778
      ],
      [
       5.848888888888888,
       50.75361111111111
      ],
      [
       5.845,
       50.765277777777776
      ],
      [
       5.808055555555556,
       50.756388888888885
      ],
      [
       5.793055555555556,
       50.77027777777778
      ],
      [
       5.784722222222222,
       50.766666666666666
      ],
      [
       5.7775,
       50.783055555555556
      ],
      [
       5.765555555555555,
       50.7825
      ],
      [
       5.746133333333333,
       50.76971388888889
      ],
      [
       5.739722222222222,
       50.757222222222225
      ],
      [
       5.6899999999999995,
       50.75527777777778
      ],
      [
       5.696058333333333,
       50.79008888888889
      ],
      [
       5.694444444444445,
       50.80972222222222
      ],
      [
       5.649166666666667,
       50.826388888888886
      ],
      [
       5.648333333333333,
       50.833333333333336
      ],
      [
       5.644444444444444,
       50.87222222222222
      ],
      [
       5.665555555555556,
       50.87972222222222
      ],
      [
       5.750555555555556,
       50.94861111111111
      ],
      [
       5.722222222222222,
       50.96472222222222
      ],
      [
       5.766388888888889,
       51.006388888888885
      ],
      [
       5.7747222222222225,
       51.02583333333333
      ],
      [
       5.758611111111112,
       51.03055555555556
      ],
      [
       5.771944444444444,
       51.05916666666667
      ],
      [
       5.800833333333333,
       51.06194444444444
      ],
      [
       5.808611111111111,
       51.113055555555555
      ],
      [
       5.843333333333334,
       51.13472222222222
      ],
      [
       5.855555555555556,
       51.14472222222222
      ],
      [
       5.833388888888889,
       51.16126944444444
      ],
      [
       5.824722222222222,
       51.1675
      ],
      [
       5.7775,
       51.15138888888889
      ],
      [
       5.7678,
       51.18333611111111
      ],
      [
       5.708730555555555,
       51.18103055555556
      ],
      [
       5.658055555555555,
       51.18472222222222
      ],
      [
       5.652744444444444,
       51.19766944444444
      ],
      [
       5.584058333333333,
       51.21629166666666
      ],
      [
       5.560555555555555,
       51.22222222222222
      ],
      [
       5.5568888888888885,
       51.255827777777775
      ],
      [
       5.5568027777777775,
       51.25575
      ],
      [
       5.547352777777778,
       51.27001944444444
      ],
      [
       5.5158000000000005,
       51.295230555555555
      ],
      [
       5.483333333333333,
       51.3
      ],
      [
       5.465,
       51.284444444444446
      ],
      [
       5.441658333333334,
       51.28167222222222
      ],
      [
       5.441627777777778,
       51.28168333333333
      ],
      [
       5.417777777777777,
       51.26222222222222
      ],
      [
       5.385827777777778,
       51.26880277777778
      ],
      [
       5.346111111111111,
       51.27583333333333
      ],
      [
       5.340833333333333,
       51.26305555555555
      ],
      [
       5.279722222222222,
       51.26416666666667
      ],
      [
       5.263333333333334,
       51.26694444444445
      ],
      [
       5.237777777777778,
       51.26138888888889
      ],
      [
       5.225833333333333,
       51.26833333333333
      ],
      [
       5.242222222222222,
       51.305277777777775
      ],
      [
       5.200277777777778,
       51.3225
      ],
      [
       5.166666666666667,
       51.3125
      ],
      [
       5.134722222222222,
       51.31527777777778
      ],
      [
       5.133333333333334,
       51.327222222222225
      ],
      [
       5.131666666666667,
       51.34722222222222
      ],
      [
       5.0713888888888885,
       51.39361111111111
      ],
      [
       5.102861111111111,
       51.434127777777775
      ],
      [
       5.102836111111111,
       51.43414166666667
      ],
      [
       5.087208333333333,
       51.458530555555555
      ],
      [
       5.078611111111111,
       51.471666666666664
      ],
      [
       5.045833333333333,
       51.471111111111114
      ],
      [
       5.038913888888889,
       51.482258333333334
      ],
      [
       5.040555555555556,
       51.486666666666665
      ],
      [
       5.033333333333333,
       51.48722222222222
      ],
      [
       5.016625,
       51.47521111111111
      ],
      [
       5.010066666666667,
       51.47081111111111
      ],
      [
       5.005016666666666,
       51.44777777777778
      ],
      [
       5.004980555555556,
       51.447497222222225
      ],
      [
       4.995277777777778,
       51.43888888888889
      ],
      [
       4.963333333333333,
       51.422222222222224
      ],
      [
       4.9286111111111115,
       51.39611111111111
      ],
      [
       4.886388888888889,
       51.415277777777774
      ],
      [
       4.839722222222222,
       51.414722222222224
      ],
      [
       4.790555555555556,
       51.40972222222222
      ],
      [
       4.769444444444444,
       51.41861111111111
      ],
      [
       4.766666666666667,
       51.43083333333333
      ],
      [
       4.829444444444444,
       51.420833333333334
      ],
      [
       4.823611111111111,
       51.44722222222222
      ],
      [
       4.823611111111111,
       51.44777777777778
      ],
      [
       4.835555555555556,
       51.460277777777776
      ],
      [
       4.841666666666667,
       51.48083333333334
      ],
      [
       4.820277777777778,
       51.48555555555556
      ],
      [
       4.806538888888889,
       51.49709444444444
      ],
      [
       4.796738888888889,
       51.499497222222224
      ],
      [
       4.754166666666666,
       51.500277777777775
      ],
      [
       4.669722222222222,
       51.42666666666667
      ],
      [
       4.5744444444444445,
       51.43277777777778
      ],
      [
       4.552352777777777,
       51.42724722222222
      ],
      [
       4.535555555555556,
       51.42305555555556
      ],
      [
       4.529722222222222,
       51.44972222222222
      ],
      [
       4.538333333333333,
       51.473333333333336
      ],
      [
       4.538333333333333,
       51.48222222222222
      ],
      [
       4.511236111111111,
       51.47973888888889
      ],
      [
       4.503055555555555,
       51.47888888888889
      ],
      [
       4.379722222222222,
       51.44694444444445
      ],
      [
       4.391944444444444,
       51.40833333333333
      ],
      [
       4.443333333333333,
       51.36555555555555
      ],
      [
       4.341111111111111,
       51.35777777777778
      ],
      [
       4.334722222222222,
       51.37777777777778
      ],
      [
       4.218055555555556,
       51.37388888888889
      ],
      [
       4.241944444444444,
       51.35388888888889
      ],
      [
       4.2229833333333335,
       51.33865
      ],
      [
       4.166666666666667,
       51.293055555555554
      ],
      [
       4.1140888888888885,
       51.2695
      ],
      [
       4.055,
       51.242777777777775
      ],
      [
       4.015555555555555,
       51.24444444444445
      ],
      [
       3.958611111111111,
       51.215833333333336
      ],
      [
       3.9527777777777775,
       51.216388888888886
      ],
      [
       3.936111111111111,
       51.21194444444444
      ],
      [
       3.9294444444444445,
       51.220555555555556
      ],
      [
       3.9161111111111113,
       51.21472222222222
      ],
      [
       3.9186111111111113,
       51.20805555555555
      ],
      [
       3.886111111111111,
       51.20027777777778
      ],
      [
       3.8777777777777778,
       51.20777777777778
      ],
      [
       3.8966666666666665,
       51.21611111111111
      ],
      [
       3.888611111111111,
       51.223055555555554
      ],
      [
       3.8561111111111113,
       51.21138888888889
      ],
      [
       3.7875,
       51.214444444444446
      ],
      [
       3.7952777777777778,
       51.25611111111111
      ],
      [
       3.5905555555555555,
       51.30388888888889
      ],
      [
       3.5147222222222223,
       51.28777777777778
      ],
      [
       3.5277777777777777,
       51.24638888888889
      ],
      [
       3.4469444444444446,
       51.24111111111111
      ],
      [
       3.376666666666667,
       51.27638888888889
      ],
      [
       3.362975,
       51.37298888888889
      ],
      [
       2.525,
       51.458333333333336
      ],
      [
       2.0,
       51.5
      ],
      [
       2.1708333333333334,
       51.705555555555556
      ],
      [
       2.4883333333333333,
       52.115
      ],
      [
       3.5633333333333335,
       53.403333333333336
      ],
      [
       3.9430555555555555,
       53.84
      ],
      [
       5.0,
       55.0
      ]
     ]
    ]
   }
  },
  {
   "type": "Feature",
   "properties": {
    "id": "EKDK",
    "indicator": "F",
    "name": "COPENHAGEN",
    "cycle": "2606"
   },
   "geometry": {
    "type": "Polygon",
    "coordinates": [
     [
      [
       10.5,
       58.5
      ],
      [
       12.233333333333333,
       56.3875
      ],
      [
       12.315277777777778,
       56.28638888888889
      ],
      [
       12.369444444444444,
       56.21527777777778
      ],
      [
       12.445833333333333,
       56.166666666666664
      ],
      [
       12.640555555555556,
       56.05861111111111
      ],
      [
       12.656666666666666,
       56.0325
      ],
      [
       12.655555555555555,
       55.981944444444444
      ],
      [
       12.683333333333334,
       55.88333333333333
      ],
      [
       12.916666666666666,
       55.63333333333333
      ],
      [
       12.783333333333333,
       55.56527777777778
      ],
      [
       12.766666666666667,
       55.53333333333333
      ],
      [
       12.666666666666666,
       55.483333333333334
      ],
      [
       12.633333333333333,
       55.43333333333333
      ],
      [
       12.640833333333333,
       55.336666666666666
      ],
      [
       12.666666666666666,
       55.3
      ],
      [
       12.754444444444445,
       55.113055555555555
      ],
      [
       12.766666666666667,
       55.08611111111111
      ],
      [
       12.85,
       54.916666666666664
      ],
      [
       12.0,
       54.45
      ],
      [
       11.833333333333334,
       54.44583333333333
      ],
      [
       11.666666666666666,
       54.46388888888889
      ],
      [
       11.5,
       54.5
      ],
      [
       11.333333333333334,
       54.55416666666667
      ],
      [
       11.166666666666666,
       54.602777777777774
      ],
      [
       11.0,
       54.644444444444446
      ],
      [
       10.833333333333334,
       54.65277777777778
      ],
      [
       10.666666666666666,
       54.65555555555556
      ],
      [
       10.5,
       54.65833333333333
      ],
      [
       10.333333333333334,
       54.7
      ],
      [
       10.166666666666666,
       54.74305555555556
      ],
      [
       10.053611111111111,
       54.765
      ],
      [
       9.833333333333334,
       54.81666666666667
      ],
      [
       9.729166666666666,
       54.82083333333333
      ],
      [
       9.616666666666667,
       54.88333333333333
      ],
      [
       9.516666666666667,
       54.85
      ],
      [
       9.380555555555556,
       54.82222222222222
      ],
      [
       9.316666666666666,
       54.81666666666667
      ],
      [
       9.0,
       54.9
      ],
      [
       8.65,
       54.916666666666664
      ],
      [
       8.473333333333333,
       55.055277777777775
      ],
      [
       8.391944444444444,
       55.06916666666667
      ],
      [
       8.333333333333334,
       55.06666666666667
      ],
      [
       8.0,
       55.0
      ],
      [
       7.715833333333333,
       55.0
      ],
      [
       6.5,
       55.0
      ],
      [
       5.860277777777778,
       55.0
      ],
      [
       5.0,
       55.0
      ],
      [
       5.0,
       55.343333333333334
      ],
      [
       5.0,
       55.84111111111111
      ],
      [
       5.0,
       57.0
      ],
      [
       5.833333333333333,
       57.0
      ],
      [
       6.0,
       57.0
      ],
      [
       6.935277777777777,
       57.0
      ],
      [
       7.5,
       57.0
      ],
      [
       9.525,
       58.03333333333333
      ],
      [
       10.5,
       58.5
      ]
     ]
    ]
   }
  },
  {
   "type": "Feature",
   "properties": {
    "id": "EPWW",
    "indicator": "F",
    "name": "WARSAW",
    "cycle": "2606"
   },
   "geometry": {
    "type": "Polygon",
    "coordinates": [
     [
      [
       17.55,
       55.85
      ],
      [
       18.391666666666666,
       55.29638888888889
      ],
      [
       19.194444444444443,
       54.75
      ],
      [
       19.31388888888889,
       54.666666666666664
      ],
      [
       19.406666666666666,
       54.60333333333333
      ],
      [
       19.45388888888889,
       54.57277777777778
      ],
      [
       19.641666666666666,
       54.458333333333336
      ],
      [
       19.83058888888889,
       54.44501388888889
      ],
      [
       20.5,
       54.36666666666667
      ],
      [
       21.466666666666665,
       54.31666666666667
      ],
      [
       22.783333333333335,
       54.36666666666667
      ],
      [
       22.85,
       54.44444444444444
      ],
      [
       22.966666666666665,
       54.38333333333333
      ],
      [
       23.083333333333332,
       54.3
      ],
      [
       23.15,
       54.31666666666667
      ],
      [
       23.18138888888889,
       54.29
      ],
      [
       23.233333333333334,
       54.25
      ],
      [
       23.333333333333332,
       54.233333333333334
      ],
      [
       23.395,
       54.20666666666666
      ],
      [
       23.483333333333334,
       54.15
      ],
      [
       23.516666666666666,
       54.03333333333333
      ],
      [
       23.466666666666665,
       53.983333333333334
      ],
      [
       23.515,
       53.95638888888889
      ],
      [
       23.5,
       53.78333333333333
      ],
      [
       23.6,
       53.75
      ],
      [
       23.6,
       53.61666666666667
      ],
      [
       23.76285,
       53.33213888888889
      ],
      [
       23.8,
       53.266666666666666
      ],
      [
       23.916666666666668,
       53.166666666666664
      ],
      [
       23.883333333333333,
       53.083333333333336
      ],
      [
       23.933333333333334,
       53.016666666666666
      ],
      [
       23.93777777777778,
       52.81361111111111
      ],
      [
       23.9375,
       52.72888888888889
      ],
      [
       23.916666666666668,
       52.666666666666664
      ],
      [
       23.5,
       52.6
      ],
      [
       23.35,
       52.516666666666666
      ],
      [
       23.183333333333334,
       52.3
      ],
      [
       23.183333333333334,
       52.233333333333334
      ],
      [
       23.433333333333334,
       52.18333333333333
      ],
      [
       23.616666666666667,
       52.1
      ],
      [
       23.683333333333334,
       52.0
      ],
      [
       23.616666666666667,
       51.916666666666664
      ],
      [
       23.633333333333333,
       51.8
      ],
      [
       23.533333333333335,
       51.75
      ],
      [
       23.566666666666666,
       51.53333333333333
      ],
      [
       23.616666666666667,
       51.5
      ],
      [
       23.7,
       51.416666666666664
      ],
      [
       23.65,
       51.3
      ],
      [
       23.833333333333332,
       51.166666666666664
      ],
      [
       23.966666666666665,
       50.95
      ],
      [
       24.15,
       50.85
      ],
      [
       23.966666666666665,
       50.833333333333336
      ],
      [
       23.966666666666665,
       50.766666666666666
      ],
      [
       24.016666666666666,
       50.766666666666666
      ],
      [
       24.016666666666666,
       50.71666666666667
      ],
      [
       24.083333333333332,
       50.71666666666667
      ],
      [
       24.05,
       50.68333333333333
      ],
      [
       24.1,
       50.63333333333333
      ],
      [
       24.065,
       50.50333333333333
      ],
      [
       24.05,
       50.45
      ],
      [
       23.75,
       50.416666666666664
      ],
      [
       23.683333333333334,
       50.333333333333336
      ],
      [
       23.216666666666665,
       50.05
      ],
      [
       22.980555555555554,
       49.830555555555556
      ],
      [
       22.772222222222222,
       49.65
      ],
      [
       22.666666666666668,
       49.55
      ],
      [
       22.7,
       49.45
      ],
      [
       22.816666666666666,
       49.3
      ],
      [
       22.725,
       49.21666666666667
      ],
      [
       22.711111111111112,
       49.172222222222224
      ],
      [
       22.75,
       49.18333333333333
      ],
      [
       22.741666666666667,
       49.15833333333333
      ],
      [
       22.794444444444444,
       49.15
      ],
      [
       22.9,
       49.1
      ],
      [
       22.866666666666667,
       49.075
      ],
      [
       22.9,
       49.0
      ],
      [
       22.775,
       49.05833333333333
      ],
      [
       22.677777777777777,
       49.041666666666664
      ],
      [
       22.566666666666666,
       49.083333333333336
      ],
      [
       22.5,
       49.09166666666667
      ],
      [
       22.430555555555557,
       49.105555555555554
      ],
      [
       22.375,
       49.141666666666666
      ],
      [
       22.333333333333332,
       49.141666666666666
      ],
      [
       22.033333333333335,
       49.21666666666667
      ],
      [
       22.033333333333335,
       49.28333333333333
      ],
      [
       21.85,
       49.391666666666666
      ],
      [
       21.783333333333335,
       49.35
      ],
      [
       21.633333333333333,
       49.45
      ],
      [
       21.45,
       49.416666666666664
      ],
      [
       21.283333333333335,
       49.45
      ],
      [
       21.2,
       49.4
      ],
      [
       21.133333333333333,
       49.43333333333333
      ],
      [
       21.066944444444445,
       49.42527777777778
      ],
      [
       21.05,
       49.416666666666664
      ],
      [
       21.1,
       49.36666666666667
      ],
      [
       20.933333333333334,
       49.3
      ],
      [
       20.733333333333334,
       49.416666666666664
      ],
      [
       20.62,
       49.42111111111111
      ],
      [
       20.583333333333332,
       49.38333333333333
      ],
      [
       20.466666666666665,
       49.41583333333333
      ],
      [
       20.38888888888889,
       49.40833333333333
      ],
      [
       20.341666666666665,
       49.4
      ],
      [
       20.316666666666666,
       49.4
      ],
      [
       20.316666666666666,
       49.35
      ],
      [
       20.255277777777778,
       49.34972222222222
      ],
      [
       20.191666666666666,
       49.333333333333336
      ],
      [
       20.136111111111113,
       49.304722222222225
      ],
      [
       20.133333333333333,
       49.275
      ],
      [
       20.087222222222223,
       49.19722222222222
      ],
      [
       20.083333333333332,
       49.175
      ],
      [
       20.03611111111111,
       49.19916666666666
      ],
      [
       19.95,
       49.230555555555554
      ],
      [
       19.878333333333334,
       49.20166666666667
      ],
      [
       19.8425,
       49.19305555555555
      ],
      [
       19.758333333333333,
       49.208333333333336
      ],
      [
       19.825,
       49.27861111111111
      ],
      [
       19.801944444444445,
       49.31305555555556
      ],
      [
       19.8,
       49.333333333333336
      ],
      [
       19.783333333333335,
       49.40833333333333
      ],
      [
       19.74,
       49.401666666666664
      ],
      [
       19.716666666666665,
       49.38333333333333
      ],
      [
       19.611666666666668,
       49.44833333333333
      ],
      [
       19.611666666666668,
       49.455
      ],
      [
       19.583333333333332,
       49.45
      ],
      [
       19.538888888888888,
       49.53055555555556
      ],
      [
       19.5325,
       49.5575
      ],
      [
       19.508333333333333,
       49.575
      ],
      [
       19.475,
       49.59888888888889
      ],
      [
       19.45,
       49.6
      ],
      [
       19.366666666666667,
       49.53333333333333
      ],
      [
       19.266666666666666,
       49.53333333333333
      ],
      [
       19.2,
       49.416666666666664
      ],
      [
       18.983333333333334,
       49.4
      ],
      [
       18.966666666666665,
       49.5
      ],
      [
       18.8525,
       49.51777777777778
      ],
      [
       18.82611111111111,
       49.602777777777774
      ],
      [
       18.8,
       49.68333333333333
      ],
      [
       18.623333333333335,
       49.7475
      ],
      [
       18.583333333333332,
       49.88333333333333
      ],
      [
       18.19527777777778,
       50.00277777777778
      ],
      [
       18.05,
       50.05
      ],
      [
       17.958333333333332,
       50.005
      ],
      [
       17.9,
       49.96666666666667
      ],
      [
       17.7875,
       50.021388888888886
      ],
      [
       17.75,
       50.1
      ],
      [
       17.6,
       50.15
      ],
      [
       17.75,
       50.2
      ],
      [
       17.75,
       50.3
      ],
      [
       17.683333333333334,
       50.333333333333336
      ],
      [
       17.633333333333333,
       50.266666666666666
      ],
      [
       17.35,
       50.266666666666666
      ],
      [
       17.366666666666667,
       50.31666666666667
      ],
      [
       17.2,
       50.38333333333333
      ],
      [
       16.916666666666668,
       50.45
      ],
      [
       16.875,
       50.394444444444446
      ],
      [
       16.908333333333335,
       50.38333333333333
      ],
      [
       16.933333333333334,
       50.33888888888889
      ],
      [
       17.033333333333335,
       50.233333333333334
      ],
      [
       16.833333333333332,
       50.2
      ],
      [
       16.7,
       50.1
      ],
      [
       16.5925,
       50.12222222222222
      ],
      [
       16.55,
       50.166666666666664
      ],
      [
       16.55,
       50.21666666666667
      ],
      [
       16.433333333333334,
       50.31666666666667
      ],
      [
       16.238888888888887,
       50.40555555555556
      ],
      [
       16.205555555555556,
       50.42777777777778
      ],
      [
       16.29722222222222,
       50.483333333333334
      ],
      [
       16.45,
       50.583333333333336
      ],
      [
       16.35,
       50.641666666666666
      ],
      [
       16.333333333333332,
       50.666666666666664
      ],
      [
       16.233333333333334,
       50.68333333333333
      ],
      [
       16.216666666666665,
       50.63333333333333
      ],
      [
       16.183333333333334,
       50.625
      ],
      [
       16.116666666666667,
       50.666666666666664
      ],
      [
       16.0,
       50.6
      ],
      [
       16.0,
       50.68333333333333
      ],
      [
       15.866666666666667,
       50.666666666666664
      ],
      [
       15.816666666666666,
       50.75833333333333
      ],
      [
       15.733333333333333,
       50.733333333333334
      ],
      [
       15.6,
       50.775
      ],
      [
       15.458333333333334,
       50.8
      ],
      [
       15.45,
       50.81666666666667
      ],
      [
       15.366666666666667,
       50.78333333333333
      ],
      [
       15.294444444444444,
       50.95305555555556
      ],
      [
       15.283333333333333,
       50.96666666666667
      ],
      [
       15.016666666666667,
       51.03333333333333
      ],
      [
       15.0,
       50.86666666666667
      ],
      [
       14.992777777777778,
       50.904444444444444
      ],
      [
       14.833333333333334,
       50.86666666666667
      ],
      [
       14.894444444444444,
       50.95
      ],
      [
       14.983333333333333,
       51.11666666666667
      ],
      [
       15.05,
       51.28333333333333
      ],
      [
       14.97,
       51.4
      ],
      [
       14.95861111111111,
       51.41111111111111
      ],
      [
       14.966666666666667,
       51.46666666666667
      ],
      [
       14.83611111111111,
       51.5
      ],
      [
       14.716666666666667,
       51.55
      ],
      [
       14.766666666666667,
       51.63333333333333
      ],
      [
       14.755555555555556,
       51.65833333333333
      ],
      [
       14.707394444444445,
       51.69725555555556
      ],
      [
       14.683333333333334,
       51.71666666666667
      ],
      [
       14.608333333333333,
       51.85
      ],
      [
       14.714166666666667,
       51.94277777777778
      ],
      [
       14.766666666666667,
       52.06666666666667
      ],
      [
       14.683333333333334,
       52.1
      ],
      [
       14.7,
       52.25
      ],
      [
       14.583333333333334,
       52.28333333333333
      ],
      [
       14.533333333333333,
       52.4
      ],
      [
       14.616666666666667,
       52.46666666666667
      ],
      [
       14.65,
       52.583333333333336
      ],
      [
       14.133333333333333,
       52.833333333333336
      ],
      [
       14.15,
       52.96666666666667
      ],
      [
       14.35,
       53.05
      ],
      [
       14.366666666666667,
       53.18333333333333
      ],
      [
       14.45,
       53.266666666666666
      ],
      [
       14.416666666666666,
       53.30555555555556
      ],
      [
       14.355555555555556,
       53.483333333333334
      ],
      [
       14.280555555555555,
       53.68472222222222
      ],
      [
       14.283333333333333,
       53.78333333333333
      ],
      [
       14.255555555555556,
       53.81111111111111
      ],
      [
       14.222222222222221,
       53.875
      ],
      [
       14.183333333333334,
       53.916666666666664
      ],
      [
       14.216666666666667,
       53.922222222222224
      ],
      [
       14.226111111111111,
       53.92777777777778
      ],
      [
       14.242222222222223,
       53.98777777777778
      ],
      [
       14.20138888888889,
       54.12611111111111
      ],
      [
       14.254722222222222,
       54.12722222222222
      ],
      [
       14.625091071007546,
       54.80715544793279
      ],
      [
       14.640999852385335,
       54.804876973806294
      ],
      [
       14.657035671871995,
       54.80291879586631
      ],
      [
       14.67317923477026,
       54.801283268316034
      ],
      [
       14.689411124580147,
       54.79997235719597
      ],
      [
       14.705711824999526,
       54.798987638160426
      ],
      [
       14.722061742006758,
       54.79833029469644
      ],
      [
       14.73844122600849,
       54.79800111678636
      ],
      [
       14.754830594033137,
       54.798000500015355
      ],
      [
       14.771210151952118,
       54.798328445124646
      ],
      [
       14.787560216710517,
       54.79898455801056
      ],
      [
       14.8038611385482,
       54.79996805016977
      ],
      [
       14.820093323193305,
       54.801277739590105
      ],
      [
       14.836237254010825,
       54.80291205208625
      ],
      [
       14.8522735140848,
       54.80486902307916
      ],
      [
       14.868182808220013,
       54.80714629981797
      ],
      [
       14.88394598483967,
       54.80974114404201
      ],
      [
       14.899544057765183,
       54.8126504350813
      ],
      [
       14.91495822785555,
       54.81587067339245
      ],
      [
       14.93016990448973,
       54.81939798452709
      ],
      [
       14.945160726871563,
       54.823228123529596
      ],
      [
       14.959912585139818,
       54.82735647976017
      ],
      [
       14.974407641262701,
       54.83177808213917
      ],
      [
       14.988628349697365,
       54.83648760480821
      ],
      [
       15.00255747779704,
       54.84147937320302
      ],
      [
       15.016178125942588,
       54.846747370532846
      ],
      [
       15.029473747382326,
       54.852285244660514
      ],
      [
       15.042428167757521,
       54.85808631537724
      ],
      [
       15.05502560429477,
       54.86414358206551
      ],
      [
       15.067250684644819,
       54.87044973174316
      ],
      [
       15.07908846534633,
       54.87699714748132
      ],
      [
       15.090524449896293,
       54.883777917188546
      ],
      [
       15.101544606404786,
       54.890783842752924
      ],
      [
       15.112135384812973,
       54.898006449533526
      ],
      [
       15.122283733655422,
       54.90543699619246
      ],
      [
       15.131977116344274,
       54.91306648485788
      ],
      [
       15.141203526954996,
       54.92088567160828
      ],
      [
       15.149951505492822,
       54.928885077267886
      ],
      [
       15.158210152618608,
       54.93705499850237
      ],
      [
       15.165969143813868,
       54.94538551920398
      ],
      [
       15.173218742963968,
       54.95386652215458
      ],
      [
       15.179949815337977,
       54.96248770095461
      ],
      [
       15.186153839946769,
       54.97123857220586
      ],
      [
       15.191822921256517,
       54.98010848793526
      ],
      [
       15.196949800239736,
       54.98908664824663
      ],
      [
       15.201527864742502,
       54.99816211418679
      ],
      [
       15.20555115914965,
       55.00732382081245
      ],
      [
       15.209014393328289,
       55.01656059044322
      ],
      [
       15.211912950830424,
       55.02586114608642
      ],
      [
       15.214242896338646,
       55.035214125018584
      ],
      [
       15.216000982334435,
       55.04460809250823
      ],
      [
       15.217184654975199,
       55.05403155566432
      ],
      [
       15.217792059161184,
       55.0634729773944
      ],
      [
       15.217822042778835,
       55.07292079045583
      ],
      [
       15.217274160104012,
       55.08236341158382
      ],
      [
       15.216148674353008,
       55.09178925567904
      ],
      [
       15.21444655936682,
       55.101186750037805
      ],
      [
       15.212169500418554,
       55.11054434860716
      ],
      [
       15.209319894130317,
       55.11985054624755
      ],
      [
       15.205900847493808,
       55.129093892984734
      ],
      [
       15.201916175981296,
       55.13826300823325
      ],
      [
       15.197370400743921,
       55.14734659497298
      ],
      [
       15.192268744888224,
       55.15633345386054
      ],
      [
       15.186617128827834,
       55.16521249725698
      ],
      [
       15.180422164706783,
       55.1739727631532
      ],
      [
       15.17369114989117,
       55.18260342897457
      ],
      [
       15.166432059531076,
       55.191093825245936
      ],
      [
       15.158653538192652,
       55.199433449098606
      ],
      [
       15.1503648905624,
       55.20761197760041
      ],
      [
       15.141576071230816,
       55.215619280890614
      ],
      [
       15.132297673557787,
       55.22344543510107
      ],
      [
       15.122540917631113,
       55.23108073504529
      ],
      [
       15.112317637325077,
       55.23851570665747
      ],
      [
       15.101640266472373,
       55.24574111916341
      ],
      [
       15.090521824160305,
       55.25274799696563
      ],
      [
       15.078975899168313,
       55.25952763122545
      ],
      [
       15.067016633562162,
       55.26607159112481
      ],
      [
       15.054658705463225,
       55.27237173479097
      ],
      [
       15.041917311012867,
       55.27842021986809
      ],
      [
       15.028808145555331,
       55.284209513719304
      ],
      [
       15.015347384060533,
       55.289732403244216
      ],
      [
       15.001551660813561,
       55.294982004296436
      ],
      [
       14.987438048397735,
       55.29995177068703
      ],
      [
       14.973024035999174,
       55.30463550275966
      ],
      [
       14.9583275070637,
       55.30902735552433
      ],
      [
       14.943366716338346,
       55.31312184633683
      ],
      [
       14.928160266328405,
       55.31691386211197
      ],
      [
       14.912727083208097,
       55.32039866605911
      ],
      [
       14.897086392217489,
       55.32357190392942
      ],
      [
       14.881257692584768,
       55.32642960976479
      ],
      [
       14.865260732012302,
       55.32896821113941
      ],
      [
       14.84911548076434,
       55.331184533885406
      ],
      [
       14.832842105398754,
       55.33307580629512
      ],
      [
       14.816460942182744,
       55.33463966279311
      ],
      [
       14.799992470235566,
       55.33587414707217
      ],
      [
       14.783457284440715,
       55.33677771468792
      ],
      [
       14.766876068170859,
       55.337349235108235
      ],
      [
       14.75026956586919,
       55.33758799321371
      ],
      [
       14.733658555533339,
       55.33749369024716
      ],
      [
       14.717063821143029,
       55.3370664442102
      ],
      [
       14.7005061250793,
       55.33630678970664
      ],
      [
       14.684006180578763,
       55.33521567723266
      ],
      [
       14.667584624266283,
       55.33379447191509
      ],
      [
       14.651261988813303,
       55.33204495169969
      ],
      [
       14.635058675762707,
       55.329969304992666
      ],
      [
       14.618994928566735,
       55.32757012775884
      ],
      [
       14.60309080587865,
       55.32485042008147
      ],
      [
       14.587366155142263,
       55.321813582189215
      ],
      [
       14.571840586520693,
       55.31846340995665
      ],
      [
       14.556533447204401,
       55.31480408988545
      ],
      [
       14.541463796139283,
       55.31084019357445
      ],
      [
       14.526650379213606,
       55.30657667168742
      ],
      [
       14.512111604940628,
       55.30201884742803
      ],
      [
       14.497865520675077,
       55.29717240953245
      ],
      [
       14.483929789396598,
       55.292043404790746
      ],
      [
       14.470321667095504,
       55.28663823010857
      ],
      [
       14.457057980793138,
       55.280963624121966
      ],
      [
       14.444155107226607,
       55.27502665837795
      ],
      [
       14.43162895222872,
       55.26883472809495
      ],
      [
       14.419494930829273,
       55.26239554251684
      ],
      [
       14.407767948105516,
       55.25571711487594
      ],
      [
       14.39646238080445,
       55.24880775197967
      ],
      [
       14.385592059760484,
       55.241676043437124
      ],
      [
       14.375170253129795,
       55.23433085054137
      ],
      [
       14.365209650459406,
       55.22678129482424
      ],
      [
       14.355722347609117,
       55.21903674630058
      ],
      [
       14.346719832542362,
       55.211106811419
      ],
      [
       14.338212971998018,
       55.203001320737165
      ],
      [
       14.33021199905761,
       55.19473031633877
      ],
      [
       14.322726501616444,
       55.18630403901093
      ],
      [
       14.31576541176787,
       55.17773291519971
      ],
      [
       14.309336996107504,
       55.16902754376243
      ],
      [
       14.303448846962738,
       55.160198682535146
      ],
      [
       14.298107874550965,
       55.15125723473387
      ],
      [
       14.293320300067535,
       55.142214235208264
      ],
      [
       14.289091649705824,
       55.13308083656632
      ],
      [
       14.285426749606245,
       55.12386829518873
      ],
      [
       14.282329721731685,
       55.114587957151485
      ],
      [
       14.279803980667111,
       55.10525124407542
      ],
      [
       14.2778522313356,
       55.095869638920746
      ],
      [
       14.276476467624889,
       55.08645467174529
      ],
      [
       14.275677971917275,
       55.07701790544426
      ],
      [
       14.275457315511403,
       55.06757092148973
      ],
      [
       14.275814359927836,
       55.05812530568744
      ],
      [
       14.276748259085593,
       55.048692633968635
      ],
      [
       14.278257462337706,
       55.039284458234086
      ],
      [
       14.280339718351456,
       55.02991229226745
      ],
      [
       14.282992079820133,
       55.020587597734774
      ],
      [
       14.28621090899071,
       55.01132177028645
      ],
      [
       14.289991883990751,
       55.00212612577795
      ],
      [
       14.294330005939173,
       54.993011886625204
      ],
      [
       14.299219606822703,
       54.983990168309916
      ],
      [
       14.304654358120274,
       54.97507196605024
      ],
      [
       14.310627280157746,
       54.96626814165134
      ],
      [
       14.317130752172375,
       54.957589410550526
      ],
      [
       14.324156523070315,
       54.94904632907079
      ],
      [
       14.331695722854647,
       54.94064928189656
      ],
      [
       14.339738874706882,
       54.93240846978477
      ],
      [
       14.34827590769919,
       54.924333897524235
      ],
      [
       14.358333333333333,
       54.91684166666667
      ],
      [
       15.132225,
       54.91451388888889
      ],
      [
       15.866666666666667,
       54.916666666666664
      ],
      [
       17.55,
       55.85
      ]
     ]
    ]
   }
  },
  {
   "type": "Feature",
   "properties": {
    "id": "ESAA",
    "indicator": "F",
    "name": "SWEDEN",
    "cycle": "2606"
   },
   "geometry": {
    "type": "Polygon",
    "coordinates": [
     [
      [
       20.54861111111111,
       69.06
      ],
      [
       20.783333333333335,
       69.03333333333333
      ],
      [
       20.85,
       68.93333333333334
      ],
      [
       21.0,
       68.88333333333334
      ],
      [
       21.333333333333332,
       68.76666666666667
      ],
      [
       21.416666666666668,
       68.7
      ],
      [
       21.7,
       68.61666666666666
      ],
      [
       21.883333333333333,
       68.58333333333333
      ],
      [
       22.0,
       68.53583333333333
      ],
      [
       22.033333333333335,
       68.48333333333333
      ],
      [
       22.333333333333332,
       68.48333333333333
      ],
      [
       22.5,
       68.45
      ],
      [
       22.633333333333333,
       68.41666666666667
      ],
      [
       23.166666666666668,
       68.23333333333333
      ],
      [
       23.183333333333334,
       68.13333333333334
      ],
      [
       23.316666666666666,
       68.15
      ],
      [
       23.633333333333333,
       67.96666666666667
      ],
      [
       23.483333333333334,
       67.83333333333333
      ],
      [
       23.55,
       67.58333333333333
      ],
      [
       23.416666666666668,
       67.48333333333333
      ],
      [
       23.783333333333335,
       67.43333333333334
      ],
      [
       23.766666666666666,
       67.33333333333333
      ],
      [
       23.583333333333332,
       67.26666666666667
      ],
      [
       23.583333333333332,
       67.16666666666667
      ],
      [
       24.0,
       66.8
      ],
      [
       23.883333333333333,
       66.75
      ],
      [
       23.883333333333333,
       66.58333333333333
      ],
      [
       23.633333333333333,
       66.45
      ],
      [
       23.666666666666668,
       66.31666666666666
      ],
      [
       23.933333333333334,
       66.15
      ],
      [
       24.15,
       65.76666666666667
      ],
      [
       24.14,
       65.53
      ],
      [
       24.136666666666667,
       65.515
      ],
      [
       22.916666666666668,
       64.68333333333334
      ],
      [
       21.5,
       63.61666666666667
      ],
      [
       20.666666666666668,
       63.475
      ],
      [
       20.166666666666668,
       63.166666666666664
      ],
      [
       19.5,
       61.666666666666664
      ],
      [
       19.482777777777777,
       61.605555555555554
      ],
      [
       19.318055555555556,
       61.0
      ],
      [
       19.13222222222222,
       60.30083333333334
      ],
      [
       19.086666666666666,
       60.19166666666667
      ],
      [
       19.26361111111111,
       60.07055555555556
      ],
      [
       19.621944444444445,
       59.821666666666665
      ],
      [
       19.724166666666665,
       59.749722222222225
      ],
      [
       19.927222222222223,
       59.60583333333334
      ],
      [
       19.983055555555556,
       59.562777777777775
      ],
      [
       20.456944444444446,
       59.305277777777775
      ],
      [
       20.544166666666666,
       59.25666666666667
      ],
      [
       20.78388888888889,
       59.12027777777778
      ],
      [
       21.0,
       59.0
      ],
      [
       20.642777777777777,
       58.413333333333334
      ],
      [
       20.578611111111112,
       58.30444444444444
      ],
      [
       20.488888888888887,
       58.15222222222222
      ],
      [
       20.15,
       57.56944444444444
      ],
      [
       20.064166666666665,
       57.41722222222222
      ],
      [
       20.0,
       57.3
      ],
      [
       19.833333333333332,
       57.0
      ],
      [
       19.566666666666666,
       56.87138888888889
      ],
      [
       18.50638888888889,
       56.34527777777778
      ],
      [
       18.01861111111111,
       56.09527777777778
      ],
      [
       17.55,
       55.85
      ],
      [
       15.866666666666667,
       54.916666666666664
      ],
      [
       15.201121886180317,
       54.99730689974188
      ],
      [
       15.196069380705922,
       54.98746689925769
      ],
      [
       15.19037124000397,
       54.977743935946876
      ],
      [
       15.1840361126051,
       54.968151973069915
      ],
      [
       15.177073542289463,
       54.95870477586565
      ],
      [
       15.169493952122707,
       54.94941589223492
      ],
      [
       15.161308627384074,
       54.94029863378339
      ],
      [
       15.1525296974213,
       54.931366057247324
      ],
      [
       15.143170116470287,
       54.92263094632503
      ],
      [
       15.132225,
       54.91451388888889
      ],
      [
       14.358333333333333,
       54.91684166666667
      ],
      [
       12.85,
       54.916666666666664
      ],
      [
       12.766666666666667,
       55.08611111111111
      ],
      [
       12.754444444444445,
       55.113055555555555
      ],
      [
       12.666666666666666,
       55.3
      ],
      [
       12.640833333333333,
       55.336666666666666
      ],
      [
       12.633333333333333,
       55.43333333333333
      ],
      [
       12.666666666666666,
       55.483333333333334
      ],
      [
       12.766666666666667,
       55.53333333333333
      ],
      [
       12.783333333333333,
       55.56527777777778
      ],
      [
       12.916666666666666,
       55.63333333333333
      ],
      [
       12.683333333333334,
       55.88333333333333
      ],
      [
       12.655555555555555,
       55.981944444444444
      ],
      [
       12.656666666666666,
       56.0325
      ],
      [
       12.640555555555556,
       56.05861111111111
      ],
      [
       12.445833333333333,
       56.166666666666664
      ],
      [
       12.369444444444444,
       56.21527777777778
      ],
      [
       12.315277777777778,
       56.28638888888889
      ],
      [
       12.233333333333333,
       56.3875
      ],
      [
       10.5,
       58.5
      ],
      [
       10.592222222222222,
       58.76111111111111
      ],
      [
       10.63888888888889,
       58.89222222222222
      ],
      [
       10.829166666666667,
       58.92638888888889
      ],
      [
       10.970555555555556,
       58.955555555555556
      ],
      [
       11.066944444444445,
       58.97666666666667
      ],
      [
       11.116666666666667,
       59.015277777777776
      ],
      [
       11.153611111111111,
       59.079166666666666
      ],
      [
       11.34,
       59.11472222222222
      ],
      [
       11.463888888888889,
       58.990833333333335
      ],
      [
       11.456666666666667,
       58.888888888888886
      ],
      [
       11.651944444444444,
       58.90611111111111
      ],
      [
       11.710833333333333,
       59.033611111111114
      ],
      [
       11.78111111111111,
       59.09861111111111
      ],
      [
       11.764166666666666,
       59.11555555555555
      ],
      [
       11.786944444444444,
       59.20916666666667
      ],
      [
       11.829166666666667,
       59.239444444444445
      ],
      [
       11.815833333333334,
       59.344166666666666
      ],
      [
       11.703611111111112,
       59.56944444444444
      ],
      [
       11.695555555555556,
       59.60027777777778
      ],
      [
       11.938055555555556,
       59.701388888888886
      ],
      [
       11.926111111111112,
       59.79333333333334
      ],
      [
       11.839722222222223,
       59.841388888888886
      ],
      [
       11.944444444444445,
       59.89055555555556
      ],
      [
       11.985,
       59.900555555555556
      ],
      [
       12.054166666666667,
       59.88583333333333
      ],
      [
       12.174166666666666,
       59.89
      ],
      [
       12.208055555555555,
       59.9125
      ],
      [
       12.341111111111111,
       59.965555555555554
      ],
      [
       12.394444444444444,
       60.014722222222225
      ],
      [
       12.450833333333334,
       60.039722222222224
      ],
      [
       12.54138888888889,
       60.19277777777778
      ],
      [
       12.498888888888889,
       60.32361111111111
      ],
      [
       12.545555555555556,
       60.34722222222222
      ],
      [
       12.579166666666667,
       60.37972222222222
      ],
      [
       12.605833333333333,
       60.405833333333334
      ],
      [
       12.606666666666667,
       60.5125
      ],
      [
       12.581666666666667,
       60.55083333333333
      ],
      [
       12.515555555555556,
       60.6
      ],
      [
       12.511111111111111,
       60.6425
      ],
      [
       12.395277777777778,
       60.73388888888889
      ],
      [
       12.334444444444445,
       60.852222222222224
      ],
      [
       12.332777777777778,
       60.890277777777776
      ],
      [
       12.223888888888888,
       61.01305555555555
      ],
      [
       12.242222222222223,
       61.01972222222222
      ],
      [
       12.4475,
       61.050555555555555
      ],
      [
       12.4875,
       61.05138888888889
      ],
      [
       12.610277777777778,
       61.04638888888889
      ],
      [
       12.6575,
       61.0525
      ],
      [
       12.68138888888889,
       61.059444444444445
      ],
      [
       12.706944444444444,
       61.143055555555556
      ],
      [
       12.79,
       61.196666666666665
      ],
      [
       12.83361111111111,
       61.25888888888889
      ],
      [
       12.870833333333334,
       61.35638888888889
      ],
      [
       12.569166666666666,
       61.56861111111111
      ],
      [
       12.446111111111112,
       61.566944444444445
      ],
      [
       12.42,
       61.562777777777775
      ],
      [
       12.137777777777778,
       61.72388888888889
      ],
      [
       12.219722222222222,
       62.0
      ],
      [
       12.29861111111111,
       62.26638888888889
      ],
      [
       12.056166666666666,
       62.611919444444446
      ],
      [
       12.136227777777778,
       62.74798333333333
      ],
      [
       12.074444444444444,
       62.90277777777778
      ],
      [
       12.216666666666667,
       63.0
      ],
      [
       11.974444444444444,
       63.26916666666666
      ],
      [
       12.08388888888889,
       63.35527777777778
      ],
      [
       12.212777777777777,
       63.47833333333333
      ],
      [
       12.149722222222222,
       63.59361111111111
      ],
      [
       12.228055555555555,
       63.631388888888885
      ],
      [
       12.299444444444445,
       63.67194444444444
      ],
      [
       12.330555555555556,
       63.715
      ],
      [
       12.68361111111111,
       63.97416666666667
      ],
      [
       12.926944444444445,
       64.05777777777777
      ],
      [
       13.210833333333333,
       64.09527777777778
      ],
      [
       13.716388888888888,
       64.04611111111112
      ],
      [
       13.9675,
       64.00805555555556
      ],
      [
       14.157222222222222,
       64.195
      ],
      [
       14.113888888888889,
       64.4625
      ],
      [
       14.085277777777778,
       64.47833333333334
      ],
      [
       13.891666666666667,
       64.50722222222223
      ],
      [
       13.654166666666667,
       64.58027777777778
      ],
      [
       13.705555555555556,
       64.64
      ],
      [
       14.077222222222222,
       64.93888888888888
      ],
      [
       14.13,
       64.9786111111111
      ],
      [
       14.291944444444445,
       65.09472222222222
      ],
      [
       14.325833333333334,
       65.11888888888889
      ],
      [
       14.37888888888889,
       65.2475
      ],
      [
       14.506944444444445,
       65.30972222222222
      ],
      [
       14.498888888888889,
       65.5213888888889
      ],
      [
       14.54138888888889,
       65.70083333333334
      ],
      [
       14.625555555555556,
       65.81194444444445
      ],
      [
       14.584166666666667,
       65.90194444444444
      ],
      [
       14.516666666666667,
       66.1325
      ],
      [
       14.918888888888889,
       66.14805555555556
      ],
      [
       15.035555555555556,
       66.1536111111111
      ],
      [
       15.484722222222222,
       66.2825
      ],
      [
       15.449166666666667,
       66.36277777777778
      ],
      [
       15.377222222222223,
       66.48444444444445
      ],
      [
       15.620833333333334,
       66.59416666666667
      ],
      [
       15.86138888888889,
       66.77472222222222
      ],
      [
       15.993611111111111,
       66.87333333333333
      ],
      [
       16.039166666666667,
       66.91222222222223
      ],
      [
       16.387777777777778,
       67.04555555555555
      ],
      [
       16.404166666666665,
       67.205
      ],
      [
       16.08972222222222,
       67.43527777777778
      ],
      [
       16.158055555555556,
       67.51916666666666
      ],
      [
       16.407777777777778,
       67.53416666666666
      ],
      [
       16.55646388888889,
       67.64738611111112
      ],
      [
       16.738055555555555,
       67.91416666666667
      ],
      [
       17.00638888888889,
       68.0
      ],
      [
       17.18027777777778,
       68.05027777777778
      ],
      [
       17.281388888888888,
       68.11861111111111
      ],
      [
       17.447777777777777,
       68.08444444444444
      ],
      [
       17.664430555555555,
       68.038725
      ],
      [
       17.899722222222223,
       67.96916666666667
      ],
      [
       18.15111111111111,
       68.1986111111111
      ],
      [
       18.105,
       68.4263888888889
      ],
      [
       18.12611111111111,
       68.53666666666666
      ],
      [
       18.4075,
       68.58111111111111
      ],
      [
       18.621111111111112,
       68.50694444444444
      ],
      [
       19.0,
       68.51416666666667
      ],
      [
       19.16861111111111,
       68.485
      ],
      [
       19.92111111111111,
       68.35583333333334
      ],
      [
       19.97995277777778,
       68.38906388888888
      ],
      [
       20.226388888888888,
       68.49083333333333
      ],
      [
       20.02591388888889,
       68.5308111111111
      ],
      [
       19.9375,
       68.55777777777777
      ],
      [
       20.05224722222222,
       68.59106944444444
      ],
      [
       20.20277777777778,
       68.66666666666667
      ],
      [
       20.335833333333333,
       68.80222222222223
      ],
      [
       20.30638888888889,
       68.92611111111111
      ],
      [
       20.25,
       68.95083333333334
      ],
      [
       20.06,
       69.04555555555555
      ],
      [
       20.416666666666668,
       69.05583333333334
      ],
      [
       20.54861111111111,
       69.06
      ]
     ]
    ]
   }
  },
  {
   "type": "Feature",
   "properties": {
    "id": "EVRR",
    "indicator": "F",
    "name": "RIGA",
    "cycle": "2606"
   },
   "geometry": {
    "type": "Polygon",
    "coordinates": [
     [
      [
       21.842780555555557,
       57.76305555555555
      ],
      [
       21.916113888888887,
       57.74944444444444
      ],
      [
       22.14333611111111,
       57.77916944444444
      ],
      [
       22.58361111111111,
       57.9275
      ],
      [
       22.707502777777776,
       57.94083611111111
      ],
      [
       23.180833333333332,
       57.58638888888889
      ],
      [
       23.406111111111112,
       57.59388888888889
      ],
      [
       23.582225,
       57.66972222222222
      ],
      [
       23.648611111111112,
       57.78277777777778
      ],
      [
       23.601111111111113,
       57.899166666666666
      ],
      [
       24.261111111111113,
       57.91722222222222
      ],
      [
       24.411325,
       57.86454444444445
      ],
      [
       24.531022222222223,
       57.946930555555554
      ],
      [
       24.692094444444443,
       57.946416666666664
      ],
      [
       24.808294444444446,
       57.990516666666664
      ],
      [
       24.832330555555554,
       57.97193611111111
      ],
      [
       25.020416666666666,
       58.017858333333336
      ],
      [
       25.105844444444443,
       58.077825
      ],
      [
       25.20652777777778,
       58.083280555555554
      ],
      [
       25.23065,
       58.01526388888889
      ],
      [
       25.30141111111111,
       57.993119444444446
      ],
      [
       25.295672222222223,
       58.08145
      ],
      [
       25.678969444444444,
       57.90439166666667
      ],
      [
       25.73746388888889,
       57.92415555555556
      ],
      [
       25.888125,
       57.84704722222222
      ],
      [
       26.05645833333333,
       57.84843055555555
      ],
      [
       26.024105555555554,
       57.76862222222222
      ],
      [
       26.205738888888888,
       57.71499444444444
      ],
      [
       26.179316666666665,
       57.68760833333333
      ],
      [
       26.278188888888888,
       57.595419444444445
      ],
      [
       26.469491666666666,
       57.57555833333333
      ],
      [
       26.524905555555556,
       57.51624722222222
      ],
      [
       26.584880555555557,
       57.539880555555555
      ],
      [
       26.616936111111112,
       57.50935277777778
      ],
      [
       26.6759,
       57.566655555555556
      ],
      [
       26.737805555555557,
       57.587697222222225
      ],
      [
       26.776605555555555,
       57.55996388888889
      ],
      [
       26.90686388888889,
       57.63310833333333
      ],
      [
       26.94558888888889,
       57.602783333333335
      ],
      [
       27.031447222222223,
       57.60451666666667
      ],
      [
       27.102133333333335,
       57.565691666666666
      ],
      [
       27.350633333333334,
       57.517716666666665
      ],
      [
       27.556405555555557,
       57.53780555555556
      ],
      [
       27.515919444444446,
       57.42447777777778
      ],
      [
       27.669916666666666,
       57.39518611111111
      ],
      [
       27.8678,
       57.291472222222225
      ],
      [
       27.818277777777777,
       57.143344444444445
      ],
      [
       27.71521388888889,
       57.097625
      ],
      [
       27.768775,
       57.08561944444445
      ],
      [
       27.71465,
       57.007377777777776
      ],
      [
       27.769566666666666,
       57.00524166666667
      ],
      [
       27.659380555555554,
       56.83434166666667
      ],
      [
       27.84856111111111,
       56.87941111111111
      ],
      [
       27.901666666666667,
       56.82056388888889
      ],
      [
       27.96808888888889,
       56.836711111111114
      ],
      [
       27.898497222222222,
       56.752338888888886
      ],
      [
       28.012508333333333,
       56.672488888888886
      ],
      [
       28.043008333333333,
       56.59041388888889
      ],
      [
       28.143575,
       56.57181944444444
      ],
      [
       28.094686111111113,
       56.511072222222225
      ],
      [
       28.192644444444444,
       56.44868888888889
      ],
      [
       28.16316388888889,
       56.379555555555555
      ],
      [
       28.23967222222222,
       56.27130277777778
      ],
      [
       28.1789,
       56.179380555555554
      ],
      [
       28.04461111111111,
       56.11875
      ],
      [
       27.971883333333334,
       56.12033888888889
      ],
      [
       27.90502222222222,
       56.04868888888889
      ],
      [
       27.80647777777778,
       56.03543611111111
      ],
      [
       27.80165277777778,
       55.981341666666665
      ],
      [
       27.65296111111111,
       55.929525
      ],
      [
       27.615519444444445,
       55.78704444444445
      ],
      [
       27.366730555555556,
       55.81501111111111
      ],
      [
       27.287358333333334,
       55.78516666666667
      ],
      [
       27.13238888888889,
       55.851616666666665
      ],
      [
       26.973608333333335,
       55.81463888888889
      ],
      [
       26.877894444444443,
       55.72731944444445
      ],
      [
       26.783963888888888,
       55.677791666666664
      ],
      [
       26.65286111111111,
       55.707502777777776
      ],
      [
       26.597525,
       55.674680555555554
      ],
      [
       26.38584722222222,
       55.70447222222222
      ],
      [
       26.04595,
       55.954230555555554
      ],
      [
       25.86028888888889,
       55.999741666666665
      ],
      [
       25.81998611111111,
       56.05475833333333
      ],
      [
       25.68781111111111,
       56.086530555555555
      ],
      [
       25.672947222222223,
       56.149483333333336
      ],
      [
       25.60204166666667,
       56.13441111111111
      ],
      [
       25.536091666666668,
       56.165394444444445
      ],
      [
       25.504738888888888,
       56.14454166666667
      ],
      [
       25.314883333333334,
       56.144911111111114
      ],
      [
       25.233766666666668,
       56.19221944444445
      ],
      [
       25.091983333333335,
       56.186055555555555
      ],
      [
       24.88545,
       56.45041388888889
      ],
      [
       24.861775,
       56.415822222222225
      ],
      [
       24.628805555555555,
       56.37564722222222
      ],
      [
       24.57944722222222,
       56.288275
      ],
      [
       24.45415,
       56.258158333333334
      ],
      [
       24.285747222222223,
       56.30065833333333
      ],
      [
       24.12156388888889,
       56.24890277777778
      ],
      [
       24.01897222222222,
       56.32978055555556
      ],
      [
       23.803619444444443,
       56.34220833333333
      ],
      [
       23.76684722222222,
       56.323658333333334
      ],
      [
       23.764794444444444,
       56.373325
      ],
      [
       23.54493611111111,
       56.3321
      ],
      [
       23.306441666666668,
       56.38305277777778
      ],
      [
       23.17041111111111,
       56.366886111111114
      ],
      [
       23.18411111111111,
       56.33741666666667
      ],
      [
       23.09325,
       56.30463888888889
      ],
      [
       22.969219444444445,
       56.41388888888889
      ],
      [
       22.899852777777777,
       56.3742
      ],
      [
       22.680094444444446,
       56.35158888888889
      ],
      [
       22.429861111111112,
       56.409372222222224
      ],
      [
       22.347819444444443,
       56.39383611111111
      ],
      [
       22.019866666666665,
       56.42523611111111
      ],
      [
       21.973391666666668,
       56.37789444444444
      ],
      [
       21.835663888888888,
       56.37161944444444
      ],
      [
       21.72502777777778,
       56.313722222222225
      ],
      [
       21.60306111111111,
       56.32454722222222
      ],
      [
       21.499372222222224,
       56.29486111111111
      ],
      [
       21.452344444444446,
       56.24868055555555
      ],
      [
       21.230744444444444,
       56.162275
      ],
      [
       21.202475,
       56.077105555555555
      ],
      [
       21.064444444444444,
       56.06916666666667
      ],
      [
       20.666666666666668,
       56.06666666666667
      ],
      [
       18.506391666666666,
       56.34527777777778
      ],
      [
       19.833333333333332,
       57.00000277777778
      ],
      [
       20.642777777777777,
       58.413336111111114
      ],
      [
       21.48333611111111,
       58.11666666666667
      ],
      [
       21.716669444444445,
       57.78666944444444
      ],
      [
       21.842780555555557,
       57.76305555555555
      ]
     ]
    ]
   }
  },
  {
   "type": "Feature",
   "properties": {
    "id": "EYVL",
    "indicator": "B",
    "name": "VILNIUS",
    "cycle": "2606"
   },
   "geometry": {
    "type": "Polygon",
    "coordinates": [
     [
      [
       24.895,
       56.44833333333333
      ],
      [
       25.083333333333332,
       56.18333333333333
      ],
      [
       25.233333333333334,
       56.18333333333333
      ],
      [
       25.283333333333335,
       56.15
      ],
      [
       25.683333333333334,
       56.141666666666666
      ],
      [
       25.708333333333332,
       56.083333333333336
      ],
      [
       25.888833333333334,
       56.00962777777778
      ],
      [
       25.9475,
       55.98555555555556
      ],
      [
       26.308333333333334,
       55.75
      ],
      [
       26.630555555555556,
       55.68055555555556
      ],
      [
       26.633333333333333,
       55.575
      ],
      [
       26.516666666666666,
       55.516666666666666
      ],
      [
       26.533333333333335,
       55.391666666666666
      ],
      [
       26.441666666666666,
       55.35
      ],
      [
       26.6,
       55.325
      ],
      [
       26.683333333333334,
       55.333333333333336
      ],
      [
       26.866666666666667,
       55.28333333333333
      ],
      [
       26.75,
       55.25
      ],
      [
       26.683333333333334,
       55.15
      ],
      [
       26.5,
       55.15
      ],
      [
       26.466666666666665,
       55.125
      ],
      [
       26.35,
       55.15
      ],
      [
       26.233333333333334,
       55.1
      ],
      [
       26.216666666666665,
       55.0
      ],
      [
       26.05,
       54.93333333333333
      ],
      [
       25.983333333333334,
       54.958333333333336
      ],
      [
       25.85,
       54.916666666666664
      ],
      [
       25.790211111111113,
       54.856975
      ],
      [
       25.733333333333334,
       54.8
      ],
      [
       25.775,
       54.583333333333336
      ],
      [
       25.583333333333332,
       54.458333333333336
      ],
      [
       25.55,
       54.35
      ],
      [
       25.6,
       54.30833333333333
      ],
      [
       25.65,
       54.31666666666667
      ],
      [
       25.783333333333335,
       54.233333333333334
      ],
      [
       25.766666666666666,
       54.18333333333333
      ],
      [
       25.65,
       54.13333333333333
      ],
      [
       25.491666666666667,
       54.175
      ],
      [
       25.566666666666666,
       54.233333333333334
      ],
      [
       25.5,
       54.30833333333333
      ],
      [
       25.35,
       54.266666666666666
      ],
      [
       25.25,
       54.275
      ],
      [
       25.233161111111112,
       54.26074166666667
      ],
      [
       25.083333333333332,
       54.13333333333333
      ],
      [
       24.933333333333334,
       54.15833333333333
      ],
      [
       24.8,
       54.11666666666667
      ],
      [
       24.833333333333332,
       54.0
      ],
      [
       24.7,
       53.95
      ],
      [
       24.716666666666665,
       54.016666666666666
      ],
      [
       24.533333333333335,
       53.96666666666667
      ],
      [
       24.583333333333332,
       53.9
      ],
      [
       24.25,
       53.916666666666664
      ],
      [
       24.15,
       53.96666666666667
      ],
      [
       24.11075,
       53.957966666666664
      ],
      [
       24.0,
       53.93333333333333
      ],
      [
       23.9,
       53.96666666666667
      ],
      [
       23.8,
       53.916666666666664
      ],
      [
       23.716666666666665,
       53.93333333333333
      ],
      [
       23.616666666666667,
       53.90833333333333
      ],
      [
       23.515,
       53.95638888888889
      ],
      [
       23.466666666666665,
       53.983333333333334
      ],
      [
       23.516666666666666,
       54.03333333333333
      ],
      [
       23.483333333333334,
       54.15
      ],
      [
       23.395,
       54.20666666666666
      ],
      [
       23.333333333333332,
       54.233333333333334
      ],
      [
       23.233333333333334,
       54.25
      ],
      [
       23.18138888888889,
       54.29
      ],
      [
       23.15,
       54.31666666666667
      ],
      [
       23.083333333333332,
       54.3
      ],
      [
       22.966666666666665,
       54.38333333333333
      ],
      [
       22.85,
       54.44444444444444
      ],
      [
       22.783333333333335,
       54.36666666666667
      ],
      [
       22.783333333333335,
       54.40555555555556
      ],
      [
       22.694444444444443,
       54.480555555555554
      ],
      [
       22.7,
       54.62222222222222
      ],
      [
       22.747222222222224,
       54.74444444444445
      ],
      [
       22.772222222222222,
       54.733333333333334
      ],
      [
       22.841666666666665,
       54.766666666666666
      ],
      [
       22.875,
       54.8
      ],
      [
       22.73472222222222,
       54.94138888888889
      ],
      [
       22.59215,
       55.05939722222222
      ],
      [
       22.583333333333332,
       55.06666666666667
      ],
      [
       22.2,
       55.03888888888889
      ],
      [
       22.066666666666666,
       55.016666666666666
      ],
      [
       22.0,
       55.05833333333333
      ],
      [
       21.733333333333334,
       55.075
      ],
      [
       21.616666666666667,
       55.15833333333333
      ],
      [
       21.466666666666665,
       55.18333333333333
      ],
      [
       21.438055555555554,
       55.235277777777775
      ],
      [
       21.366666666666667,
       55.291666666666664
      ],
      [
       21.197222222222223,
       55.25
      ],
      [
       20.956666666666667,
       55.281666666666666
      ],
      [
       20.643333333333334,
       55.373333333333335
      ],
      [
       18.01861111111111,
       56.09527777777778
      ],
      [
       18.50638888888889,
       56.34527777777778
      ],
      [
       18.898333333333333,
       56.297777777777775
      ],
      [
       20.185277777777777,
       56.1325
      ],
      [
       20.666666666666668,
       56.06666666666667
      ],
      [
       20.747777777777777,
       56.06722222222222
      ],
      [
       21.064444444444444,
       56.06916666666667
      ],
      [
       21.093611111111112,
       56.07388888888889
      ],
      [
       21.281666666666666,
       56.179722222222225
      ],
      [
       21.53527777777778,
       56.29416666666667
      ],
      [
       21.588333333333335,
       56.325
      ],
      [
       21.666666666666668,
       56.31666666666667
      ],
      [
       22.0,
       56.414722222222224
      ],
      [
       22.066666666666666,
       56.43333333333333
      ],
      [
       22.233333333333334,
       56.391666666666666
      ],
      [
       22.354736111111112,
       56.39676388888889
      ],
      [
       22.433333333333334,
       56.4
      ],
      [
       22.580833333333334,
       56.39111111111111
      ],
      [
       22.616783333333334,
       56.37391111111111
      ],
      [
       22.666666666666668,
       56.35
      ],
      [
       22.95,
       56.416666666666664
      ],
      [
       23.1,
       56.30833333333333
      ],
      [
       23.20611111111111,
       56.37111111111111
      ],
      [
       23.260277777777777,
       56.37222222222222
      ],
      [
       23.366666666666667,
       56.38333333333333
      ],
      [
       23.533333333333335,
       56.333333333333336
      ],
      [
       23.755555555555556,
       56.37138888888889
      ],
      [
       23.766666666666666,
       56.36666666666667
      ],
      [
       23.75,
       56.333333333333336
      ],
      [
       23.88,
       56.339444444444446
      ],
      [
       23.966666666666665,
       56.34166666666667
      ],
      [
       24.065277777777776,
       56.27861111111111
      ],
      [
       24.133333333333333,
       56.25
      ],
      [
       24.283333333333335,
       56.30833333333333
      ],
      [
       24.5,
       56.266666666666666
      ],
      [
       24.630277777777778,
       56.36888888888889
      ],
      [
       24.895,
       56.44833333333333
      ]
     ]
    ]
   }
  },
  {
   "type": "Feature",
   "properties": {
    "id": "LBSR",
    "indicator": "F",
    "name": "SOFIA",
    "cycle": "2606"
   },
   "geometry": {
    "type": "Polygon",
    "coordinates": [
     [
      [
       22.675,
       44.208333333333336
      ],
      [
       22.916666666666668,
       44.11666666666667
      ],
      [
       23.016666666666666,
       44.11666666666667
      ],
      [
       23.033333333333335,
       44.03333333333333
      ],
      [
       22.883333333333333,
       43.983333333333334
      ],
      [
       22.85,
       43.88333333333333
      ],
      [
       22.866666666666667,
       43.85
      ],
      [
       22.983333333333334,
       43.8
      ],
      [
       23.433333333333334,
       43.85
      ],
      [
       23.51002777777778,
       43.836083333333335
      ],
      [
       23.54872222222222,
       43.810027777777776
      ],
      [
       23.619944444444446,
       43.790416666666665
      ],
      [
       23.707527777777777,
       43.80458333333333
      ],
      [
       23.732277777777778,
       43.802194444444446
      ],
      [
       23.854388888888888,
       43.75688888888889
      ],
      [
       23.977805555555555,
       43.74205555555555
      ],
      [
       24.133333333333333,
       43.68333333333333
      ],
      [
       24.266666666666666,
       43.7
      ],
      [
       24.533333333333335,
       43.766666666666666
      ],
      [
       24.8,
       43.68333333333333
      ],
      [
       24.85,
       43.7
      ],
      [
       25.0,
       43.733333333333334
      ],
      [
       25.066666666666666,
       43.68333333333333
      ],
      [
       25.25,
       43.68333333333333
      ],
      [
       25.366666666666667,
       43.61666666666667
      ],
      [
       25.55,
       43.63333333333333
      ],
      [
       25.766666666666666,
       43.7
      ],
      [
       26.0,
       43.88333333333333
      ],
      [
       26.116666666666667,
       43.96666666666667
      ],
      [
       26.35,
       44.03333333333333
      ],
      [
       26.575,
       44.056666666666665
      ],
      [
       26.766666666666666,
       44.075
      ],
      [
       26.9,
       44.13333333333333
      ],
      [
       27.283333333333335,
       44.11666666666667
      ],
      [
       27.4,
       44.016666666666666
      ],
      [
       27.666666666666668,
       44.03333333333333
      ],
      [
       27.716666666666665,
       43.95
      ],
      [
       27.85,
       43.96666666666667
      ],
      [
       27.916666666666668,
       44.0
      ],
      [
       28.0,
       43.833333333333336
      ],
      [
       28.4,
       43.733333333333334
      ],
      [
       28.6,
       43.75
      ],
      [
       28.630555555555556,
       43.742222222222225
      ],
      [
       28.808333333333334,
       43.7
      ],
      [
       29.0,
       43.666666666666664
      ],
      [
       29.033333333333335,
       43.733333333333334
      ],
      [
       30.533333333333335,
       43.68333333333333
      ],
      [
       30.75,
       42.8
      ],
      [
       29.365,
       42.26
      ],
      [
       29.0,
       42.11666666666667
      ],
      [
       28.316666666666666,
       41.983333333333334
      ],
      [
       28.033333333333335,
       41.983333333333334
      ],
      [
       27.851666666666667,
       41.99666666666667
      ],
      [
       27.816666666666666,
       41.95
      ],
      [
       27.683333333333334,
       41.96666666666667
      ],
      [
       27.55,
       41.916666666666664
      ],
      [
       27.283333333333335,
       42.1
      ],
      [
       27.183333333333334,
       42.06666666666667
      ],
      [
       27.033333333333335,
       42.083333333333336
      ],
      [
       26.966666666666665,
       42.0
      ],
      [
       26.75,
       41.95
      ],
      [
       26.616666666666667,
       41.983333333333334
      ],
      [
       26.566666666666666,
       41.916666666666664
      ],
      [
       26.55,
       41.833333333333336
      ],
      [
       26.366666666666667,
       41.81666666666667
      ],
      [
       26.333333333333332,
       41.733333333333334
      ],
      [
       26.358333333333334,
       41.708333333333336
      ],
      [
       26.166666666666668,
       41.75
      ],
      [
       26.05,
       41.68333333333333
      ],
      [
       26.183333333333334,
       41.55
      ],
      [
       26.15,
       41.483333333333334
      ],
      [
       26.2,
       41.43333333333333
      ],
      [
       26.133333333333333,
       41.36666666666667
      ],
      [
       25.883333333333333,
       41.3
      ],
      [
       25.833333333333332,
       41.35
      ],
      [
       25.716666666666665,
       41.3
      ],
      [
       25.583333333333332,
       41.31666666666667
      ],
      [
       25.283333333333335,
       41.233333333333334
      ],
      [
       25.066666666666666,
       41.36666666666667
      ],
      [
       24.833333333333332,
       41.4
      ],
      [
       24.8,
       41.35
      ],
      [
       24.733333333333334,
       41.416666666666664
      ],
      [
       24.616666666666667,
       41.416666666666664
      ],
      [
       24.55,
       41.56666666666667
      ],
      [
       24.45,
       41.53333333333333
      ],
      [
       24.313333333333333,
       41.52333333333333
      ],
      [
       24.266666666666666,
       41.56666666666667
      ],
      [
       24.183333333333334,
       41.516666666666666
      ],
      [
       24.083333333333332,
       41.55
      ],
      [
       24.066666666666666,
       41.45
      ],
      [
       24.016666666666666,
       41.46666666666667
      ],
      [
       23.983333333333334,
       41.43333333333333
      ],
      [
       23.916666666666668,
       41.483333333333334
      ],
      [
       23.783333333333335,
       41.4
      ],
      [
       23.683333333333334,
       41.4
      ],
      [
       23.65,
       41.36666666666667
      ],
      [
       23.45,
       41.4
      ],
      [
       23.35,
       41.36666666666667
      ],
      [
       23.283333333333335,
       41.4
      ],
      [
       23.216666666666665,
       41.31666666666667
      ],
      [
       22.95,
       41.333333333333336
      ],
      [
       22.95,
       41.63333333333333
      ],
      [
       23.033333333333335,
       41.733333333333334
      ],
      [
       22.966666666666665,
       41.78333333333333
      ],
      [
       22.866666666666667,
       42.016666666666666
      ],
      [
       22.516666666666666,
       42.15
      ],
      [
       22.383333333333333,
       42.28333333333333
      ],
      [
       22.366666666666667,
       42.31666666666667
      ],
      [
       22.466666666666665,
       42.35
      ],
      [
       22.566666666666666,
       42.483333333333334
      ],
      [
       22.45,
       42.583333333333336
      ],
      [
       22.5,
       42.733333333333334
      ],
      [
       22.45,
       42.8
      ],
      [
       22.566666666666666,
       42.88333333333333
      ],
      [
       22.75,
       42.88333333333333
      ],
      [
       23.0,
       43.13333333333333
      ],
      [
       23.0,
       43.2
      ],
      [
       22.866666666666667,
       43.25
      ],
      [
       22.75,
       43.38333333333333
      ],
      [
       22.666666666666668,
       43.43333333333333
      ],
      [
       22.5,
       43.5
      ],
      [
       22.5,
       43.63333333333333
      ],
      [
       22.416666666666668,
       43.68333333333333
      ],
      [
       22.383333333333333,
       43.833333333333336
      ],
      [
       22.416666666666668,
       44.0
      ],
      [
       22.616666666666667,
       44.083333333333336
      ],
      [
       22.675,
       44.208333333333336
      ]
     ]
    ]
   }
  },
  {
   "type": "Feature",
   "properties": {
    "id": "LDZO",
    "indicator": "B",
    "name": "ZAGREB",
    "cycle": "2606"
   },
   "geometry": {
    "type": "Polygon",
    "coordinates": [
     [
      [
       16.371666666666666,
       46.55638888888889
      ],
      [
       16.381666666666668,
       46.555
      ],
      [
       16.373055555555556,
       46.549166666666665
      ],
      [
       16.433055555555555,
       46.526944444444446
      ],
      [
       16.444166666666668,
       46.516666666666666
      ],
      [
       16.458055555555557,
       46.52166666666667
      ],
      [
       16.491666666666667,
       46.509166666666665
      ],
      [
       16.525555555555556,
       46.479166666666664
      ],
      [
       16.538333333333334,
       46.47972222222222
      ],
      [
       16.578333333333333,
       46.46361111111111
      ],
      [
       16.593888888888888,
       46.47083333333333
      ],
      [
       16.59888888888889,
       46.4625
      ],
      [
       16.601944444444445,
       46.47694444444444
      ],
      [
       16.716666666666665,
       46.4
      ],
      [
       16.883333333333333,
       46.35
      ],
      [
       16.92036111111111,
       46.30777777777778
      ],
      [
       17.0,
       46.21666666666667
      ],
      [
       17.183333333333334,
       46.15
      ],
      [
       17.35,
       45.95
      ],
      [
       17.6,
       45.93333333333333
      ],
      [
       17.65,
       45.833333333333336
      ],
      [
       17.870277777777776,
       45.77111111111111
      ],
      [
       18.166666666666668,
       45.78333333333333
      ],
      [
       18.25,
       45.75
      ],
      [
       18.35,
       45.75
      ],
      [
       18.366666666666667,
       45.766666666666666
      ],
      [
       18.4,
       45.733333333333334
      ],
      [
       18.45,
       45.733333333333334
      ],
      [
       18.45,
       45.766666666666666
      ],
      [
       18.483333333333334,
       45.766666666666666
      ],
      [
       18.583333333333332,
       45.8
      ],
      [
       18.7,
       45.916666666666664
      ],
      [
       18.816666666666666,
       45.86666666666667
      ],
      [
       18.85,
       45.9
      ],
      [
       19.116666666666667,
       45.53333333333333
      ],
      [
       19.033333333333335,
       45.38333333333333
      ],
      [
       19.4,
       45.25
      ],
      [
       19.433333333333334,
       45.166666666666664
      ],
      [
       19.166666666666668,
       45.15
      ],
      [
       19.166666666666668,
       44.93333333333333
      ],
      [
       19.116666666666667,
       44.90833333333333
      ],
      [
       18.95,
       44.85
      ],
      [
       18.75,
       44.9
      ],
      [
       18.766666666666666,
       45.0
      ],
      [
       18.6,
       45.083333333333336
      ],
      [
       18.05,
       45.13055555555555
      ],
      [
       18.0,
       45.13333333333333
      ],
      [
       17.866666666666667,
       45.04472222222222
      ],
      [
       17.0,
       45.21666666666667
      ],
      [
       16.866666666666667,
       45.291666666666664
      ],
      [
       16.766666666666666,
       45.2
      ],
      [
       16.533333333333335,
       45.233333333333334
      ],
      [
       16.283333333333335,
       45.016666666666666
      ],
      [
       15.866666666666667,
       45.25
      ],
      [
       15.783333333333333,
       45.166666666666664
      ],
      [
       15.748611111111112,
       44.78888888888889
      ],
      [
       16.15,
       44.525
      ],
      [
       16.148055555555555,
       44.44833333333333
      ],
      [
       16.308333333333334,
       44.15
      ],
      [
       16.5,
       44.05
      ],
      [
       16.933333333333334,
       43.68333333333333
      ],
      [
       17.0,
       43.55
      ],
      [
       17.216666666666665,
       43.50555555555555
      ],
      [
       17.266666666666666,
       43.5
      ],
      [
       17.458333333333332,
       43.208333333333336
      ],
      [
       17.733333333333334,
       43.06666666666667
      ],
      [
       17.586666666666666,
       42.93666666666667
      ],
      [
       17.766666666666666,
       42.95
      ],
      [
       18.246666666666666,
       42.60666666666667
      ],
      [
       18.263333333333332,
       42.60166666666667
      ],
      [
       18.45,
       42.56666666666667
      ],
      [
       18.533333333333335,
       42.46666666666667
      ],
      [
       18.55,
       42.4
      ],
      [
       18.6,
       42.2
      ],
      [
       18.518333333333334,
       41.96333333333333
      ],
      [
       18.316666666666666,
       41.416666666666664
      ],
      [
       18.0,
       41.56666666666667
      ],
      [
       16.359381293553497,
       42.35262900976753
      ],
      [
       16.356701240608686,
       42.34988909298142
      ],
      [
       16.35388888888889,
       42.34722222222222
      ],
      [
       16.164444444444445,
       42.43481666666667
      ],
      [
       14.5,
       43.5
      ],
      [
       13.333333333333334,
       44.53333333333333
      ],
      [
       13.0,
       45.166666666666664
      ],
      [
       13.0,
       45.3
      ],
      [
       13.391666666666667,
       45.55833333333333
      ],
      [
       13.589166666666667,
       45.47611111111111
      ],
      [
       13.635,
       45.465555555555554
      ],
      [
       13.690277777777778,
       45.446666666666665
      ],
      [
       13.740833333333333,
       45.464166666666664
      ],
      [
       13.796944444444444,
       45.46944444444444
      ],
      [
       13.823055555555555,
       45.439166666666665
      ],
      [
       13.889166666666666,
       45.429722222222225
      ],
      [
       13.9025,
       45.44444444444444
      ],
      [
       13.953055555555556,
       45.458333333333336
      ],
      [
       13.979444444444445,
       45.452222222222225
      ],
      [
       14.001666666666667,
       45.478611111111114
      ],
      [
       13.973611111111111,
       45.505833333333335
      ],
      [
       13.985277777777778,
       45.51611111111111
      ],
      [
       14.0075,
       45.50944444444445
      ],
      [
       14.00611111111111,
       45.519444444444446
      ],
      [
       14.099444444444444,
       45.48638888888889
      ],
      [
       14.149722222222222,
       45.47944444444445
      ],
      [
       14.208333333333334,
       45.471666666666664
      ],
      [
       14.220277777777778,
       45.49444444444445
      ],
      [
       14.242222222222223,
       45.51111111111111
      ],
      [
       14.274444444444445,
       45.48833333333334
      ],
      [
       14.286666666666667,
       45.49388888888889
      ],
      [
       14.319444444444445,
       45.48555555555556
      ],
      [
       14.3275,
       45.47555555555556
      ],
      [
       14.350277777777778,
       45.48861111111111
      ],
      [
       14.3775,
       45.49
      ],
      [
       14.491388888888888,
       45.53944444444444
      ],
      [
       14.509444444444444,
       45.61388888888889
      ],
      [
       14.535555555555556,
       45.614444444444445
      ],
      [
       14.575,
       45.67611111111111
      ],
      [
       14.6125,
       45.66444444444444
      ],
      [
       14.600277777777778,
       45.638333333333335
      ],
      [
       14.704166666666667,
       45.56722222222222
      ],
      [
       14.6975,
       45.5275
      ],
      [
       14.725277777777778,
       45.535555555555554
      ],
      [
       14.764722222222222,
       45.51305555555555
      ],
      [
       14.807222222222222,
       45.50361111111111
      ],
      [
       14.831111111111111,
       45.4625
      ],
      [
       14.926944444444445,
       45.48388888888889
      ],
      [
       14.915277777777778,
       45.53861111111111
      ],
      [
       14.932777777777778,
       45.528888888888886
      ],
      [
       15.007222222222222,
       45.495
      ],
      [
       15.035833333333333,
       45.489444444444445
      ],
      [
       15.062777777777777,
       45.495555555555555
      ],
      [
       15.090277777777779,
       45.48444444444444
      ],
      [
       15.0975,
       45.46944444444444
      ],
      [
       15.145555555555555,
       45.44722222222222
      ],
      [
       15.189444444444444,
       45.42444444444445
      ],
      [
       15.203611111111112,
       45.437222222222225
      ],
      [
       15.214722222222223,
       45.42888888888889
      ],
      [
       15.240833333333333,
       45.431666666666665
      ],
      [
       15.25,
       45.451388888888886
      ],
      [
       15.282777777777778,
       45.466388888888886
      ],
      [
       15.346111111111112,
       45.45805555555555
      ],
      [
       15.388333333333334,
       45.486666666666665
      ],
      [
       15.314444444444444,
       45.54083333333333
      ],
      [
       15.31,
       45.58583333333333
      ],
      [
       15.295555555555556,
       45.610277777777775
      ],
      [
       15.314722222222223,
       45.61555555555555
      ],
      [
       15.31611111111111,
       45.63166666666667
      ],
      [
       15.36111111111111,
       45.63722222222222
      ],
      [
       15.36111111111111,
       45.64805555555556
      ],
      [
       15.40638888888889,
       45.639722222222225
      ],
      [
       15.416944444444445,
       45.65
      ],
      [
       15.373888888888889,
       45.69277777777778
      ],
      [
       15.359444444444444,
       45.67527777777778
      ],
      [
       15.358888888888888,
       45.68666666666667
      ],
      [
       15.3725,
       45.69861111111111
      ],
      [
       15.366111111111111,
       45.71611111111111
      ],
      [
       15.347777777777777,
       45.71611111111111
      ],
      [
       15.32611111111111,
       45.70111111111111
      ],
      [
       15.328611111111112,
       45.6825
      ],
      [
       15.316944444444445,
       45.70333333333333
      ],
      [
       15.30888888888889,
       45.689166666666665
      ],
      [
       15.267222222222223,
       45.72638888888889
      ],
      [
       15.404444444444444,
       45.79638888888889
      ],
      [
       15.479444444444445,
       45.80166666666667
      ],
      [
       15.471111111111112,
       45.82055555555556
      ],
      [
       15.49,
       45.83361111111111
      ],
      [
       15.534722222222221,
       45.827222222222225
      ],
      [
       15.542777777777777,
       45.85
      ],
      [
       15.565833333333334,
       45.840833333333336
      ],
      [
       15.575833333333334,
       45.855
      ],
      [
       15.647777777777778,
       45.823055555555555
      ],
      [
       15.668888888888889,
       45.841388888888886
      ],
      [
       15.71888888888889,
       45.848333333333336
      ],
      [
       15.684444444444445,
       45.87416666666667
      ],
      [
       15.685661111111111,
       45.88196388888889
      ],
      [
       15.69,
       45.90972222222222
      ],
      [
       15.71111111111111,
       45.92111111111111
      ],
      [
       15.70861111111111,
       46.00222222222222
      ],
      [
       15.735,
       46.05027777777778
      ],
      [
       15.695555555555556,
       46.069722222222225
      ],
      [
       15.665277777777778,
       46.073055555555555
      ],
      [
       15.662777777777778,
       46.08416666666667
      ],
      [
       15.629722222222222,
       46.09583333333333
      ],
      [
       15.601111111111111,
       46.14666666666667
      ],
      [
       15.615277777777777,
       46.15694444444444
      ],
      [
       15.6125,
       46.16777777777778
      ],
      [
       15.64638888888889,
       46.181111111111115
      ],
      [
       15.654166666666667,
       46.21666666666667
      ],
      [
       15.677222222222222,
       46.22638888888889
      ],
      [
       15.758611111111112,
       46.22083333333333
      ],
      [
       15.76388888888889,
       46.209722222222226
      ],
      [
       15.78111111111111,
       46.22472222222222
      ],
      [
       15.799722222222222,
       46.22944444444445
      ],
      [
       15.798333333333334,
       46.2625
      ],
      [
       15.869166666666667,
       46.27194444444444
      ],
      [
       15.920555555555556,
       46.28722222222222
      ],
      [
       15.9925,
       46.31527777777778
      ],
      [
       16.002222222222223,
       46.30888888888889
      ],
      [
       16.024166666666666,
       46.31777777777778
      ],
      [
       16.035833333333333,
       46.33694444444444
      ],
      [
       16.075,
       46.344166666666666
      ],
      [
       16.061944444444446,
       46.395
      ],
      [
       16.089166666666667,
       46.38944444444444
      ],
      [
       16.144444444444446,
       46.40416666666667
      ],
      [
       16.179166666666667,
       46.380833333333335
      ],
      [
       16.29,
       46.37888888888889
      ],
      [
       16.307777777777776,
       46.397777777777776
      ],
      [
       16.28,
       46.42166666666667
      ],
      [
       16.248055555555556,
       46.501666666666665
      ],
      [
       16.264722222222222,
       46.504444444444445
      ],
      [
       16.273333333333333,
       46.51611111111111
      ],
      [
       16.2725,
       46.52027777777778
      ],
      [
       16.305,
       46.51638888888889
      ],
      [
       16.349166666666665,
       46.5325
      ],
      [
       16.348333333333333,
       46.54527777777778
      ],
      [
       16.371666666666666,
       46.55638888888889
      ]
     ]
    ]
   }
  },
  {
   "type": "Feature",
   "properties": {
    "id": "LECB",
    "indicator": "B",
    "name": "BARCELONA",
    "cycle": "2606"
   },
   "geometry": {
    "type": "Polygon",
    "coordinates": [
     [
      [
       0.7,
       42.86666666666667
      ],
      [
       0.9333333333333333,
       42.78333333333333
      ],
      [
       1.0,
       42.78333333333333
      ],
      [
       1.1166666666666667,
       42.78333333333333
      ],
      [
       1.15,
       42.71666666666667
      ],
      [
       1.35,
       42.71666666666667
      ],
      [
       1.375,
       42.695
      ],
      [
       1.413461111111111,
       42.655425
      ],
      [
       1.4433277777777778,
       42.60364166666667
      ],
      [
       1.4234166666666668,
       42.538916666666665
      ],
      [
       1.4474472222222223,
       42.544986111111115
      ],
      [
       1.4680472222222223,
       42.510577777777776
      ],
      [
       1.4337166666666668,
       42.490833333333335
      ],
      [
       1.4474472222222223,
       42.437647222222225
      ],
      [
       1.5531916666666667,
       42.43308611111111
      ],
      [
       1.5586861111111112,
       42.45791388888889
      ],
      [
       1.6609944444444444,
       42.47260277777778
      ],
      [
       1.6630555555555555,
       42.49336666666667
      ],
      [
       1.7333333333333334,
       42.5
      ],
      [
       1.95,
       42.45
      ],
      [
       1.9833333333333334,
       42.37166666666667
      ],
      [
       2.0,
       42.35
      ],
      [
       2.2116666666666664,
       42.425
      ],
      [
       2.25,
       42.43333333333333
      ],
      [
       2.6333333333333333,
       42.35
      ],
      [
       2.7152777777777777,
       42.416666666666664
      ],
      [
       2.8833333333333333,
       42.458333333333336
      ],
      [
       2.9916666666666667,
       42.475
      ],
      [
       3.1166666666666667,
       42.44027777777778
      ],
      [
       3.1666666666666665,
       42.43333333333333
      ],
      [
       3.200277777777778,
       42.425
      ],
      [
       3.655277777777778,
       42.29694444444444
      ],
      [
       4.324722222222222,
       42.10166666666667
      ],
      [
       4.666666666666667,
       42.0
      ],
      [
       4.666666666666667,
       41.73
      ],
      [
       4.666666666666667,
       41.05638888888889
      ],
      [
       4.666666666666667,
       39.9575
      ],
      [
       4.666666666666667,
       39.71666666666667
      ],
      [
       4.666666666666667,
       39.0
      ],
      [
       3.9497222222222224,
       38.48027777777778
      ],
      [
       3.75,
       38.333333333333336
      ],
      [
       3.2019444444444445,
       38.13194444444444
      ],
      [
       2.9725,
       38.04666666666667
      ],
      [
       2.328888888888889,
       37.80361111111111
      ],
      [
       1.5,
       37.483333333333334
      ],
      [
       -0.023611111111111114,
       36.87111111111111
      ],
      [
       -1.1377777777777778,
       36.405
      ],
      [
       -1.495,
       36.25222222222222
      ],
      [
       -1.5,
       36.25
      ],
      [
       -2.1,
       35.833333333333336
      ],
      [
       -1.8883333333333332,
       36.69361111111111
      ],
      [
       -1.3333333333333333,
       38.833333333333336
      ],
      [
       -1.2666666666666666,
       39.02722222222222
      ],
      [
       -1.1,
       39.733333333333334
      ],
      [
       -1.0333333333333334,
       39.916666666666664
      ],
      [
       -0.7069444444444444,
       40.89472222222222
      ],
      [
       -0.6769444444444445,
       40.98166666666667
      ],
      [
       -0.24638888888888888,
       42.20388888888889
      ],
      [
       -0.06666666666666667,
       42.7
      ],
      [
       0.15,
       42.733333333333334
      ],
      [
       0.175,
       42.733333333333334
      ],
      [
       0.3,
       42.666666666666664
      ],
      [
       0.35,
       42.7
      ],
      [
       0.5566666666666666,
       42.7
      ],
      [
       0.65,
       42.7
      ],
      [
       0.7,
       42.86666666666667
      ]
     ]
    ]
   }
  },
  {
   "type": "Feature",
   "properties": {
    "id": "LECM",
    "indicator": "B",
    "name": "MADRID",
    "cycle": "2606"
   },
   "geometry": {
    "type": "Polygon",
    "coordinates": [
     [
      [
       -13.0,
       45.0
      ],
      [
       -9.0,
       45.0
      ],
      [
       -8.0,
       45.0
      ],
      [
       -6.92,
       44.835277777777776
      ],
      [
       -5.829722222222222,
       44.6575
      ],
      [
       -4.948888888888889,
       44.50555555555555
      ],
      [
       -4.0,
       44.333333333333336
      ],
      [
       -3.7872222222222223,
       44.263888888888886
      ],
      [
       -2.8383333333333334,
       43.948055555555555
      ],
      [
       -2.7355555555555555,
       43.91305555555556
      ],
      [
       -1.7833333333333332,
       43.58833333333333
      ],
      [
       -1.7833333333333332,
       43.583333333333336
      ],
      [
       -1.7833333333333332,
       43.35
      ],
      [
       -1.7305555555555556,
       43.31666666666667
      ],
      [
       -1.6333333333333333,
       43.266666666666666
      ],
      [
       -1.6016666666666666,
       43.24333333333333
      ],
      [
       -1.5716666666666668,
       43.25833333333333
      ],
      [
       -1.5333333333333332,
       43.28333333333333
      ],
      [
       -1.3833333333333333,
       43.25
      ],
      [
       -1.4666666666666668,
       43.1
      ],
      [
       -1.47,
       43.08166666666666
      ],
      [
       -1.4333333333333333,
       43.05
      ],
      [
       -1.3,
       43.083333333333336
      ],
      [
       -1.095,
       43.013333333333335
      ],
      [
       -1.0083333333333333,
       42.99166666666667
      ],
      [
       -0.9833333333333333,
       42.971666666666664
      ],
      [
       -0.7666666666666667,
       42.96666666666667
      ],
      [
       -0.65,
       42.875
      ],
      [
       -0.5333333333333333,
       42.794444444444444
      ],
      [
       -0.5,
       42.81666666666667
      ],
      [
       -0.3333333333333333,
       42.833333333333336
      ],
      [
       -0.295,
       42.83833333333333
      ],
      [
       -0.06666666666666667,
       42.71666666666667
      ],
      [
       -0.06666666666666667,
       42.7
      ],
      [
       -0.24638888888888888,
       42.20388888888889
      ],
      [
       -0.6769444444444445,
       40.98166666666667
      ],
      [
       -0.7069444444444444,
       40.89472222222222
      ],
      [
       -1.0333333333333334,
       39.916666666666664
      ],
      [
       -1.1,
       39.733333333333334
      ],
      [
       -1.2666666666666666,
       39.02722222222222
      ],
      [
       -1.3333333333333333,
       38.833333333333336
      ],
      [
       -1.8883333333333332,
       36.69361111111111
      ],
      [
       -2.1,
       35.833333333333336
      ],
      [
       -5.143611111111111,
       35.833333333333336
      ],
      [
       -5.658333333333333,
       35.833333333333336
      ],
      [
       -5.783627777777777,
       35.833333333333336
      ],
      [
       -5.954444444444444,
       35.833333333333336
      ],
      [
       -6.058333333333334,
       35.833333333333336
      ],
      [
       -6.063055555555556,
       35.833333333333336
      ],
      [
       -6.239166666666667,
       35.833333333333336
      ],
      [
       -6.450833333333334,
       35.833333333333336
      ],
      [
       -7.383333333333334,
       35.833333333333336
      ],
      [
       -7.383333333333334,
       35.96666666666667
      ],
      [
       -7.383333333333334,
       36.0
      ],
      [
       -7.383333333333334,
       36.047222222222224
      ],
      [
       -7.383333333333334,
       36.666666666666664
      ],
      [
       -7.383333333333334,
       36.833333333333336
      ],
      [
       -7.383333333333334,
       37.12722222222222
      ],
      [
       -7.383333333333334,
       37.166666666666664
      ],
      [
       -7.45,
       37.35
      ],
      [
       -7.45,
       37.416666666666664
      ],
      [
       -7.533333333333333,
       37.56666666666667
      ],
      [
       -7.416666666666667,
       37.766666666666666
      ],
      [
       -7.25,
       37.95
      ],
      [
       -7.116666666666666,
       38.025
      ],
      [
       -7.05,
       38.03333333333333
      ],
      [
       -7.0,
       38.083333333333336
      ],
      [
       -7.005355555555555,
       38.11666666666667
      ],
      [
       -7.016666666666667,
       38.166666666666664
      ],
      [
       -7.333333333333333,
       38.43333333333333
      ],
      [
       -7.3,
       38.55
      ],
      [
       -7.25,
       38.63333333333333
      ],
      [
       -7.25,
       38.733333333333334
      ],
      [
       -7.22,
       38.74166666666667
      ],
      [
       -7.15,
       38.8
      ],
      [
       -6.95,
       39.03333333333333
      ],
      [
       -7.016666666666667,
       39.11666666666667
      ],
      [
       -7.081666666666667,
       39.11666666666667
      ],
      [
       -7.166666666666667,
       39.11666666666667
      ],
      [
       -7.133333333333334,
       39.13333333333333
      ],
      [
       -7.216666666666667,
       39.225
      ],
      [
       -7.301666666666667,
       39.32972222222222
      ],
      [
       -7.3,
       39.333333333333336
      ],
      [
       -7.3,
       39.46666666666667
      ],
      [
       -7.533333333333333,
       39.666666666666664
      ],
      [
       -7.0,
       39.68333333333333
      ],
      [
       -6.866666666666667,
       40.0
      ],
      [
       -7.0,
       40.11666666666667
      ],
      [
       -7.016666666666667,
       40.166666666666664
      ],
      [
       -7.0,
       40.233333333333334
      ],
      [
       -6.783333333333333,
       40.35
      ],
      [
       -6.820833333333333,
       40.49305555555556
      ],
      [
       -6.816666666666666,
       40.6
      ],
      [
       -6.8,
       40.833333333333336
      ],
      [
       -6.916666666666667,
       41.016666666666666
      ],
      [
       -6.783333333333333,
       41.03333333333333
      ],
      [
       -6.666666666666667,
       41.233333333333334
      ],
      [
       -6.433333333333334,
       41.31666666666667
      ],
      [
       -6.2813888888888885,
       41.48083333333334
      ],
      [
       -6.2,
       41.583333333333336
      ],
      [
       -6.333333333333333,
       41.666666666666664
      ],
      [
       -6.516666666666667,
       41.666666666666664
      ],
      [
       -6.55,
       41.95
      ],
      [
       -6.6241666666666665,
       41.94111111111111
      ],
      [
       -6.625,
       41.94166666666667
      ],
      [
       -7.2,
       41.96666666666667
      ],
      [
       -7.216666666666667,
       41.86666666666667
      ],
      [
       -7.433333333333334,
       41.833333333333336
      ],
      [
       -7.6,
       41.85
      ],
      [
       -7.883333333333333,
       41.855555555555554
      ],
      [
       -7.883333333333333,
       41.891666666666666
      ],
      [
       -8.116666666666667,
       41.8
      ],
      [
       -8.216666666666667,
       41.916666666666664
      ],
      [
       -8.083333333333334,
       42.05
      ],
      [
       -8.183333333333334,
       42.06666666666667
      ],
      [
       -8.236666666666666,
       42.138333333333335
      ],
      [
       -8.558333333333334,
       42.05833333333333
      ],
      [
       -8.616666666666667,
       42.05
      ],
      [
       -8.866666666666667,
       41.86666666666667
      ],
      [
       -9.36138888888889,
       41.92611111111111
      ],
      [
       -9.399444444444445,
       41.935
      ],
      [
       -10.0,
       42.0
      ],
      [
       -13.0,
       43.0
      ],
      [
       -13.0,
       44.416666666666664
      ],
      [
       -13.0,
       45.0
      ]
     ]
    ]
   }
  },
  {
   "type": "Feature",
   "properties": {
    "id": "LFBB",
    "indicator": "F",
    "name": "BORDEAUX",
    "cycle": "2606"
   },
   "geometry": {
    "type": "Polygon",
    "coordinates": [
     [
      [
       -0.25,
       47.166666666666664
      ],
      [
       2.0,
       47.166666666666664
      ],
      [
       2.8333333333333335,
       46.75
      ],
      [
       2.9166666666666665,
       46.333333333333336
      ],
      [
       3.0044444444444443,
       45.7125
      ],
      [
       3.0411111111111113,
       44.624722222222225
      ],
      [
       2.7094444444444443,
       43.71472222222222
      ],
      [
       2.7069444444444444,
       43.2125
      ],
      [
       2.5722222222222224,
       43.25833333333333
      ],
      [
       2.275,
       43.0
      ],
      [
       2.7355555555555555,
       42.59111111111111
      ],
      [
       2.7152777777777777,
       42.416666666666664
      ],
      [
       2.6333333333333333,
       42.35
      ],
      [
       2.25,
       42.43333333333333
      ],
      [
       2.2116666666666664,
       42.425
      ],
      [
       2.0,
       42.35
      ],
      [
       1.9833333333333334,
       42.37166666666667
      ],
      [
       1.95,
       42.45
      ],
      [
       1.7333333333333334,
       42.5
      ],
      [
       1.6630555555555555,
       42.49336666666667
      ],
      [
       1.6609944444444444,
       42.47260277777778
      ],
      [
       1.5586861111111112,
       42.45791388888889
      ],
      [
       1.5531916666666667,
       42.43308611111111
      ],
      [
       1.4474472222222223,
       42.437647222222225
      ],
      [
       1.4337166666666668,
       42.490833333333335
      ],
      [
       1.4680472222222223,
       42.510577777777776
      ],
      [
       1.4474472222222223,
       42.544986111111115
      ],
      [
       1.4234166666666668,
       42.538916666666665
      ],
      [
       1.4433277777777778,
       42.60364166666667
      ],
      [
       1.413461111111111,
       42.655425
      ],
      [
       1.375,
       42.695
      ],
      [
       1.35,
       42.71666666666667
      ],
      [
       1.15,
       42.71666666666667
      ],
      [
       1.1166666666666667,
       42.78333333333333
      ],
      [
       1.0,
       42.78333333333333
      ],
      [
       0.9333333333333333,
       42.78333333333333
      ],
      [
       0.7,
       42.86666666666667
      ],
      [
       0.65,
       42.7
      ],
      [
       0.5566666666666666,
       42.7
      ],
      [
       0.35,
       42.7
      ],
      [
       0.3,
       42.666666666666664
      ],
      [
       0.175,
       42.733333333333334
      ],
      [
       0.15,
       42.733333333333334
      ],
      [
       -0.06666666666666667,
       42.7
      ],
      [
       -0.06666666666666667,
       42.71666666666667
      ],
      [
       -0.295,
       42.83833333333333
      ],
      [
       -0.3333333333333333,
       42.833333333333336
      ],
      [
       -0.5,
       42.81666666666667
      ],
      [
       -0.5333333333333333,
       42.794444444444444
      ],
      [
       -0.65,
       42.875
      ],
      [
       -0.7666666666666667,
       42.96666666666667
      ],
      [
       -0.9833333333333333,
       42.971666666666664
      ],
      [
       -1.0083333333333333,
       42.99166666666667
      ],
      [
       -1.095,
       43.013333333333335
      ],
      [
       -1.3,
       43.083333333333336
      ],
      [
       -1.4333333333333333,
       43.05
      ],
      [
       -1.47,
       43.08166666666666
      ],
      [
       -1.4666666666666668,
       43.1
      ],
      [
       -1.3833333333333333,
       43.25
      ],
      [
       -1.5333333333333332,
       43.28333333333333
      ],
      [
       -1.5716666666666668,
       43.25833333333333
      ],
      [
       -1.6016666666666666,
       43.24333333333333
      ],
      [
       -1.6333333333333333,
       43.266666666666666
      ],
      [
       -1.7305555555555556,
       43.31666666666667
      ],
      [
       -1.7833333333333332,
       43.35
      ],
      [
       -1.7833333333333332,
       43.583333333333336
      ],
      [
       -1.7833333333333332,
       43.58833333333333
      ],
      [
       -1.7833333333333332,
       43.71111111111111
      ],
      [
       -1.6333333333333333,
       46.5
      ],
      [
       -0.25,
       46.5
      ],
      [
       -0.25,
       47.166666666666664
      ]
     ]
    ]
   }
  },
  {
   "type": "Feature",
   "properties": {
    "id": "LFEE",
    "indicator": "F",
    "name": "REIMS",
    "cycle": "2606"
   },
   "geometry": {
    "type": "Polygon",
    "coordinates": [
     [
      [
       6.25,
       49.50666666666667
      ],
      [
       6.358055555555556,
       49.459722222222226
      ],
      [
       6.367222222222222,
       49.46944444444444
      ],
      [
       6.3675,
       49.46944444444444
      ],
      [
       6.394722222222223,
       49.464444444444446
      ],
      [
       6.428055555555556,
       49.47694444444444
      ],
      [
       6.440555555555555,
       49.46666666666667
      ],
      [
       6.443333333333333,
       49.468333333333334
      ],
      [
       6.456111111111111,
       49.463055555555556
      ],
      [
       6.465,
       49.465833333333336
      ],
      [
       6.4816666666666665,
       49.45472222222222
      ],
      [
       6.486944444444444,
       49.451388888888886
      ],
      [
       6.499444444444444,
       49.45027777777778
      ],
      [
       6.5344444444444445,
       49.43555555555555
      ],
      [
       6.546388888888889,
       49.42861111111111
      ],
      [
       6.557222222222222,
       49.419444444444444
      ],
      [
       6.538611111111111,
       49.4125
      ],
      [
       6.5408333333333335,
       49.40111111111111
      ],
      [
       6.5633333333333335,
       49.38805555555555
      ],
      [
       6.5875,
       49.38444444444445
      ],
      [
       6.586111111111111,
       49.37916666666667
      ],
      [
       6.583055555555555,
       49.368611111111115
      ],
      [
       6.594444444444444,
       49.37138888888889
      ],
      [
       6.602222222222222,
       49.36694444444444
      ],
      [
       6.5975,
       49.36083333333333
      ],
      [
       6.5872222222222225,
       49.34972222222222
      ],
      [
       6.574166666666667,
       49.35888888888889
      ],
      [
       6.563611111111111,
       49.35583333333334
      ],
      [
       6.578333333333333,
       49.335
      ],
      [
       6.589444444444444,
       49.334722222222226
      ],
      [
       6.595555555555555,
       49.33
      ],
      [
       6.588888888888889,
       49.32222222222222
      ],
      [
       6.617222222222222,
       49.301944444444445
      ],
      [
       6.638888888888889,
       49.29555555555555
      ],
      [
       6.653333333333333,
       49.28111111111111
      ],
      [
       6.67,
       49.280277777777776
      ],
      [
       6.661388888888888,
       49.25861111111111
      ],
      [
       6.664722222222222,
       49.254444444444445
      ],
      [
       6.6755555555555555,
       49.2575
      ],
      [
       6.678055555555556,
       49.255
      ],
      [
       6.683888888888889,
       49.253055555555555
      ],
      [
       6.688055555555556,
       49.24944444444444
      ],
      [
       6.685833333333333,
       49.23972222222222
      ],
      [
       6.690833333333334,
       49.23
      ],
      [
       6.688888888888889,
       49.22277777777778
      ],
      [
       6.689722222222223,
       49.220555555555556
      ],
      [
       6.695833333333333,
       49.215
      ],
      [
       6.711111111111111,
       49.21805555555556
      ],
      [
       6.721111111111111,
       49.220555555555556
      ],
      [
       6.731388888888889,
       49.20611111111111
      ],
      [
       6.723888888888888,
       49.19916666666666
      ],
      [
       6.711388888888889,
       49.18833333333333
      ],
      [
       6.720555555555555,
       49.17527777777778
      ],
      [
       6.738333333333333,
       49.16361111111111
      ],
      [
       6.746388888888889,
       49.16583333333333
      ],
      [
       6.751388888888889,
       49.166666666666664
      ],
      [
       6.760555555555555,
       49.164722222222224
      ],
      [
       6.780277777777778,
       49.16833333333334
      ],
      [
       6.789722222222222,
       49.166111111111114
      ],
      [
       6.82,
       49.15611111111111
      ],
      [
       6.833888888888889,
       49.15111111111111
      ],
      [
       6.835277777777778,
       49.151666666666664
      ],
      [
       6.845277777777778,
       49.15611111111111
      ],
      [
       6.8475,
       49.157222222222224
      ],
      [
       6.844166666666666,
       49.17305555555556
      ],
      [
       6.858611111111111,
       49.175
      ],
      [
       6.861666666666666,
       49.181666666666665
      ],
      [
       6.836111111111111,
       49.21138888888889
      ],
      [
       6.858888888888889,
       49.22277777777778
      ],
      [
       6.870555555555556,
       49.21861111111111
      ],
      [
       6.8725000000000005,
       49.21472222222222
      ],
      [
       6.892777777777778,
       49.208888888888886
      ],
      [
       6.925277777777778,
       49.223333333333336
      ],
      [
       6.931111111111111,
       49.22222222222222
      ],
      [
       6.9383333333333335,
       49.2225
      ],
      [
       6.9399999999999995,
       49.21666666666667
      ],
      [
       6.959722222222222,
       49.20305555555556
      ],
      [
       6.972777777777778,
       49.20944444444444
      ],
      [
       7.0136111111111115,
       49.18861111111111
      ],
      [
       7.035,
       49.19138888888889
      ],
      [
       7.032777777777778,
       49.16277777777778
      ],
      [
       7.046666666666667,
       49.11666666666667
      ],
      [
       7.057777777777778,
       49.11194444444445
      ],
      [
       7.068333333333333,
       49.11666666666667
      ],
      [
       7.09,
       49.132777777777775
      ],
      [
       7.080277777777778,
       49.149166666666666
      ],
      [
       7.104444444444445,
       49.155833333333334
      ],
      [
       7.104166666666667,
       49.13861111111111
      ],
      [
       7.126388888888889,
       49.14222222222222
      ],
      [
       7.135833333333333,
       49.12833333333333
      ],
      [
       7.149444444444445,
       49.125277777777775
      ],
      [
       7.150555555555556,
       49.125
      ],
      [
       7.159166666666667,
       49.120555555555555
      ],
      [
       7.165277777777778,
       49.12861111111111
      ],
      [
       7.186388888888889,
       49.13027777777778
      ],
      [
       7.197777777777778,
       49.11666666666667
      ],
      [
       7.200277777777778,
       49.11666666666667
      ],
      [
       7.208611111111111,
       49.124722222222225
      ],
      [
       7.245277777777778,
       49.12972222222222
      ],
      [
       7.293888888888889,
       49.115
      ],
      [
       7.3125,
       49.134166666666665
      ],
      [
       7.33,
       49.145
      ],
      [
       7.352777777777778,
       49.14333333333333
      ],
      [
       7.3625,
       49.14333333333333
      ],
      [
       7.365555555555556,
       49.17194444444444
      ],
      [
       7.445555555555556,
       49.18416666666667
      ],
      [
       7.4325,
       49.16583333333333
      ],
      [
       7.451666666666667,
       49.1675
      ],
      [
       7.459722222222222,
       49.16277777777778
      ],
      [
       7.472222222222222,
       49.16861111111111
      ],
      [
       7.494166666666667,
       49.16972222222222
      ],
      [
       7.493333333333333,
       49.166666666666664
      ],
      [
       7.506111111111111,
       49.15027777777778
      ],
      [
       7.489722222222222,
       49.13638888888889
      ],
      [
       7.501388888888889,
       49.12888888888889
      ],
      [
       7.529444444444445,
       49.10166666666667
      ],
      [
       7.529166666666667,
       49.09722222222222
      ],
      [
       7.561111111111111,
       49.08138888888889
      ],
      [
       7.570555555555556,
       49.08
      ],
      [
       7.6,
       49.083333333333336
      ],
      [
       7.608055555555556,
       49.08
      ],
      [
       7.620277777777778,
       49.07416666666666
      ],
      [
       7.63,
       49.07361111111111
      ],
      [
       7.631666666666667,
       49.055
      ],
      [
       7.676666666666667,
       49.04555555555555
      ],
      [
       7.697777777777778,
       49.056111111111115
      ],
      [
       7.731944444444444,
       49.05555555555556
      ],
      [
       7.732222222222222,
       49.044444444444444
      ],
      [
       7.769722222222223,
       49.047777777777775
      ],
      [
       7.796111111111111,
       49.06527777777778
      ],
      [
       7.835277777777778,
       49.047222222222224
      ],
      [
       7.868055555555555,
       49.03333333333333
      ],
      [
       7.889166666666666,
       49.049166666666665
      ],
      [
       7.901666666666666,
       49.04472222222222
      ],
      [
       7.910833333333334,
       49.04527777777778
      ],
      [
       7.913055555555555,
       49.040277777777774
      ],
      [
       7.935555555555555,
       49.05777777777778
      ],
      [
       7.985277777777778,
       49.026666666666664
      ],
      [
       8.051388888888889,
       49.01305555555555
      ],
      [
       8.066666666666666,
       49.0
      ],
      [
       8.14,
       48.97833333333333
      ],
      [
       8.178055555555556,
       48.978611111111114
      ],
      [
       8.196111111111112,
       48.97638888888889
      ],
      [
       8.195555555555556,
       48.96888888888889
      ],
      [
       8.199444444444444,
       48.966944444444444
      ],
      [
       8.215555555555556,
       48.97527777777778
      ],
      [
       8.225555555555555,
       48.975
      ],
      [
       8.228333333333333,
       48.971111111111114
      ],
      [
       8.22861111111111,
       48.97027777777778
      ],
      [
       8.231944444444444,
       48.96611111111111
      ],
      [
       8.203055555555556,
       48.959722222222226
      ],
      [
       8.160555555555556,
       48.916111111111114
      ],
      [
       8.126111111111111,
       48.87305555555555
      ],
      [
       8.113333333333333,
       48.84861111111111
      ],
      [
       8.10388888888889,
       48.820277777777775
      ],
      [
       8.091666666666667,
       48.806111111111115
      ],
      [
       8.075555555555555,
       48.794444444444444
      ],
      [
       8.036111111111111,
       48.789722222222224
      ],
      [
       8.011666666666667,
       48.76
      ],
      [
       7.970833333333333,
       48.7575
      ],
      [
       7.959722222222222,
       48.71861111111111
      ],
      [
       7.910833333333334,
       48.67916666666667
      ],
      [
       7.893888888888889,
       48.665277777777774
      ],
      [
       7.876666666666667,
       48.656666666666666
      ],
      [
       7.874722222222222,
       48.655833333333334
      ],
      [
       7.873888888888889,
       48.65555555555556
      ],
      [
       7.84,
       48.64194444444445
      ],
      [
       7.823333333333333,
       48.611666666666665
      ],
      [
       7.804444444444444,
       48.5925
      ],
      [
       7.801944444444445,
       48.573055555555555
      ],
      [
       7.806666666666667,
       48.52027777777778
      ],
      [
       7.799444444444444,
       48.50611111111111
      ],
      [
       7.767222222222222,
       48.48888888888889
      ],
      [
       7.766111111111111,
       48.45944444444444
      ],
      [
       7.7325,
       48.394444444444446
      ],
      [
       7.737777777777778,
       48.36361111111111
      ],
      [
       7.744722222222222,
       48.32861111111111
      ],
      [
       7.6975,
       48.306666666666665
      ],
      [
       7.661666666666667,
       48.21722222222222
      ],
      [
       7.601944444444444,
       48.159444444444446
      ],
      [
       7.57,
       48.08305555555555
      ],
      [
       7.569444444444445,
       48.08138888888889
      ],
      [
       7.579166666666667,
       48.02444444444444
      ],
      [
       7.5905555555555555,
       48.015
      ],
      [
       7.617222222222222,
       47.98777777777778
      ],
      [
       7.621944444444445,
       47.971944444444446
      ],
      [
       7.595833333333333,
       47.94361111111111
      ],
      [
       7.588888888888889,
       47.93611111111111
      ],
      [
       7.585,
       47.93333333333333
      ],
      [
       7.580277777777778,
       47.89472222222222
      ],
      [
       7.557777777777778,
       47.881388888888885
      ],
      [
       7.5600000000000005,
       47.85916666666667
      ],
      [
       7.560277777777777,
       47.836666666666666
      ],
      [
       7.555555555555555,
       47.83083333333333
      ],
      [
       7.546111111111111,
       47.81444444444445
      ],
      [
       7.530833333333334,
       47.771388888888886
      ],
      [
       7.531944444444444,
       47.76833333333333
      ],
      [
       7.533333333333333,
       47.766666666666666
      ],
      [
       7.548333333333334,
       47.73972222222222
      ],
      [
       7.541111111111111,
       47.719166666666666
      ],
      [
       7.5119444444444445,
       47.69777777777778
      ],
      [
       7.530277777777778,
       47.655833333333334
      ],
      [
       7.567222222222222,
       47.63194444444444
      ],
      [
       7.573888888888889,
       47.61611111111111
      ],
      [
       7.5925,
       47.602222222222224
      ],
      [
       7.589166666666666,
       47.59
      ],
      [
       7.584722222222222,
       47.57555555555555
      ],
      [
       7.566666666666666,
       47.577777777777776
      ],
      [
       7.5575,
       47.56527777777778
      ],
      [
       7.499444444444444,
       47.53944444444444
      ],
      [
       7.5024999999999995,
       47.528333333333336
      ],
      [
       7.519166666666667,
       47.534444444444446
      ],
      [
       7.531388888888889,
       47.528333333333336
      ],
      [
       7.5225,
       47.51444444444444
      ],
      [
       7.516388888888889,
       47.51722222222222
      ],
      [
       7.501388888888889,
       47.514722222222225
      ],
      [
       7.5088888888888885,
       47.50972222222222
      ],
      [
       7.510555555555555,
       47.5025
      ],
      [
       7.5088888888888885,
       47.50222222222222
      ],
      [
       7.511111111111111,
       47.496944444444445
      ],
      [
       7.4911111111111115,
       47.484722222222224
      ],
      [
       7.4775,
       47.48027777777778
      ],
      [
       7.435277777777777,
       47.49777777777778
      ],
      [
       7.420833333333333,
       47.480555555555554
      ],
      [
       7.456111111111111,
       47.47277777777778
      ],
      [
       7.445277777777778,
       47.46194444444444
      ],
      [
       7.428055555555556,
       47.458333333333336
      ],
      [
       7.421111111111111,
       47.44583333333333
      ],
      [
       7.384444444444444,
       47.43222222222222
      ],
      [
       7.302777777777778,
       47.43861111111111
      ],
      [
       7.256111111111111,
       47.42472222222222
      ],
      [
       7.254444444444444,
       47.424166666666665
      ],
      [
       7.245833333333334,
       47.42111111111111
      ],
      [
       7.245277777777778,
       47.42583333333334
      ],
      [
       7.226388888888889,
       47.44
      ],
      [
       7.206666666666667,
       47.435
      ],
      [
       7.170555555555556,
       47.44444444444444
      ],
      [
       7.191666666666666,
       47.48916666666667
      ],
      [
       7.126666666666667,
       47.50277777777778
      ],
      [
       7.078333333333333,
       47.48861111111111
      ],
      [
       7.048611111111111,
       47.49638888888889
      ],
      [
       7.016666666666667,
       47.50388888888889
      ],
      [
       6.983055555555556,
       47.493611111111115
      ],
      [
       6.996944444444445,
       47.45055555555555
      ],
      [
       6.990833333333334,
       47.45027777777778
      ],
      [
       6.9399999999999995,
       47.433055555555555
      ],
      [
       6.938611111111111,
       47.405833333333334
      ],
      [
       6.917222222222222,
       47.405277777777776
      ],
      [
       6.911666666666667,
       47.385555555555555
      ],
      [
       6.8875,
       47.37583333333333
      ],
      [
       6.879166666666666,
       47.352777777777774
      ],
      [
       7.034166666666667,
       47.36972222222222
      ],
      [
       7.0625,
       47.344166666666666
      ],
      [
       7.0569444444444445,
       47.33416666666667
      ],
      [
       7.049722222222222,
       47.329166666666666
      ],
      [
       7.010277777777778,
       47.324444444444445
      ],
      [
       7.0088888888888885,
       47.30166666666667
      ],
      [
       6.964722222222222,
       47.29222222222222
      ],
      [
       6.940555555555555,
       47.285833333333336
      ],
      [
       6.955277777777778,
       47.242777777777775
      ],
      [
       6.840833333333333,
       47.17166666666667
      ],
      [
       6.858333333333333,
       47.16416666666667
      ],
      [
       6.805,
       47.13027777777778
      ],
      [
       6.740277777777778,
       47.10805555555555
      ],
      [
       6.743333333333333,
       47.09222222222222
      ],
      [
       6.713888888888889,
       47.08722222222222
      ],
      [
       6.700555555555556,
       47.07
      ],
      [
       6.691666666666666,
       47.06666666666667
      ],
      [
       6.711388888888889,
       47.05416666666667
      ],
      [
       6.719722222222222,
       47.05166666666667
      ],
      [
       6.694444444444445,
       47.03722222222222
      ],
      [
       6.679722222222222,
       47.035833333333336
      ],
      [
       6.659166666666667,
       47.0275
      ],
      [
       6.635,
       46.99916666666667
      ],
      [
       6.618055555555555,
       46.99166666666667
      ],
      [
       6.6,
       46.9925
      ],
      [
       6.572777777777778,
       46.98222222222222
      ],
      [
       6.523888888888889,
       46.971944444444446
      ],
      [
       6.504722222222222,
       46.965833333333336
      ],
      [
       6.496388888888889,
       46.97416666666667
      ],
      [
       6.475833333333333,
       46.960277777777776
      ],
      [
       6.460277777777778,
       46.94361111111111
      ],
      [
       6.432777777777778,
       46.92888888888889
      ],
      [
       6.449722222222222,
       46.909444444444446
      ],
      [
       6.464722222222222,
       46.890277777777776
      ],
      [
       6.46,
       46.85138888888889
      ],
      [
       6.46,
       46.85111111111111
      ],
      [
       6.443333333333333,
       46.83277777777778
      ],
      [
       6.440833333333333,
       46.815555555555555
      ],
      [
       6.431111111111111,
       46.812222222222225
      ],
      [
       6.434722222222222,
       46.80166666666667
      ],
      [
       6.458333333333333,
       46.78861111111111
      ],
      [
       6.453611111111111,
       46.78138888888889
      ],
      [
       6.448611111111111,
       46.77305555555556
      ],
      [
       6.44,
       46.76777777777778
      ],
      [
       6.4383333333333335,
       46.766666666666666
      ],
      [
       6.4375,
       46.76138888888889
      ],
      [
       6.388333333333334,
       46.74305555555556
      ],
      [
       6.384166666666666,
       46.73138888888889
      ],
      [
       6.273055555555556,
       46.684444444444445
      ],
      [
       6.269166666666667,
       46.6825
      ],
      [
       6.266944444444444,
       46.67611111111111
      ],
      [
       6.210277777777778,
       46.639722222222225
      ],
      [
       6.110833333333334,
       46.57611111111111
      ],
      [
       6.1563888888888885,
       46.54527777777778
      ],
      [
       6.1125,
       46.50944444444445
      ],
      [
       6.108333333333333,
       46.5
      ],
      [
       4.833333333333333,
       46.5
      ],
      [
       4.333333333333333,
       47.416666666666664
      ],
      [
       5.166666666666667,
       48.166666666666664
      ],
      [
       5.733333333333333,
       48.25
      ],
      [
       4.8,
       48.95
      ],
      [
       6.0,
       49.45
      ],
      [
       6.0344444444444445,
       49.44777777777778
      ],
      [
       6.091944444444445,
       49.45
      ],
      [
       6.183333333333334,
       49.5
      ],
      [
       6.25,
       49.50666666666667
      ]
     ]
    ]
   }
  },
  {
   "type": "Feature",
   "properties": {
    "id": "LFFF",
    "indicator": "F",
    "name": "PARIS",
    "cycle": "2606"
   },
   "geometry": {
    "type": "Polygon",
    "coordinates": [
     [
      [
       2.0,
       51.11666666666667
      ],
      [
       2.5455555555555556,
       51.089166666666664
      ],
      [
       2.5749805555555554,
       51.00096111111111
      ],
      [
       2.608625,
       50.99015555555555
      ],
      [
       2.631283333333333,
       50.94756388888889
      ],
      [
       2.5959222222222222,
       50.92095277777778
      ],
      [
       2.6166666666666667,
       50.85
      ],
      [
       2.9,
       50.7
      ],
      [
       2.9333333333333336,
       50.75
      ],
      [
       3.15,
       50.78333333333333
      ],
      [
       3.2333333333333334,
       50.708333333333336
      ],
      [
       3.3,
       50.53333333333333
      ],
      [
       3.4416666666666664,
       50.5
      ],
      [
       3.6,
       50.5
      ],
      [
       3.631666666666667,
       50.475
      ],
      [
       3.6683333333333334,
       50.42
      ],
      [
       3.661388888888889,
       50.36944444444445
      ],
      [
       3.7075,
       50.30027777777778
      ],
      [
       3.7275,
       50.3
      ],
      [
       3.75,
       50.345555555555556
      ],
      [
       3.8169444444444443,
       50.35
      ],
      [
       3.9166666666666665,
       50.33083333333333
      ],
      [
       4.030555555555556,
       50.35
      ],
      [
       4.1475,
       50.257222222222225
      ],
      [
       4.216666666666667,
       50.266666666666666
      ],
      [
       4.178055555555556,
       50.22472222222222
      ],
      [
       4.133333333333334,
       50.15
      ],
      [
       4.208333333333333,
       50.108333333333334
      ],
      [
       4.173611111111111,
       50.03722222222222
      ],
      [
       4.145833333333333,
       49.980555555555554
      ],
      [
       4.45,
       49.93333333333333
      ],
      [
       4.633333333333333,
       49.99166666666667
      ],
      [
       4.683333333333334,
       50.0
      ],
      [
       4.739166666666667,
       50.10805555555555
      ],
      [
       4.834722222222222,
       50.153055555555554
      ],
      [
       4.876111111111111,
       50.12972222222222
      ],
      [
       4.835277777777778,
       50.035555555555554
      ],
      [
       4.8,
       49.96666666666667
      ],
      [
       4.881111111111111,
       49.913333333333334
      ],
      [
       4.852222222222222,
       49.86222222222222
      ],
      [
       4.861666666666666,
       49.79555555555555
      ],
      [
       4.933333333333334,
       49.7875
      ],
      [
       5.0,
       49.8
      ],
      [
       5.081666666666667,
       49.76166666666667
      ],
      [
       5.136111111111111,
       49.714444444444446
      ],
      [
       5.226944444444444,
       49.685
      ],
      [
       5.269444444444445,
       49.69583333333333
      ],
      [
       5.216666666666667,
       49.655833333333334
      ],
      [
       5.302777777777778,
       49.62833333333333
      ],
      [
       5.3225,
       49.61666666666667
      ],
      [
       5.381666666666667,
       49.61666666666667
      ],
      [
       5.4725,
       49.53111111111111
      ],
      [
       5.466666666666667,
       49.5
      ],
      [
       5.75,
       49.545833333333334
      ],
      [
       5.756058333333334,
       49.545988888888886
      ],
      [
       5.758633333333333,
       49.55991111111111
      ],
      [
       5.772536111111111,
       49.563138888888886
      ],
      [
       5.796055555555555,
       49.551002777777775
      ],
      [
       5.818611111111111,
       49.54638888888889
      ],
      [
       5.809647222222222,
       49.54287222222222
      ],
      [
       5.8172,
       49.537077777777775
      ],
      [
       5.836991666666666,
       49.54275277777778
      ],
      [
       5.845916666666667,
       49.530052777777776
      ],
      [
       5.833558333333333,
       49.52671111111111
      ],
      [
       5.865144444444445,
       49.50007222222222
      ],
      [
       5.899288888888889,
       49.49695555555556
      ],
      [
       5.923494444444445,
       49.499630555555555
      ],
      [
       5.958333333333333,
       49.483333333333334
      ],
      [
       6.0,
       49.45
      ],
      [
       4.8,
       48.95
      ],
      [
       5.733333333333333,
       48.25
      ],
      [
       5.166666666666667,
       48.166666666666664
      ],
      [
       4.333333333333333,
       47.416666666666664
      ],
      [
       4.833333333333333,
       46.5
      ],
      [
       3.7466666666666666,
       46.5
      ],
      [
       3.5300000000000002,
       46.5
      ],
      [
       3.2666666666666666,
       46.5
      ],
      [
       2.9166666666666665,
       46.333333333333336
      ],
      [
       2.8333333333333335,
       46.75
      ],
      [
       2.0,
       47.166666666666664
      ],
      [
       -0.25,
       47.166666666666664
      ],
      [
       -0.25,
       48.045
      ],
      [
       -0.25,
       48.303333333333335
      ],
      [
       -0.25,
       48.49166666666667
      ],
      [
       -0.25,
       48.53333333333333
      ],
      [
       -0.25,
       48.68
      ],
      [
       -0.25,
       49.155
      ],
      [
       -0.25,
       50.0
      ],
      [
       2.7777777777777775e-06,
       50.098333333333336
      ],
      [
       0.26666666666666666,
       50.205
      ],
      [
       1.21,
       50.57
      ],
      [
       1.4666666666666668,
       50.666666666666664
      ],
      [
       1.4666666666666668,
       50.92
      ],
      [
       1.4666666666666668,
       51.0
      ],
      [
       1.555,
       51.02
      ],
      [
       1.6133333333333333,
       51.031666666666666
      ],
      [
       2.0,
       51.11666666666667
      ]
     ]
    ]
   }
  },
  {
   "type": "Feature",
   "properties": {
    "id": "LFFF",
    "indicator": "U",
    "name": "FRANCE",
    "cycle": "2606"
   },
   "geometry": {
    "type": "Polygon",
    "coordinates": [
     [
      [
       2.0,
       51.11666666666667
      ],
      [
       2.5455555555555556,
       51.089166666666664
      ],
      [
       2.5749805555555554,
       51.00096111111111
      ],
      [
       2.608625,
       50.99015555555555
      ],
      [
       2.631283333333333,
       50.94756388888889
      ],
      [
       2.5959222222222222,
       50.92095277777778
      ],
      [
       2.6166666666666667,
       50.85
      ],
      [
       2.9,
       50.7
      ],
      [
       2.9333333333333336,
       50.75
      ],
      [
       3.15,
       50.78333333333333
      ],
      [
       3.2333333333333334,
       50.708333333333336
      ],
      [
       3.3,
       50.53333333333333
      ],
      [
       3.4416666666666664,
       50.5
      ],
      [
       3.6,
       50.5
      ],
      [
       3.631666666666667,
       50.475
      ],
      [
       3.6683333333333334,
       50.42
      ],
      [
       3.661388888888889,
       50.36944444444445
      ],
      [
       3.7075,
       50.30027777777778
      ],
      [
       3.7275,
       50.3
      ],
      [
       3.75,
       50.345555555555556
      ],
      [
       3.8169444444444443,
       50.35
      ],
      [
       3.9166666666666665,
       50.33083333333333
      ],
      [
       4.030555555555556,
       50.35
      ],
      [
       4.1475,
       50.257222222222225
      ],
      [
       4.216666666666667,
       50.266666666666666
      ],
      [
       4.178055555555556,
       50.22472222222222
      ],
      [
       4.133333333333334,
       50.15
      ],
      [
       4.208333333333333,
       50.108333333333334
      ],
      [
       4.145833333333333,
       49.980555555555554
      ],
      [
       4.45,
       49.93333333333333
      ],
      [
       4.633333333333333,
       49.99166666666667
      ],
      [
       4.683333333333334,
       50.0
      ],
      [
       4.739166666666667,
       50.10805555555555
      ],
      [
       4.834722222222222,
       50.153055555555554
      ],
      [
       4.876111111111111,
       50.12972222222222
      ],
      [
       4.835277777777778,
       50.035555555555554
      ],
      [
       4.8,
       49.96666666666667
      ],
      [
       4.881111111111111,
       49.913333333333334
      ],
      [
       4.852222222222222,
       49.86222222222222
      ],
      [
       4.861666666666666,
       49.79555555555555
      ],
      [
       4.933333333333334,
       49.7875
      ],
      [
       5.0,
       49.8
      ],
      [
       5.081666666666667,
       49.76166666666667
      ],
      [
       5.136111111111111,
       49.714444444444446
      ],
      [
       5.226944444444444,
       49.685
      ],
      [
       5.269444444444445,
       49.69583333333333
      ],
      [
       5.216666666666667,
       49.655833333333334
      ],
      [
       5.302777777777778,
       49.62833333333333
      ],
      [
       5.3225,
       49.61666666666667
      ],
      [
       5.381666666666667,
       49.61666666666667
      ],
      [
       5.4725,
       49.53111111111111
      ],
      [
       5.466666666666667,
       49.5
      ],
      [
       5.75,
       49.545833333333334
      ],
      [
       5.756058333333334,
       49.545988888888886
      ],
      [
       5.758633333333333,
       49.55991111111111
      ],
      [
       5.772536111111111,
       49.563138888888886
      ],
      [
       5.796055555555555,
       49.551002777777775
      ],
      [
       5.818611111111111,
       49.54638888888889
      ],
      [
       5.809647222222222,
       49.54287222222222
      ],
      [
       5.8172,
       49.537077777777775
      ],
      [
       5.836991666666666,
       49.54275277777778
      ],
      [
       5.845916666666667,
       49.530052777777776
      ],
      [
       5.833558333333333,
       49.52671111111111
      ],
      [
       5.865144444444445,
       49.50007222222222
      ],
      [
       5.899288888888889,
       49.49695555555556
      ],
      [
       5.923494444444445,
       49.499630555555555
      ],
      [
       5.958333333333333,
       49.483333333333334
      ],
      [
       6.0,
       49.45
      ],
      [
       6.0344444444444445,
       49.44777777777778
      ],
      [
       6.091944444444445,
       49.45
      ],
      [
       6.183333333333334,
       49.5
      ],
      [
       6.25,
       49.50666666666667
      ],
      [
       6.358055555555556,
       49.459722222222226
      ],
      [
       6.367222222222222,
       49.46944444444444
      ],
      [
       6.3675,
       49.46944444444444
      ],
      [
       6.394722222222223,
       49.464444444444446
      ],
      [
       6.428055555555556,
       49.47694444444444
      ],
      [
       6.440555555555555,
       49.46666666666667
      ],
      [
       6.443333333333333,
       49.468333333333334
      ],
      [
       6.456111111111111,
       49.463055555555556
      ],
      [
       6.465,
       49.465833333333336
      ],
      [
       6.4816666666666665,
       49.45472222222222
      ],
      [
       6.486944444444444,
       49.451388888888886
      ],
      [
       6.499444444444444,
       49.45027777777778
      ],
      [
       6.5344444444444445,
       49.43555555555555
      ],
      [
       6.546388888888889,
       49.42861111111111
      ],
      [
       6.557222222222222,
       49.419444444444444
      ],
      [
       6.538611111111111,
       49.4125
      ],
      [
       6.5408333333333335,
       49.40111111111111
      ],
      [
       6.5633333333333335,
       49.38805555555555
      ],
      [
       6.5875,
       49.38444444444445
      ],
      [
       6.586111111111111,
       49.37916666666667
      ],
      [
       6.583055555555555,
       49.368611111111115
      ],
      [
       6.594444444444444,
       49.37138888888889
      ],
      [
       6.602222222222222,
       49.36694444444444
      ],
      [
       6.5975,
       49.36083333333333
      ],
      [
       6.5872222222222225,
       49.34972222222222
      ],
      [
       6.574166666666667,
       49.35888888888889
      ],
      [
       6.563611111111111,
       49.35583333333334
      ],
      [
       6.578333333333333,
       49.335
      ],
      [
       6.589444444444444,
       49.334722222222226
      ],
      [
       6.595555555555555,
       49.33
      ],
      [
       6.588888888888889,
       49.32222222222222
      ],
      [
       6.617222222222222,
       49.301944444444445
      ],
      [
       6.638888888888889,
       49.29555555555555
      ],
      [
       6.653333333333333,
       49.28111111111111
      ],
      [
       6.67,
       49.280277777777776
      ],
      [
       6.661388888888888,
       49.25861111111111
      ],
      [
       6.664722222222222,
       49.254444444444445
      ],
      [
       6.6755555555555555,
       49.2575
      ],
      [
       6.678055555555556,
       49.255
      ],
      [
       6.683888888888889,
       49.253055555555555
      ],
      [
       6.688055555555556,
       49.24944444444444
      ],
      [
       6.685833333333333,
       49.23972222222222
      ],
      [
       6.690833333333334,
       49.23
      ],
      [
       6.688888888888889,
       49.22277777777778
      ],
      [
       6.689722222222223,
       49.220555555555556
      ],
      [
       6.695833333333333,
       49.215
      ],
      [
       6.711111111111111,
       49.21805555555556
      ],
      [
       6.721111111111111,
       49.220555555555556
      ],
      [
       6.731388888888889,
       49.20611111111111
      ],
      [
       6.723888888888888,
       49.19916666666666
      ],
      [
       6.711388888888889,
       49.18833333333333
      ],
      [
       6.720555555555555,
       49.17527777777778
      ],
      [
       6.738333333333333,
       49.16361111111111
      ],
      [
       6.746388888888889,
       49.16583333333333
      ],
      [
       6.751388888888889,
       49.166666666666664
      ],
      [
       6.760555555555555,
       49.164722222222224
      ],
      [
       6.780277777777778,
       49.16833333333334
      ],
      [
       6.789722222222222,
       49.166111111111114
      ],
      [
       6.82,
       49.15611111111111
      ],
      [
       6.833888888888889,
       49.15111111111111
      ],
      [
       6.835277777777778,
       49.151666666666664
      ],
      [
       6.845277777777778,
       49.15611111111111
      ],
      [
       6.8475,
       49.157222222222224
      ],
      [
       6.844166666666666,
       49.17305555555556
      ],
      [
       6.858611111111111,
       49.175
      ],
      [
       6.861666666666666,
       49.181666666666665
      ],
      [
       6.836111111111111,
       49.21138888888889
      ],
      [
       6.858888888888889,
       49.22277777777778
      ],
      [
       6.870555555555556,
       49.21861111111111
      ],
      [
       6.8725000000000005,
       49.21472222222222
      ],
      [
       6.892777777777778,
       49.208888888888886
      ],
      [
       6.925277777777778,
       49.223333333333336
      ],
      [
       6.931111111111111,
       49.22222222222222
      ],
      [
       6.9383333333333335,
       49.2225
      ],
      [
       6.9399999999999995,
       49.21666666666667
      ],
      [
       6.959722222222222,
       49.20305555555556
      ],
      [
       6.972777777777778,
       49.20944444444444
      ],
      [
       7.0136111111111115,
       49.18861111111111
      ],
      [
       7.035,
       49.19138888888889
      ],
      [
       7.032777777777778,
       49.16277777777778
      ],
      [
       7.046666666666667,
       49.11666666666667
      ],
      [
       7.057777777777778,
       49.11194444444445
      ],
      [
       7.068333333333333,
       49.11666666666667
      ],
      [
       7.09,
       49.132777777777775
      ],
      [
       7.080277777777778,
       49.149166666666666
      ],
      [
       7.104444444444445,
       49.155833333333334
      ],
      [
       7.104166666666667,
       49.13861111111111
      ],
      [
       7.126388888888889,
       49.14222222222222
      ],
      [
       7.135833333333333,
       49.12833333333333
      ],
      [
       7.149444444444445,
       49.125277777777775
      ],
      [
       7.150555555555556,
       49.125
      ],
      [
       7.159166666666667,
       49.120555555555555
      ],
      [
       7.165277777777778,
       49.12861111111111
      ],
      [
       7.186388888888889,
       49.13027777777778
      ],
      [
       7.197777777777778,
       49.11666666666667
      ],
      [
       7.200277777777778,
       49.11666666666667
      ],
      [
       7.208611111111111,
       49.124722222222225
      ],
      [
       7.245277777777778,
       49.12972222222222
      ],
      [
       7.293888888888889,
       49.115
      ],
      [
       7.3125,
       49.134166666666665
      ],
      [
       7.33,
       49.145
      ],
      [
       7.352777777777778,
       49.14333333333333
      ],
      [
       7.3625,
       49.14333333333333
      ],
      [
       7.365555555555556,
       49.17194444444444
      ],
      [
       7.445555555555556,
       49.18416666666667
      ],
      [
       7.4325,
       49.16583333333333
      ],
      [
       7.451666666666667,
       49.1675
      ],
      [
       7.459722222222222,
       49.16277777777778
      ],
      [
       7.472222222222222,
       49.16861111111111
      ],
      [
       7.494166666666667,
       49.16972222222222
      ],
      [
       7.493333333333333,
       49.166666666666664
      ],
      [
       7.506111111111111,
       49.15027777777778
      ],
      [
       7.489722222222222,
       49.13638888888889
      ],
      [
       7.501388888888889,
       49.12888888888889
      ],
      [
       7.529444444444445,
       49.10166666666667
      ],
      [
       7.529166666666667,
       49.09722222222222
      ],
      [
       7.561111111111111,
       49.08138888888889
      ],
      [
       7.570555555555556,
       49.08
      ],
      [
       7.6,
       49.083333333333336
      ],
      [
       7.608055555555556,
       49.08
      ],
      [
       7.620277777777778,
       49.07416666666666
      ],
      [
       7.63,
       49.07361111111111
      ],
      [
       7.631666666666667,
       49.055
      ],
      [
       7.676666666666667,
       49.04555555555555
      ],
      [
       7.697777777777778,
       49.056111111111115
      ],
      [
       7.731944444444444,
       49.05555555555556
      ],
      [
       7.732222222222222,
       49.044444444444444
      ],
      [
       7.769722222222223,
       49.047777777777775
      ],
      [
       7.796111111111111,
       49.06527777777778
      ],
      [
       7.835277777777778,
       49.047222222222224
      ],
      [
       7.868055555555555,
       49.03333333333333
      ],
      [
       7.889166666666666,
       49.049166666666665
      ],
      [
       7.901666666666666,
       49.04472222222222
      ],
      [
       7.910833333333334,
       49.04527777777778
      ],
      [
       7.913055555555555,
       49.040277777777774
      ],
      [
       7.935555555555555,
       49.05777777777778
      ],
      [
       7.985277777777778,
       49.026666666666664
      ],
      [
       8.051388888888889,
       49.01305555555555
      ],
      [
       8.066666666666666,
       49.0
      ],
      [
       8.14,
       48.97833333333333
      ],
      [
       8.178055555555556,
       48.978611111111114
      ],
      [
       8.196111111111112,
       48.97638888888889
      ],
      [
       8.195555555555556,
       48.96888888888889
      ],
      [
       8.199444444444444,
       48.966944444444444
      ],
      [
       8.215555555555556,
       48.97527777777778
      ],
      [
       8.225555555555555,
       48.975
      ],
      [
       8.228333333333333,
       48.971111111111114
      ],
      [
       8.22861111111111,
       48.97027777777778
      ],
      [
       8.231944444444444,
       48.96611111111111
      ],
      [
       8.203055555555556,
       48.959722222222226
      ],
      [
       8.160555555555556,
       48.916111111111114
      ],
      [
       8.126111111111111,
       48.87305555555555
      ],
      [
       8.113333333333333,
       48.84861111111111
      ],
      [
       8.10388888888889,
       48.820277777777775
      ],
      [
       8.091666666666667,
       48.806111111111115
      ],
      [
       8.075555555555555,
       48.794444444444444
      ],
      [
       8.036111111111111,
       48.789722222222224
      ],
      [
       8.011666666666667,
       48.76
      ],
      [
       7.970833333333333,
       48.7575
      ],
      [
       7.959722222222222,
       48.71861111111111
      ],
      [
       7.910833333333334,
       48.67916666666667
      ],
      [
       7.893888888888889,
       48.665277777777774
      ],
      [
       7.876666666666667,
       48.656666666666666
      ],
      [
       7.874722222222222,
       48.655833333333334
      ],
      [
       7.873888888888889,
       48.65555555555556
      ],
      [
       7.84,
       48.64194444444445
      ],
      [
       7.823333333333333,
       48.611666666666665
      ],
      [
       7.804444444444444,
       48.5925
      ],
      [
       7.801944444444445,
       48.573055555555555
      ],
      [
       7.806666666666667,
       48.52027777777778
      ],
      [
       7.799444444444444,
       48.50611111111111
      ],
      [
       7.767222222222222,
       48.48888888888889
      ],
      [
       7.766111111111111,
       48.45944444444444
      ],
      [
       7.7325,
       48.394444444444446
      ],
      [
       7.737777777777778,
       48.36361111111111
      ],
      [
       7.744722222222222,
       48.32861111111111
      ],
      [
       7.6975,
       48.306666666666665
      ],
      [
       7.661666666666667,
       48.21722222222222
      ],
      [
       7.601944444444444,
       48.159444444444446
      ],
      [
       7.57,
       48.08305555555555
      ],
      [
       7.569444444444445,
       48.08138888888889
      ],
      [
       7.579166666666667,
       48.02444444444444
      ],
      [
       7.5905555555555555,
       48.015
      ],
      [
       7.617222222222222,
       47.98777777777778
      ],
      [
       7.621944444444445,
       47.971944444444446
      ],
      [
       7.595833333333333,
       47.94361111111111
      ],
      [
       7.588888888888889,
       47.93611111111111
      ],
      [
       7.585,
       47.93333333333333
      ],
      [
       7.580277777777778,
       47.89472222222222
      ],
      [
       7.557777777777778,
       47.881388888888885
      ],
      [
       7.5600000000000005,
       47.85916666666667
      ],
      [
       7.560277777777777,
       47.836666666666666
      ],
      [
       7.555555555555555,
       47.83083333333333
      ],
      [
       7.546111111111111,
       47.81444444444445
      ],
      [
       7.530833333333334,
       47.771388888888886
      ],
      [
       7.531944444444444,
       47.76833333333333
      ],
      [
       7.533333333333333,
       47.766666666666666
      ],
      [
       7.548333333333334,
       47.73972222222222
      ],
      [
       7.541111111111111,
       47.719166666666666
      ],
      [
       7.5119444444444445,
       47.69777777777778
      ],
      [
       7.530277777777778,
       47.655833333333334
      ],
      [
       7.567222222222222,
       47.63194444444444
      ],
      [
       7.573888888888889,
       47.61611111111111
      ],
      [
       7.5925,
       47.602222222222224
      ],
      [
       7.589166666666666,
       47.59
      ],
      [
       7.584722222222222,
       47.57555555555555
      ],
      [
       7.566666666666666,
       47.577777777777776
      ],
      [
       7.5575,
       47.56527777777778
      ],
      [
       7.499444444444444,
       47.53944444444444
      ],
      [
       7.5024999999999995,
       47.528333333333336
      ],
      [
       7.519166666666667,
       47.534444444444446
      ],
      [
       7.531388888888889,
       47.528333333333336
      ],
      [
       7.5225,
       47.51444444444444
      ],
      [
       7.516388888888889,
       47.51722222222222
      ],
      [
       7.501388888888889,
       47.514722222222225
      ],
      [
       7.5088888888888885,
       47.50972222222222
      ],
      [
       7.510555555555555,
       47.5025
      ],
      [
       7.5088888888888885,
       47.50222222222222
      ],
      [
       7.511111111111111,
       47.496944444444445
      ],
      [
       7.4911111111111115,
       47.484722222222224
      ],
      [
       7.4775,
       47.48027777777778
      ],
      [
       7.435277777777777,
       47.49777777777778
      ],
      [
       7.420833333333333,
       47.480555555555554
      ],
      [
       7.456111111111111,
       47.47277777777778
      ],
      [
       7.445277777777778,
       47.46194444444444
      ],
      [
       7.428055555555556,
       47.458333333333336
      ],
      [
       7.421111111111111,
       47.44583333333333
      ],
      [
       7.384444444444444,
       47.43222222222222
      ],
      [
       7.302777777777778,
       47.43861111111111
      ],
      [
       7.256111111111111,
       47.42472222222222
      ],
      [
       7.254444444444444,
       47.424166666666665
      ],
      [
       7.245833333333334,
       47.42111111111111
      ],
      [
       7.245277777777778,
       47.42583333333334
      ],
      [
       7.226388888888889,
       47.44
      ],
      [
       7.206666666666667,
       47.435
      ],
      [
       7.170555555555556,
       47.44444444444444
      ],
      [
       7.191666666666666,
       47.48916666666667
      ],
      [
       7.126666666666667,
       47.50277777777778
      ],
      [
       7.078333333333333,
       47.48861111111111
      ],
      [
       7.048611111111111,
       47.49638888888889
      ],
      [
       7.016666666666667,
       47.50388888888889
      ],
      [
       6.983055555555556,
       47.493611111111115
      ],
      [
       6.996944444444445,
       47.45055555555555
      ],
      [
       6.990833333333334,
       47.45027777777778
      ],
      [
       6.9399999999999995,
       47.433055555555555
      ],
      [
       6.938611111111111,
       47.405833333333334
      ],
      [
       6.917222222222222,
       47.405277777777776
      ],
      [
       6.911666666666667,
       47.385555555555555
      ],
      [
       6.8875,
       47.37583333333333
      ],
      [
       6.879166666666666,
       47.352777777777774
      ],
      [
       7.034166666666667,
       47.36972222222222
      ],
      [
       7.0625,
       47.344166666666666
      ],
      [
       7.0569444444444445,
       47.33416666666667
      ],
      [
       7.049722222222222,
       47.329166666666666
      ],
      [
       7.010277777777778,
       47.324444444444445
      ],
      [
       7.0088888888888885,
       47.30166666666667
      ],
      [
       6.964722222222222,
       47.29222222222222
      ],
      [
       6.940555555555555,
       47.285833333333336
      ],
      [
       6.955277777777778,
       47.242777777777775
      ],
      [
       6.840833333333333,
       47.17166666666667
      ],
      [
       6.858333333333333,
       47.16416666666667
      ],
      [
       6.805,
       47.13027777777778
      ],
      [
       6.740277777777778,
       47.10805555555555
      ],
      [
       6.743333333333333,
       47.09222222222222
      ],
      [
       6.713888888888889,
       47.08722222222222
      ],
      [
       6.700555555555556,
       47.07
      ],
      [
       6.691666666666666,
       47.06666666666667
      ],
      [
       6.711388888888889,
       47.05416666666667
      ],
      [
       6.719722222222222,
       47.05166666666667
      ],
      [
       6.694444444444445,
       47.03722222222222
      ],
      [
       6.679722222222222,
       47.035833333333336
      ],
      [
       6.659166666666667,
       47.0275
      ],
      [
       6.635,
       46.99916666666667
      ],
      [
       6.618055555555555,
       46.99166666666667
      ],
      [
       6.6,
       46.9925
      ],
      [
       6.572777777777778,
       46.98222222222222
      ],
      [
       6.523888888888889,
       46.971944444444446
      ],
      [
       6.504722222222222,
       46.965833333333336
      ],
      [
       6.496388888888889,
       46.97416666666667
      ],
      [
       6.475833333333333,
       46.960277777777776
      ],
      [
       6.460277777777778,
       46.94361111111111
      ],
      [
       6.432777777777778,
       46.92888888888889
      ],
      [
       6.449722222222222,
       46.909444444444446
      ],
      [
       6.464722222222222,
       46.890277777777776
      ],
      [
       6.46,
       46.85138888888889
      ],
      [
       6.46,
       46.85111111111111
      ],
      [
       6.443333333333333,
       46.83277777777778
      ],
      [
       6.440833333333333,
       46.815555555555555
      ],
      [
       6.431111111111111,
       46.812222222222225
      ],
      [
       6.434722222222222,
       46.80166666666667
      ],
      [
       6.458333333333333,
       46.78861111111111
      ],
      [
       6.453611111111111,
       46.78138888888889
      ],
      [
       6.448611111111111,
       46.77305555555556
      ],
      [
       6.44,
       46.76777777777778
      ],
      [
       6.4383333333333335,
       46.766666666666666
      ],
      [
       6.4375,
       46.76138888888889
      ],
      [
       6.388333333333334,
       46.74305555555556
      ],
      [
       6.384166666666666,
       46.73138888888889
      ],
      [
       6.273055555555556,
       46.684444444444445
      ],
      [
       6.269166666666667,
       46.6825
      ],
      [
       6.266944444444444,
       46.67611111111111
      ],
      [
       6.210277777777778,
       46.639722222222225
      ],
      [
       6.110833333333334,
       46.57611111111111
      ],
      [
       6.1563888888888885,
       46.54527777777778
      ],
      [
       6.1125,
       46.50944444444445
      ],
      [
       6.108333333333333,
       46.5
      ],
      [
       6.096666666666667,
       46.48111111111111
      ],
      [
       6.073333333333333,
       46.46527777777778
      ],
      [
       6.078333333333333,
       46.451388888888886
      ],
      [
       6.085833333333333,
       46.44111111111111
      ],
      [
       6.063888888888889,
       46.416666666666664
      ],
      [
       6.088055555555556,
       46.41111111111111
      ],
      [
       6.1177777777777775,
       46.3975
      ],
      [
       6.153611111111111,
       46.37777777777778
      ],
      [
       6.158888888888889,
       46.37972222222222
      ],
      [
       6.169444444444444,
       46.36555555555555
      ],
      [
       6.126944444444445,
       46.32111111111111
      ],
      [
       6.113888888888889,
       46.29472222222222
      ],
      [
       6.1033333333333335,
       46.278888888888886
      ],
      [
       6.1241666666666665,
       46.25111111111111
      ],
      [
       6.101388888888889,
       46.23777777777778
      ],
      [
       6.0875,
       46.24722222222222
      ],
      [
       6.046111111111111,
       46.23138888888889
      ],
      [
       6.033888888888889,
       46.23833333333334
      ],
      [
       5.963611111111112,
       46.19694444444445
      ],
      [
       5.992222222222222,
       46.18666666666667
      ],
      [
       5.957222222222223,
       46.12861111111111
      ],
      [
       5.9944444444444445,
       46.144444444444446
      ],
      [
       6.035277777777778,
       46.13472222222222
      ],
      [
       6.052222222222222,
       46.15138888888889
      ],
      [
       6.091944444444445,
       46.151944444444446
      ],
      [
       6.098333333333334,
       46.14388888888889
      ],
      [
       6.132777777777778,
       46.14111111111111
      ],
      [
       6.188888888888889,
       46.16638888888889
      ],
      [
       6.186388888888889,
       46.17861111111111
      ],
      [
       6.233888888888889,
       46.20638888888889
      ],
      [
       6.249444444444444,
       46.205
      ],
      [
       6.296111111111111,
       46.22638888888889
      ],
      [
       6.310277777777777,
       46.24388888888889
      ],
      [
       6.2941666666666665,
       46.263888888888886
      ],
      [
       6.266666666666667,
       46.24777777777778
      ],
      [
       6.2375,
       46.2775
      ],
      [
       6.248888888888889,
       46.30166666666667
      ],
      [
       6.219444444444444,
       46.31194444444444
      ],
      [
       6.252777777777778,
       46.360277777777775
      ],
      [
       6.335,
       46.40361111111111
      ],
      [
       6.425277777777778,
       46.41583333333333
      ],
      [
       6.478888888888889,
       46.43888888888889
      ],
      [
       6.518888888888889,
       46.45638888888889
      ],
      [
       6.626388888888889,
       46.455
      ],
      [
       6.681666666666667,
       46.45444444444445
      ],
      [
       6.802777777777778,
       46.43083333333333
      ],
      [
       6.820833333333333,
       46.42722222222222
      ],
      [
       6.8052777777777775,
       46.39416666666666
      ],
      [
       6.801666666666667,
       46.38583333333333
      ],
      [
       6.806388888888889,
       46.382777777777775
      ],
      [
       6.804722222222222,
       46.37777777777778
      ],
      [
       6.791666666666667,
       46.367222222222225
      ],
      [
       6.7716666666666665,
       46.361111111111114
      ],
      [
       6.785277777777778,
       46.3325
      ],
      [
       6.794722222222222,
       46.33277777777778
      ],
      [
       6.796111111111111,
       46.33277777777778
      ],
      [
       6.801388888888889,
       46.31944444444444
      ],
      [
       6.8069444444444445,
       46.32055555555556
      ],
      [
       6.824722222222222,
       46.31194444444444
      ],
      [
       6.830277777777778,
       46.306111111111115
      ],
      [
       6.828055555555555,
       46.30222222222222
      ],
      [
       6.8425,
       46.294444444444444
      ],
      [
       6.847222222222222,
       46.289722222222224
      ],
      [
       6.855555555555556,
       46.29222222222222
      ],
      [
       6.864722222222222,
       46.282222222222224
      ],
      [
       6.860833333333334,
       46.27638888888889
      ],
      [
       6.855,
       46.25805555555556
      ],
      [
       6.807222222222222,
       46.208333333333336
      ],
      [
       6.809444444444445,
       46.18555555555555
      ],
      [
       6.790277777777778,
       46.155277777777776
      ],
      [
       6.798055555555555,
       46.13611111111111
      ],
      [
       6.885833333333333,
       46.12388888888889
      ],
      [
       6.9,
       46.12388888888889
      ],
      [
       6.894166666666667,
       46.115
      ],
      [
       6.872222222222222,
       46.05111111111111
      ],
      [
       6.889722222222222,
       46.04194444444445
      ],
      [
       6.924722222222222,
       46.06527777777778
      ],
      [
       6.950555555555556,
       46.05111111111111
      ],
      [
       6.96,
       46.034444444444446
      ],
      [
       6.981111111111111,
       46.019444444444446
      ],
      [
       6.985555555555555,
       46.00416666666667
      ],
      [
       7.001388888888889,
       45.99916666666667
      ],
      [
       7.010555555555555,
       45.996944444444445
      ],
      [
       7.021944444444444,
       45.97694444444444
      ],
      [
       7.009166666666666,
       45.969166666666666
      ],
      [
       7.0225,
       45.958333333333336
      ],
      [
       7.036944444444444,
       45.95527777777778
      ],
      [
       7.043888888888889,
       45.9225
      ],
      [
       6.816666666666666,
       45.833333333333336
      ],
      [
       6.85,
       45.68333333333333
      ],
      [
       7.0,
       45.65
      ],
      [
       7.0,
       45.53333333333333
      ],
      [
       7.183333333333334,
       45.416666666666664
      ],
      [
       7.133333333333334,
       45.25
      ],
      [
       6.916666666666667,
       45.166666666666664
      ],
      [
       6.666666666666667,
       45.12083333333333
      ],
      [
       6.616666666666667,
       45.1
      ],
      [
       6.666666666666667,
       45.049166666666665
      ],
      [
       6.666666666666667,
       45.016666666666666
      ],
      [
       6.75,
       45.016666666666666
      ],
      [
       6.783333333333333,
       44.88333333333333
      ],
      [
       7.0,
       44.85
      ],
      [
       7.066666666666666,
       44.68333333333333
      ],
      [
       6.95,
       44.65
      ],
      [
       6.933333333333334,
       44.583333333333336
      ],
      [
       6.85,
       44.516666666666666
      ],
      [
       6.95,
       44.43333333333333
      ],
      [
       6.883333333333333,
       44.36666666666667
      ],
      [
       7.033333333333333,
       44.21666666666667
      ],
      [
       7.433333333333334,
       44.11666666666667
      ],
      [
       7.683333333333334,
       44.18333333333333
      ],
      [
       7.7,
       44.05
      ],
      [
       7.6375,
       43.96611111111111
      ],
      [
       7.506111111111111,
       43.85444444444445
      ],
      [
       7.5,
       43.85
      ],
      [
       7.533333333333333,
       43.78333333333333
      ],
      [
       7.579444444444444,
       43.770833333333336
      ],
      [
       7.616666666666667,
       43.733333333333334
      ],
      [
       7.807222222222222,
       43.711666666666666
      ],
      [
       8.320133333333333,
       43.56627777777778
      ],
      [
       8.959166666666667,
       43.385555555555555
      ],
      [
       9.75,
       43.166666666666664
      ],
      [
       9.75,
       41.333333333333336
      ],
      [
       8.825138888888889,
       41.33863888888889
      ],
      [
       8.568333333333333,
       41.333333333333336
      ],
      [
       8.333333333333334,
       41.333333333333336
      ],
      [
       8.162222222222223,
       41.16277777777778
      ],
      [
       8.0,
       41.0
      ],
      [
       8.0,
       40.916666666666664
      ],
      [
       8.0,
       40.66
      ],
      [
       8.0,
       40.43333333333333
      ],
      [
       8.0,
       40.35
      ],
      [
       8.0,
       39.15
      ],
      [
       8.0,
       39.0
      ],
      [
       7.316666666666666,
       39.0
      ],
      [
       7.033333333333333,
       39.0
      ],
      [
       6.716666666666667,
       39.0
      ],
      [
       6.25,
       39.0
      ],
      [
       6.088333333333333,
       39.0
      ],
      [
       4.6850000000000005,
       39.0
      ],
      [
       4.666666666666667,
       39.0
      ],
      [
       4.666666666666667,
       39.71666666666667
      ],
      [
       4.666666666666667,
       39.9575
      ],
      [
       4.666666666666667,
       41.05638888888889
      ],
      [
       4.666666666666667,
       41.73
      ],
      [
       4.666666666666667,
       42.0
      ],
      [
       4.324722222222222,
       42.10166666666667
      ],
      [
       3.655277777777778,
       42.29694444444444
      ],
      [
       3.200277777777778,
       42.425
      ],
      [
       3.1666666666666665,
       42.43333333333333
      ],
      [
       3.1166666666666667,
       42.44027777777778
      ],
      [
       2.9916666666666667,
       42.475
      ],
      [
       2.8833333333333333,
       42.458333333333336
      ],
      [
       2.7152777777777777,
       42.416666666666664
      ],
      [
       2.6333333333333333,
       42.35
      ],
      [
       2.25,
       42.43333333333333
      ],
      [
       2.2116666666666664,
       42.425
      ],
      [
       2.0,
       42.35
      ],
      [
       1.9833333333333334,
       42.37166666666667
      ],
      [
       1.95,
       42.45
      ],
      [
       1.7333333333333334,
       42.5
      ],
      [
       1.6630555555555555,
       42.49336666666667
      ],
      [
       1.6609944444444444,
       42.47260277777778
      ],
      [
       1.5586861111111112,
       42.45791388888889
      ],
      [
       1.5531916666666667,
       42.43308611111111
      ],
      [
       1.4474472222222223,
       42.437647222222225
      ],
      [
       1.4337166666666668,
       42.490833333333335
      ],
      [
       1.4680472222222223,
       42.510577777777776
      ],
      [
       1.4474472222222223,
       42.544986111111115
      ],
      [
       1.4234166666666668,
       42.538916666666665
      ],
      [
       1.4433277777777778,
       42.60364166666667
      ],
      [
       1.413461111111111,
       42.655425
      ],
      [
       1.375,
       42.695
      ],
      [
       1.35,
       42.71666666666667
      ],
      [
       1.15,
       42.71666666666667
      ],
      [
       1.1166666666666667,
       42.78333333333333
      ],
      [
       1.0,
       42.78333333333333
      ],
      [
       0.9333333333333333,
       42.78333333333333
      ],
      [
       0.7,
       42.86666666666667
      ],
      [
       0.65,
       42.7
      ],
      [
       0.5566666666666666,
       42.7
      ],
      [
       0.35,
       42.7
      ],
      [
       0.3,
       42.666666666666664
      ],
      [
       0.175,
       42.733333333333334
      ],
      [
       0.15,
       42.733333333333334
      ],
      [
       -0.06666666666666667,
       42.7
      ],
      [
       -0.06666666666666667,
       42.71666666666667
      ],
      [
       -0.295,
       42.83833333333333
      ],
      [
       -0.3333333333333333,
       42.833333333333336
      ],
      [
       -0.5,
       42.81666666666667
      ],
      [
       -0.5333333333333333,
       42.794444444444444
      ],
      [
       -0.65,
       42.875
      ],
      [
       -0.7666666666666667,
       42.96666666666667
      ],
      [
       -0.9833333333333333,
       42.971666666666664
      ],
      [
       -1.0083333333333333,
       42.99166666666667
      ],
      [
       -1.095,
       43.013333333333335
      ],
      [
       -1.3,
       43.083333333333336
      ],
      [
       -1.4333333333333333,
       43.05
      ],
      [
       -1.47,
       43.08166666666666
      ],
      [
       -1.4666666666666668,
       43.1
      ],
      [
       -1.3833333333333333,
       43.25
      ],
      [
       -1.5333333333333332,
       43.28333333333333
      ],
      [
       -1.5716666666666668,
       43.25833333333333
      ],
      [
       -1.6016666666666666,
       43.24333333333333
      ],
      [
       -1.6333333333333333,
       43.266666666666666
      ],
      [
       -1.7305555555555556,
       43.31666666666667
      ],
      [
       -1.7833333333333332,
       43.35
      ],
      [
       -1.7833333333333332,
       43.583333333333336
      ],
      [
       -1.7833333333333332,
       43.58833333333333
      ],
      [
       -2.7355555555555555,
       43.91305555555556
      ],
      [
       -2.8383333333333334,
       43.948055555555555
      ],
      [
       -3.7872222222222223,
       44.263888888888886
      ],
      [
       -4.0,
       44.333333333333336
      ],
      [
       -4.948888888888889,
       44.50555555555555
      ],
      [
       -5.829722222222222,
       44.6575
      ],
      [
       -6.92,
       44.835277777777776
      ],
      [
       -8.0,
       45.0
      ],
      [
       -8.0,
       48.833333333333336
      ],
      [
       -5.858333333333333,
       49.291666666666664
      ],
      [
       -4.88,
       49.485
      ],
      [
       -4.3388333333333335,
       49.59027777777778
      ],
      [
       -4.001388888888889,
       49.65138888888889
      ],
      [
       -3.5283333333333333,
       49.736666666666665
      ],
      [
       -3.1730555555555555,
       49.800555555555555
      ],
      [
       -3.0,
       49.83083333333333
      ],
      [
       -2.0,
       50.0
      ],
      [
       -0.25,
       50.0
      ],
      [
       2.7777777777777775e-06,
       50.098333333333336
      ],
      [
       0.26666666666666666,
       50.205
      ],
      [
       1.21,
       50.57
      ],
      [
       1.4666666666666668,
       50.666666666666664
      ],
      [
       1.4666666666666668,
       50.92
      ],
      [
       1.4666666666666668,
       51.0
      ],
      [
       1.555,
       51.02
      ],
      [
       1.6133333333333333,
       51.031666666666666
      ],
      [
       2.0,
       51.11666666666667
      ]
     ]
    ]
   }
  },
  {
   "type": "Feature",
   "properties": {
    "id": "LFMM",
    "indicator": "F",
    "name": "MARSEILLE",
    "cycle": "2606"
   },
   "geometry": {
    "type": "Polygon",
    "coordinates": [
     [
      [
       3.2666666666666666,
       46.5
      ],
      [
       3.5300000000000002,
       46.5
      ],
      [
       3.7466666666666666,
       46.5
      ],
      [
       4.833333333333333,
       46.5
      ],
      [
       6.108333333333333,
       46.5
      ],
      [
       6.096666666666667,
       46.48111111111111
      ],
      [
       6.073333333333333,
       46.46527777777778
      ],
      [
       6.078333333333333,
       46.451388888888886
      ],
      [
       6.085833333333333,
       46.44111111111111
      ],
      [
       6.063888888888889,
       46.416666666666664
      ],
      [
       6.088055555555556,
       46.41111111111111
      ],
      [
       6.1177777777777775,
       46.3975
      ],
      [
       6.153611111111111,
       46.37777777777778
      ],
      [
       6.158888888888889,
       46.37972222222222
      ],
      [
       6.169444444444444,
       46.36555555555555
      ],
      [
       6.126944444444445,
       46.32111111111111
      ],
      [
       6.113888888888889,
       46.29472222222222
      ],
      [
       6.1033333333333335,
       46.278888888888886
      ],
      [
       6.1241666666666665,
       46.25111111111111
      ],
      [
       6.101388888888889,
       46.23777777777778
      ],
      [
       6.0875,
       46.24722222222222
      ],
      [
       6.046111111111111,
       46.23138888888889
      ],
      [
       6.033888888888889,
       46.23833333333334
      ],
      [
       5.963611111111112,
       46.19694444444445
      ],
      [
       5.992222222222222,
       46.18666666666667
      ],
      [
       5.957222222222223,
       46.12861111111111
      ],
      [
       5.9944444444444445,
       46.144444444444446
      ],
      [
       6.035277777777778,
       46.13472222222222
      ],
      [
       6.052222222222222,
       46.15138888888889
      ],
      [
       6.091944444444445,
       46.151944444444446
      ],
      [
       6.098333333333334,
       46.14388888888889
      ],
      [
       6.132777777777778,
       46.14111111111111
      ],
      [
       6.188888888888889,
       46.16638888888889
      ],
      [
       6.186388888888889,
       46.17861111111111
      ],
      [
       6.233888888888889,
       46.20638888888889
      ],
      [
       6.249444444444444,
       46.205
      ],
      [
       6.296111111111111,
       46.22638888888889
      ],
      [
       6.310277777777777,
       46.24388888888889
      ],
      [
       6.2941666666666665,
       46.263888888888886
      ],
      [
       6.266666666666667,
       46.24777777777778
      ],
      [
       6.2375,
       46.2775
      ],
      [
       6.248888888888889,
       46.30166666666667
      ],
      [
       6.219444444444444,
       46.31194444444444
      ],
      [
       6.252777777777778,
       46.360277777777775
      ],
      [
       6.335,
       46.40361111111111
      ],
      [
       6.425277777777778,
       46.41583333333333
      ],
      [
       6.478888888888889,
       46.43888888888889
      ],
      [
       6.518888888888889,
       46.45638888888889
      ],
      [
       6.626388888888889,
       46.455
      ],
      [
       6.681666666666667,
       46.45444444444445
      ],
      [
       6.802777777777778,
       46.43083333333333
      ],
      [
       6.820833333333333,
       46.42722222222222
      ],
      [
       6.8052777777777775,
       46.39416666666666
      ],
      [
       6.801666666666667,
       46.38583333333333
      ],
      [
       6.806388888888889,
       46.382777777777775
      ],
      [
       6.804722222222222,
       46.37777777777778
      ],
      [
       6.791666666666667,
       46.367222222222225
      ],
      [
       6.7716666666666665,
       46.361111111111114
      ],
      [
       6.785277777777778,
       46.3325
      ],
      [
       6.794722222222222,
       46.33277777777778
      ],
      [
       6.796111111111111,
       46.33277777777778
      ],
      [
       6.801388888888889,
       46.31944444444444
      ],
      [
       6.8069444444444445,
       46.32055555555556
      ],
      [
       6.824722222222222,
       46.31194444444444
      ],
      [
       6.830277777777778,
       46.306111111111115
      ],
      [
       6.828055555555555,
       46.30222222222222
      ],
      [
       6.8425,
       46.294444444444444
      ],
      [
       6.847222222222222,
       46.289722222222224
      ],
      [
       6.855555555555556,
       46.29222222222222
      ],
      [
       6.864722222222222,
       46.282222222222224
      ],
      [
       6.860833333333334,
       46.27638888888889
      ],
      [
       6.855,
       46.25805555555556
      ],
      [
       6.807222222222222,
       46.208333333333336
      ],
      [
       6.809444444444445,
       46.18555555555555
      ],
      [
       6.790277777777778,
       46.155277777777776
      ],
      [
       6.798055555555555,
       46.13611111111111
      ],
      [
       6.885833333333333,
       46.12388888888889
      ],
      [
       6.9,
       46.12388888888889
      ],
      [
       6.894166666666667,
       46.115
      ],
      [
       6.872222222222222,
       46.05111111111111
      ],
      [
       6.889722222222222,
       46.04194444444445
      ],
      [
       6.924722222222222,
       46.06527777777778
      ],
      [
       6.950555555555556,
       46.05111111111111
      ],
      [
       6.96,
       46.034444444444446
      ],
      [
       6.981111111111111,
       46.019444444444446
      ],
      [
       6.985555555555555,
       46.00416666666667
      ],
      [
       7.001388888888889,
       45.99916666666667
      ],
      [
       7.010555555555555,
       45.996944444444445
      ],
      [
       7.021944444444444,
       45.97694444444444
      ],
      [
       7.009166666666666,
       45.969166666666666
      ],
      [
       7.0225,
       45.958333333333336
      ],
      [
       7.036944444444444,
       45.95527777777778
      ],
      [
       7.043888888888889,
       45.9225
      ],
      [
       6.816666666666666,
       45.833333333333336
      ],
      [
       6.85,
       45.68333333333333
      ],
      [
       7.0,
       45.65
      ],
      [
       7.0,
       45.53333333333333
      ],
      [
       7.183333333333334,
       45.416666666666664
      ],
      [
       7.133333333333334,
       45.25
      ],
      [
       6.916666666666667,
       45.166666666666664
      ],
      [
       6.666666666666667,
       45.12083333333333
      ],
      [
       6.616666666666667,
       45.1
      ],
      [
       6.666666666666667,
       45.049166666666665
      ],
      [
       6.666666666666667,
       45.016666666666666
      ],
      [
       6.75,
       45.016666666666666
      ],
      [
       6.783333333333333,
       44.88333333333333
      ],
      [
       7.0,
       44.85
      ],
      [
       7.066666666666666,
       44.68333333333333
      ],
      [
       6.95,
       44.65
      ],
      [
       6.933333333333334,
       44.583333333333336
      ],
      [
       6.85,
       44.516666666666666
      ],
      [
       6.95,
       44.43333333333333
      ],
      [
       6.883333333333333,
       44.36666666666667
      ],
      [
       7.033333333333333,
       44.21666666666667
      ],
      [
       7.433333333333334,
       44.11666666666667
      ],
      [
       7.683333333333334,
       44.18333333333333
      ],
      [
       7.7,
       44.05
      ],
      [
       7.6375,
       43.96611111111111
      ],
      [
       7.506111111111111,
       43.85444444444445
      ],
      [
       7.5,
       43.85
      ],
      [
       7.533333333333333,
       43.78333333333333
      ],
      [
       7.579444444444444,
       43.770833333333336
      ],
      [
       7.616666666666667,
       43.733333333333334
      ],
      [
       7.807222222222222,
       43.711666666666666
      ],
      [
       8.320133333333333,
       43.56627777777778
      ],
      [
       8.959166666666667,
       43.385555555555555
      ],
      [
       9.75,
       43.166666666666664
      ],
      [
       9.751111111111111,
       41.79138888888889
      ],
      [
       9.75,
       41.333333333333336
      ],
      [
       8.825138888888889,
       41.33863888888889
      ],
      [
       8.568333333333333,
       41.333333333333336
      ],
      [
       8.333333333333334,
       41.333333333333336
      ],
      [
       8.162222222222223,
       41.16277777777778
      ],
      [
       8.0,
       41.0
      ],
      [
       8.0,
       40.916666666666664
      ],
      [
       8.0,
       40.66
      ],
      [
       8.0,
       40.43333333333333
      ],
      [
       8.0,
       40.35
      ],
      [
       8.0,
       39.15
      ],
      [
       8.0,
       39.0
      ],
      [
       7.316666666666666,
       39.0
      ],
      [
       7.033333333333333,
       39.0
      ],
      [
       6.716666666666667,
       39.0
      ],
      [
       6.25,
       39.0
      ],
      [
       6.088333333333333,
       39.0
      ],
      [
       5.0,
       39.0
      ],
      [
       4.6850000000000005,
       39.0
      ],
      [
       4.666666666666667,
       39.0
      ],
      [
       4.666666666666667,
       39.71666666666667
      ],
      [
       4.666666666666667,
       41.05638888888889
      ],
      [
       4.666666666666667,
       41.73
      ],
      [
       4.666666666666667,
       42.0
      ],
      [
       4.324722222222222,
       42.10166666666667
      ],
      [
       3.655277777777778,
       42.29694444444444
      ],
      [
       3.200277777777778,
       42.425
      ],
      [
       3.1666666666666665,
       42.43333333333333
      ],
      [
       3.1166666666666667,
       42.44027777777778
      ],
      [
       2.9916666666666667,
       42.475
      ],
      [
       2.8833333333333333,
       42.458333333333336
      ],
      [
       2.7152777777777777,
       42.416666666666664
      ],
      [
       2.7355555555555555,
       42.59111111111111
      ],
      [
       2.275,
       43.0
      ],
      [
       2.5722222222222224,
       43.25833333333333
      ],
      [
       2.7069444444444444,
       43.2125
      ],
      [
       2.7094444444444443,
       43.71472222222222
      ],
      [
       3.0411111111111113,
       44.624722222222225
      ],
      [
       3.0044444444444443,
       45.7125
      ],
      [
       2.9166666666666665,
       46.333333333333336
      ],
      [
       3.2666666666666666,
       46.5
      ]
     ]
    ]
   }
  },
  {
   "type": "Feature",
   "properties": {
    "id": "LFRR",
    "indicator": "F",
    "name": "BREST",
    "cycle": "2606"
   },
   "geometry": {
    "type": "Polygon",
    "coordinates": [
     [
      [
       -2.0,
       50.0
      ],
      [
       -0.25,
       50.0
      ],
      [
       -0.25,
       49.155
      ],
      [
       -0.25,
       48.68
      ],
      [
       -0.25,
       48.53333333333333
      ],
      [
       -0.25,
       48.49166666666667
      ],
      [
       -0.25,
       48.303333333333335
      ],
      [
       -0.25,
       48.045
      ],
      [
       -0.25,
       47.166666666666664
      ],
      [
       -0.25,
       46.5
      ],
      [
       -1.35,
       46.5
      ],
      [
       -1.6333333333333333,
       46.5
      ],
      [
       -1.7833333333333332,
       43.71111111111111
      ],
      [
       -1.7833333333333332,
       43.58833333333333
      ],
      [
       -2.7355555555555555,
       43.91305555555556
      ],
      [
       -2.8383333333333334,
       43.948055555555555
      ],
      [
       -3.7872222222222223,
       44.263888888888886
      ],
      [
       -4.0,
       44.333333333333336
      ],
      [
       -4.948888888888889,
       44.50555555555555
      ],
      [
       -5.829722222222222,
       44.6575
      ],
      [
       -6.92,
       44.835277777777776
      ],
      [
       -8.0,
       45.0
      ],
      [
       -8.0,
       48.833333333333336
      ],
      [
       -5.858333333333333,
       49.291666666666664
      ],
      [
       -4.88,
       49.485
      ],
      [
       -4.3388333333333335,
       49.590333333333334
      ],
      [
       -4.001388888888889,
       49.65138888888889
      ],
      [
       -3.5283333333333333,
       49.736666666666665
      ],
      [
       -3.1730555555555555,
       49.800555555555555
      ],
      [
       -3.0,
       49.83083333333333
      ],
      [
       -2.0,
       50.0
      ]
     ]
    ]
   }
  },
  {
   "type": "Feature",
   "properties": {
    "id": "LHCC",
    "indicator": "F",
    "name": "BUDAPEST",
    "cycle": "2606"
   },
   "geometry": {
    "type": "Polygon",
    "coordinates": [
     [
      [
       20.833333333333332,
       48.583333333333336
      ],
      [
       21.115,
       48.49166666666667
      ],
      [
       21.116666666666667,
       48.5
      ],
      [
       21.325,
       48.56027777777778
      ],
      [
       21.433333333333334,
       48.583333333333336
      ],
      [
       21.615555555555556,
       48.50944444444445
      ],
      [
       21.669166666666666,
       48.399166666666666
      ],
      [
       21.75,
       48.35
      ],
      [
       22.15,
       48.391666666666666
      ],
      [
       22.266666666666666,
       48.416666666666664
      ],
      [
       22.25,
       48.31666666666667
      ],
      [
       22.333333333333332,
       48.31666666666667
      ],
      [
       22.383333333333333,
       48.233333333333334
      ],
      [
       22.5,
       48.25
      ],
      [
       22.633333333333333,
       48.1
      ],
      [
       22.816666666666666,
       48.1
      ],
      [
       22.883333333333333,
       48.03333333333333
      ],
      [
       22.85,
       47.983333333333334
      ],
      [
       22.883333333333333,
       47.95
      ],
      [
       22.683333333333334,
       47.78333333333333
      ],
      [
       22.583333333333332,
       47.766666666666666
      ],
      [
       22.466666666666665,
       47.8
      ],
      [
       22.416666666666668,
       47.74166666666667
      ],
      [
       22.333333333333332,
       47.75
      ],
      [
       22.166666666666668,
       47.583333333333336
      ],
      [
       22.116666666666667,
       47.583333333333336
      ],
      [
       22.033333333333335,
       47.53333333333333
      ],
      [
       22.016666666666666,
       47.38333333333333
      ],
      [
       21.95,
       47.36666666666667
      ],
      [
       21.86,
       47.248333333333335
      ],
      [
       21.839444444444446,
       47.205
      ],
      [
       21.783333333333335,
       47.1
      ],
      [
       21.666666666666668,
       47.03333333333333
      ],
      [
       21.683333333333334,
       46.95
      ],
      [
       21.67111111111111,
       46.931666666666665
      ],
      [
       21.616666666666667,
       46.916666666666664
      ],
      [
       21.6,
       46.85
      ],
      [
       21.533333333333335,
       46.833333333333336
      ],
      [
       21.483333333333334,
       46.75
      ],
      [
       21.533333333333335,
       46.71666666666667
      ],
      [
       21.433333333333334,
       46.666666666666664
      ],
      [
       21.416666666666668,
       46.61666666666667
      ],
      [
       21.316666666666666,
       46.61666666666667
      ],
      [
       21.277675,
       46.51277777777778
      ],
      [
       21.266666666666666,
       46.516666666666666
      ],
      [
       21.266666666666666,
       46.483333333333334
      ],
      [
       21.3,
       46.43333333333333
      ],
      [
       21.2,
       46.38333333333333
      ],
      [
       21.166666666666668,
       46.3
      ],
      [
       21.05,
       46.25
      ],
      [
       20.85,
       46.28333333333333
      ],
      [
       20.766666666666666,
       46.25
      ],
      [
       20.716666666666665,
       46.166666666666664
      ],
      [
       20.633333333333333,
       46.13333333333333
      ],
      [
       20.5,
       46.18333333333333
      ],
      [
       20.483333333333334,
       46.15
      ],
      [
       20.366666666666667,
       46.166666666666664
      ],
      [
       20.266666666666666,
       46.11666666666667
      ],
      [
       20.0,
       46.166666666666664
      ],
      [
       19.833333333333332,
       46.13333333333333
      ],
      [
       19.666666666666668,
       46.18333333333333
      ],
      [
       19.55,
       46.166666666666664
      ],
      [
       19.416666666666668,
       46.06666666666667
      ],
      [
       19.366666666666667,
       46.05
      ],
      [
       19.183333333333334,
       46.0
      ],
      [
       19.116666666666667,
       46.03333333333333
      ],
      [
       18.916666666666668,
       45.93333333333333
      ],
      [
       18.85,
       45.9
      ],
      [
       18.816666666666666,
       45.86666666666667
      ],
      [
       18.7,
       45.916666666666664
      ],
      [
       18.583333333333332,
       45.8
      ],
      [
       18.483333333333334,
       45.766666666666666
      ],
      [
       18.45,
       45.766666666666666
      ],
      [
       18.45,
       45.733333333333334
      ],
      [
       18.4,
       45.733333333333334
      ],
      [
       18.366666666666667,
       45.766666666666666
      ],
      [
       18.35,
       45.75
      ],
      [
       18.25,
       45.75
      ],
      [
       18.166666666666668,
       45.78333333333333
      ],
      [
       17.870277777777776,
       45.77111111111111
      ],
      [
       17.65,
       45.833333333333336
      ],
      [
       17.6,
       45.93333333333333
      ],
      [
       17.35,
       45.95
      ],
      [
       17.183333333333334,
       46.15
      ],
      [
       17.0,
       46.21666666666667
      ],
      [
       16.92036111111111,
       46.30777777777778
      ],
      [
       16.883333333333333,
       46.35
      ],
      [
       16.716666666666665,
       46.4
      ],
      [
       16.601944444444445,
       46.47694444444444
      ],
      [
       16.52638888888889,
       46.50805555555556
      ],
      [
       16.532222222222224,
       46.535
      ],
      [
       16.52111111111111,
       46.54055555555556
      ],
      [
       16.513333333333332,
       46.56861111111111
      ],
      [
       16.495277777777776,
       46.5675
      ],
      [
       16.451666666666668,
       46.613055555555555
      ],
      [
       16.397777777777776,
       46.640277777777776
      ],
      [
       16.393055555555556,
       46.66833333333334
      ],
      [
       16.41888888888889,
       46.66138888888889
      ],
      [
       16.42361111111111,
       46.69722222222222
      ],
      [
       16.37388888888889,
       46.705555555555556
      ],
      [
       16.35,
       46.733333333333334
      ],
      [
       16.333333333333332,
       46.85
      ],
      [
       16.116666666666667,
       46.86666666666667
      ],
      [
       16.275,
       46.9625
      ],
      [
       16.283333333333335,
       46.983333333333334
      ],
      [
       16.475,
       47.0
      ],
      [
       16.458333333333332,
       47.375
      ],
      [
       16.616666666666667,
       47.43333333333333
      ],
      [
       16.683333333333334,
       47.575
      ],
      [
       16.45,
       47.65
      ],
      [
       16.42222222222222,
       47.666666666666664
      ],
      [
       16.541666666666668,
       47.733333333333334
      ],
      [
       16.666666666666668,
       47.74305555555556
      ],
      [
       16.913888888888888,
       47.68888888888889
      ],
      [
       17.016666666666666,
       47.708333333333336
      ],
      [
       17.066666666666666,
       47.766666666666666
      ],
      [
       17.033333333333335,
       47.88333333333333
      ],
      [
       17.1,
       47.916666666666664
      ],
      [
       17.116666666666667,
       47.99166666666667
      ],
      [
       17.166666666666668,
       48.016666666666666
      ],
      [
       17.266666666666666,
       48.016666666666666
      ],
      [
       17.30027777777778,
       47.99638888888889
      ],
      [
       17.383333333333333,
       47.96666666666667
      ],
      [
       17.43616111111111,
       47.91163888888889
      ],
      [
       17.541944444444443,
       47.85527777777778
      ],
      [
       17.583333333333332,
       47.81666666666667
      ],
      [
       17.761111111111113,
       47.75
      ],
      [
       18.061666666666667,
       47.75666666666667
      ],
      [
       18.3,
       47.733333333333334
      ],
      [
       18.466666666666665,
       47.766666666666666
      ],
      [
       18.683333333333334,
       47.766666666666666
      ],
      [
       18.75,
       47.81666666666667
      ],
      [
       18.866666666666667,
       47.81666666666667
      ],
      [
       18.783333333333335,
       47.95
      ],
      [
       18.85,
       48.05
      ],
      [
       19.4,
       48.083333333333336
      ],
      [
       19.483333333333334,
       48.083333333333336
      ],
      [
       19.533333333333335,
       48.21666666666667
      ],
      [
       19.616666666666667,
       48.233333333333334
      ],
      [
       19.75,
       48.21666666666667
      ],
      [
       19.8,
       48.166666666666664
      ],
      [
       19.9,
       48.166666666666664
      ],
      [
       19.933333333333334,
       48.13333333333333
      ],
      [
       20.15,
       48.25
      ],
      [
       20.316666666666666,
       48.28333333333333
      ],
      [
       20.411666666666665,
       48.3975
      ],
      [
       20.510277777777777,
       48.515277777777776
      ],
      [
       20.748055555555556,
       48.57111111111111
      ],
      [
       20.833333333333332,
       48.583333333333336
      ]
     ]
    ]
   }
  },
  {
   "type": "Feature",
   "properties": {
    "id": "LIBB",
    "indicator": "B",
    "name": "BRINDISI",
    "cycle": "2606"
   },
   "geometry": {
    "type": "Polygon",
    "coordinates": [
     [
      [
       13.333333333333334,
       43.516666666666666
      ],
      [
       14.5,
       43.5
      ],
      [
       16.178915979183557,
       42.45234077651758
      ],
      [
       16.17647682842653,
       42.450029098221975
      ],
      [
       16.174149564285017,
       42.44765549809206
      ],
      [
       16.1719370608364,
       42.445222920573876
      ],
      [
       16.169842048836585,
       42.4427343829269
      ],
      [
       16.167867112377962,
       42.44019297145671
      ],
      [
       16.16601468573458,
       42.43760183766327
      ],
      [
       16.164491666666667,
       42.434894444444446
      ],
      [
       16.353766666666665,
       42.34729166666666
      ],
      [
       18.0,
       41.56666666666667
      ],
      [
       18.316666666666666,
       41.416666666666664
      ],
      [
       18.866666666666667,
       41.13333333333333
      ],
      [
       18.951666666666668,
       40.891666666666666
      ],
      [
       19.0,
       40.75
      ],
      [
       19.0,
       40.598333333333336
      ],
      [
       19.0,
       40.416666666666664
      ],
      [
       19.0,
       40.06666666666667
      ],
      [
       19.0,
       39.28333333333333
      ],
      [
       19.0,
       38.88333333333333
      ],
      [
       17.166666666666668,
       38.88333333333333
      ],
      [
       16.516666666666666,
       38.983333333333334
      ],
      [
       16.25,
       39.233333333333334
      ],
      [
       15.116666666666667,
       41.2
      ],
      [
       14.383333333333333,
       41.45
      ],
      [
       13.083333333333334,
       42.916666666666664
      ],
      [
       13.333333333333334,
       43.516666666666666
      ]
     ]
    ]
   }
  },
  {
   "type": "Feature",
   "properties": {
    "id": "LIMM",
    "indicator": "B",
    "name": "MILAN",
    "cycle": "2606"
   },
   "geometry": {
    "type": "Polygon",
    "coordinates": [
     [
      [
       12.186111111111112,
       47.091944444444444
      ],
      [
       12.226666666666667,
       47.081944444444446
      ],
      [
       12.240555555555556,
       47.06916666666667
      ],
      [
       12.216388888888888,
       47.05833333333333
      ],
      [
       12.204722222222221,
       47.02722222222222
      ],
      [
       12.124444444444444,
       47.01222222222222
      ],
      [
       12.1375,
       46.956944444444446
      ],
      [
       12.158055555555556,
       46.950833333333335
      ],
      [
       12.168611111111112,
       46.9375
      ],
      [
       12.143888888888888,
       46.91388888888889
      ],
      [
       12.190555555555555,
       46.90611111111111
      ],
      [
       12.215277777777779,
       46.87416666666667
      ],
      [
       12.242222222222223,
       46.89083333333333
      ],
      [
       12.24948611111111,
       46.88868333333333
      ],
      [
       12.278055555555556,
       46.87888888888889
      ],
      [
       12.305833333333334,
       46.83361111111111
      ],
      [
       12.283333333333333,
       46.81527777777778
      ],
      [
       12.2878,
       46.80061944444444
      ],
      [
       12.284444444444444,
       46.78277777777778
      ],
      [
       12.3575,
       46.775
      ],
      [
       12.384166666666667,
       46.71666666666667
      ],
      [
       12.571666666666667,
       46.65361111111111
      ],
      [
       12.631666666666666,
       46.66
      ],
      [
       12.690833333333334,
       46.65694444444444
      ],
      [
       12.735,
       46.635555555555555
      ],
      [
       12.7625,
       46.64805555555556
      ],
      [
       12.816666666666666,
       46.630833333333335
      ],
      [
       12.836666666666666,
       46.62722222222222
      ],
      [
       12.833333333333334,
       46.60944444444444
      ],
      [
       12.910022222222223,
       46.609625
      ],
      [
       13.169166666666667,
       46.58888888888889
      ],
      [
       13.241388888888888,
       46.55583333333333
      ],
      [
       13.268055555555556,
       46.560833333333335
      ],
      [
       13.320833333333333,
       46.55111111111111
      ],
      [
       13.333577777777778,
       46.56167222222222
      ],
      [
       13.344722222222222,
       46.57
      ],
      [
       13.370555555555555,
       46.566944444444445
      ],
      [
       13.3725,
       46.57944444444445
      ],
      [
       13.396786111111112,
       46.57385277777778
      ],
      [
       13.409722222222221,
       46.57194444444445
      ],
      [
       13.4075,
       46.56138888888889
      ],
      [
       13.474722222222223,
       46.55722222222222
      ],
      [
       13.47638888888889,
       46.559444444444445
      ],
      [
       13.504166666666666,
       46.56638888888889
      ],
      [
       13.515,
       46.548611111111114
      ],
      [
       13.562777777777777,
       46.55166666666667
      ],
      [
       13.573888888888888,
       46.53861111111111
      ],
      [
       13.592222222222222,
       46.545833333333334
      ],
      [
       13.62888888888889,
       46.54055555555556
      ],
      [
       13.6725,
       46.52333333333333
      ],
      [
       13.693333333333333,
       46.52166666666667
      ],
      [
       13.714077777777778,
       46.52298611111111
      ],
      [
       13.7,
       46.516666666666666
      ],
      [
       13.683333333333334,
       46.43333333333333
      ],
      [
       13.466666666666667,
       46.36666666666667
      ],
      [
       13.383333333333333,
       46.3
      ],
      [
       13.416666666666666,
       46.21666666666667
      ],
      [
       13.666666666666666,
       46.18333333333333
      ],
      [
       13.483333333333333,
       46.0
      ],
      [
       13.648888888888889,
       45.95944444444444
      ],
      [
       13.642094444444444,
       45.94808611111111
      ],
      [
       13.600527777777778,
       45.85751388888889
      ],
      [
       13.583333333333334,
       45.81666666666667
      ],
      [
       13.8,
       45.733333333333334
      ],
      [
       13.845277777777778,
       45.6875
      ],
      [
       13.923333333333334,
       45.639722222222225
      ],
      [
       13.92361111111111,
       45.6325
      ],
      [
       13.870833333333334,
       45.59972222222222
      ],
      [
       13.804444444444444,
       45.585277777777776
      ],
      [
       13.759722222222223,
       45.60305555555556
      ],
      [
       13.716666666666667,
       45.583333333333336
      ],
      [
       13.638055555555555,
       45.63111111111111
      ],
      [
       13.558333333333334,
       45.629444444444445
      ],
      [
       13.458055555555555,
       45.60638888888889
      ],
      [
       13.391666666666667,
       45.55833333333333
      ],
      [
       13.0,
       45.3
      ],
      [
       13.0,
       45.166666666666664
      ],
      [
       13.333333333333334,
       44.53333333333333
      ],
      [
       14.5,
       43.5
      ],
      [
       13.333333333333334,
       43.516666666666666
      ],
      [
       11.166666666666666,
       43.71666666666667
      ],
      [
       10.3,
       43.583333333333336
      ],
      [
       9.75,
       43.166666666666664
      ],
      [
       8.959166666666667,
       43.385555555555555
      ],
      [
       8.320133333333333,
       43.56627777777778
      ],
      [
       7.807222222222222,
       43.711666666666666
      ],
      [
       7.616666666666667,
       43.733333333333334
      ],
      [
       7.579444444444444,
       43.770833333333336
      ],
      [
       7.533333333333333,
       43.78333333333333
      ],
      [
       7.5,
       43.85
      ],
      [
       7.506111111111111,
       43.85444444444445
      ],
      [
       7.6375,
       43.96611111111111
      ],
      [
       7.7,
       44.05
      ],
      [
       7.683333333333334,
       44.18333333333333
      ],
      [
       7.433333333333334,
       44.11666666666667
      ],
      [
       7.033333333333333,
       44.21666666666667
      ],
      [
       6.883333333333333,
       44.36666666666667
      ],
      [
       6.95,
       44.43333333333333
      ],
      [
       6.85,
       44.516666666666666
      ],
      [
       6.933333333333334,
       44.583333333333336
      ],
      [
       6.95,
       44.65
      ],
      [
       7.066666666666666,
       44.68333333333333
      ],
      [
       7.0,
       44.85
      ],
      [
       6.783333333333333,
       44.88333333333333
      ],
      [
       6.75,
       45.016666666666666
      ],
      [
       6.666666666666667,
       45.016666666666666
      ],
      [
       6.666666666666667,
       45.049166666666665
      ],
      [
       6.616666666666667,
       45.1
      ],
      [
       6.666666666666667,
       45.12083333333333
      ],
      [
       6.916666666666667,
       45.166666666666664
      ],
      [
       7.133333333333334,
       45.25
      ],
      [
       7.183333333333334,
       45.416666666666664
      ],
      [
       7.0,
       45.53333333333333
      ],
      [
       7.0,
       45.65
      ],
      [
       6.85,
       45.68333333333333
      ],
      [
       6.816666666666666,
       45.833333333333336
      ],
      [
       7.043888888888889,
       45.9225
      ],
      [
       7.108888888888889,
       45.858333333333334
      ],
      [
       7.154166666666667,
       45.87916666666667
      ],
      [
       7.190833333333333,
       45.85861111111111
      ],
      [
       7.210555555555556,
       45.88111111111111
      ],
      [
       7.216666666666667,
       45.888888888888886
      ],
      [
       7.261388888888889,
       45.89222222222222
      ],
      [
       7.291388888888889,
       45.920833333333334
      ],
      [
       7.3825,
       45.896388888888886
      ],
      [
       7.444444444444445,
       45.931111111111115
      ],
      [
       7.466944444444445,
       45.934444444444445
      ],
      [
       7.4719444444444445,
       45.945277777777775
      ],
      [
       7.473888888888889,
       45.94861111111111
      ],
      [
       7.496111111111111,
       45.959722222222226
      ],
      [
       7.538611111111111,
       45.955
      ],
      [
       7.545555555555556,
       45.98361111111111
      ],
      [
       7.575,
       45.9875
      ],
      [
       7.585277777777778,
       45.971666666666664
      ],
      [
       7.670833333333333,
       45.970555555555556
      ],
      [
       7.719444444444444,
       45.92388888888889
      ],
      [
       7.7347222222222225,
       45.924166666666665
      ],
      [
       7.748055555555555,
       45.94083333333333
      ],
      [
       7.813888888888889,
       45.923611111111114
      ],
      [
       7.821666666666666,
       45.92722222222222
      ],
      [
       7.862777777777778,
       45.91694444444445
      ],
      [
       7.877222222222223,
       45.95444444444445
      ],
      [
       7.907222222222222,
       45.99444444444445
      ],
      [
       7.994722222222222,
       46.003055555555555
      ],
      [
       8.028333333333334,
       46.04138888888889
      ],
      [
       8.034166666666666,
       46.09972222222222
      ],
      [
       8.108055555555556,
       46.11138888888889
      ],
      [
       8.163611111111111,
       46.18388888888889
      ],
      [
       8.141388888888889,
       46.22611111111111
      ],
      [
       8.080277777777777,
       46.260555555555555
      ],
      [
       8.138055555555555,
       46.301944444444445
      ],
      [
       8.161111111111111,
       46.295833333333334
      ],
      [
       8.2,
       46.30277777777778
      ],
      [
       8.211388888888889,
       46.3125
      ],
      [
       8.223333333333333,
       46.33083333333333
      ],
      [
       8.319166666666666,
       46.38638888888889
      ],
      [
       8.288611111111111,
       46.40833333333333
      ],
      [
       8.375277777777777,
       46.452777777777776
      ],
      [
       8.438333333333333,
       46.464166666666664
      ],
      [
       8.466111111111111,
       46.443888888888885
      ],
      [
       8.467222222222222,
       46.37027777777778
      ],
      [
       8.465277777777779,
       46.33444444444444
      ],
      [
       8.427777777777777,
       46.29833333333333
      ],
      [
       8.444444444444445,
       46.24888888888889
      ],
      [
       8.503055555555555,
       46.22527777777778
      ],
      [
       8.532222222222222,
       46.21805555555556
      ],
      [
       8.611944444444445,
       46.12166666666667
      ],
      [
       8.72,
       46.098333333333336
      ],
      [
       8.745833333333334,
       46.114444444444445
      ],
      [
       8.852222222222222,
       46.07555555555555
      ],
      [
       8.786111111111111,
       45.98916666666667
      ],
      [
       8.831388888888888,
       45.98777777777778
      ],
      [
       8.878055555555555,
       45.95666666666666
      ],
      [
       8.893611111111111,
       45.958888888888886
      ],
      [
       8.934444444444445,
       45.8625
      ],
      [
       8.914444444444445,
       45.8425
      ],
      [
       8.912222222222223,
       45.830555555555556
      ],
      [
       8.949166666666667,
       45.843333333333334
      ],
      [
       8.973333333333333,
       45.8325
      ],
      [
       8.97861111111111,
       45.836666666666666
      ],
      [
       8.997222222222222,
       45.834722222222226
      ],
      [
       8.99388888888889,
       45.82194444444445
      ],
      [
       9.017222222222221,
       45.81805555555555
      ],
      [
       9.088333333333333,
       45.90083333333333
      ],
      [
       9.079166666666667,
       45.9
      ],
      [
       9.043888888888889,
       45.92666666666667
      ],
      [
       9.019444444444444,
       45.928333333333335
      ],
      [
       9.01388888888889,
       45.96055555555556
      ],
      [
       8.989166666666666,
       45.97027777777778
      ],
      [
       9.028333333333334,
       45.99388888888889
      ],
      [
       9.007777777777777,
       46.03
      ],
      [
       9.025,
       46.05083333333334
      ],
      [
       9.078333333333333,
       46.07194444444445
      ],
      [
       9.089722222222223,
       46.0875
      ],
      [
       9.0725,
       46.117777777777775
      ],
      [
       9.077777777777778,
       46.12083333333333
      ],
      [
       9.193888888888889,
       46.17944444444444
      ],
      [
       9.194444444444445,
       46.181666666666665
      ],
      [
       9.248888888888889,
       46.24638888888889
      ],
      [
       9.3,
       46.327222222222225
      ],
      [
       9.278611111111111,
       46.365833333333335
      ],
      [
       9.2775,
       46.414722222222224
      ],
      [
       9.248611111111112,
       46.43277777777778
      ],
      [
       9.253333333333334,
       46.449444444444445
      ],
      [
       9.268611111111111,
       46.452777777777776
      ],
      [
       9.28138888888889,
       46.494166666666665
      ],
      [
       9.362222222222222,
       46.50944444444445
      ],
      [
       9.3625,
       46.50972222222222
      ],
      [
       9.363055555555556,
       46.50944444444445
      ],
      [
       9.400833333333333,
       46.46944444444444
      ],
      [
       9.463055555555556,
       46.50833333333333
      ],
      [
       9.460555555555555,
       46.44305555555555
      ],
      [
       9.459166666666667,
       46.41416666666667
      ],
      [
       9.475,
       46.37083333333333
      ],
      [
       9.49638888888889,
       46.364444444444445
      ],
      [
       9.549444444444445,
       46.3025
      ],
      [
       9.618611111111111,
       46.2875
      ],
      [
       9.684722222222222,
       46.29555555555555
      ],
      [
       9.714444444444444,
       46.29277777777778
      ],
      [
       9.725,
       46.34166666666667
      ],
      [
       9.743333333333334,
       46.35138888888889
      ],
      [
       9.777777777777779,
       46.335
      ],
      [
       9.906944444444445,
       46.38055555555555
      ],
      [
       9.915555555555555,
       46.37138888888889
      ],
      [
       9.96,
       46.37166666666667
      ],
      [
       9.995833333333334,
       46.34583333333333
      ],
      [
       9.980277777777777,
       46.32333333333333
      ],
      [
       9.99611111111111,
       46.284444444444446
      ],
      [
       10.053055555555556,
       46.266666666666666
      ],
      [
       10.060555555555556,
       46.24805555555555
      ],
      [
       10.043888888888889,
       46.230555555555554
      ],
      [
       10.066666666666666,
       46.21888888888889
      ],
      [
       10.093055555555555,
       46.227777777777774
      ],
      [
       10.132222222222222,
       46.225
      ],
      [
       10.176388888888889,
       46.25805555555556
      ],
      [
       10.104444444444445,
       46.333333333333336
      ],
      [
       10.163611111111111,
       46.395833333333336
      ],
      [
       10.140833333333333,
       46.428333333333335
      ],
      [
       10.074444444444444,
       46.428333333333335
      ],
      [
       10.043333333333333,
       46.441944444444445
      ],
      [
       10.043611111111112,
       46.505
      ],
      [
       10.043611111111112,
       46.50527777777778
      ],
      [
       10.046111111111111,
       46.534444444444446
      ],
      [
       10.085277777777778,
       46.566944444444445
      ],
      [
       10.078611111111112,
       46.574444444444445
      ],
      [
       10.1,
       46.5825
      ],
      [
       10.096944444444444,
       46.592777777777776
      ],
      [
       10.101666666666667,
       46.610277777777775
      ],
      [
       10.12888888888889,
       46.605555555555554
      ],
      [
       10.221944444444444,
       46.62638888888889
      ],
      [
       10.221944444444444,
       46.62722222222222
      ],
      [
       10.235,
       46.63361111111111
      ],
      [
       10.242777777777778,
       46.624722222222225
      ],
      [
       10.24638888888889,
       46.57472222222222
      ],
      [
       10.269722222222223,
       46.5775
      ],
      [
       10.311111111111112,
       46.54666666666667
      ],
      [
       10.352777777777778,
       46.555277777777775
      ],
      [
       10.46,
       46.53527777777778
      ],
      [
       10.491944444444444,
       46.61527777777778
      ],
      [
       10.446388888888889,
       46.64111111111111
      ],
      [
       10.408888888888889,
       46.635
      ],
      [
       10.395277777777778,
       46.65361111111111
      ],
      [
       10.382222222222222,
       46.684444444444445
      ],
      [
       10.415833333333333,
       46.70861111111111
      ],
      [
       10.418611111111112,
       46.71861111111111
      ],
      [
       10.400277777777777,
       46.73277777777778
      ],
      [
       10.431666666666667,
       46.750277777777775
      ],
      [
       10.441666666666666,
       46.75222222222222
      ],
      [
       10.423055555555555,
       46.788333333333334
      ],
      [
       10.452222222222222,
       46.806666666666665
      ],
      [
       10.469655555555555,
       46.85491388888889
      ],
      [
       10.469722222222222,
       46.855
      ],
      [
       10.47888888888889,
       46.85888888888889
      ],
      [
       10.499444444444444,
       46.846944444444446
      ],
      [
       10.52111111111111,
       46.84527777777778
      ],
      [
       10.552222222222222,
       46.85
      ],
      [
       10.556111111111111,
       46.846666666666664
      ],
      [
       10.547777777777778,
       46.83777777777778
      ],
      [
       10.570833333333333,
       46.8425
      ],
      [
       10.595833333333333,
       46.8575
      ],
      [
       10.653611111111111,
       46.86666666666667
      ],
      [
       10.666944444444445,
       46.87555555555556
      ],
      [
       10.696666666666667,
       46.86277777777778
      ],
      [
       10.69361111111111,
       46.852777777777774
      ],
      [
       10.76388888888889,
       46.82277777777778
      ],
      [
       10.726111111111111,
       46.797777777777775
      ],
      [
       10.729444444444445,
       46.78861111111111
      ],
      [
       10.761388888888888,
       46.786944444444444
      ],
      [
       10.786111111111111,
       46.79611111111111
      ],
      [
       10.793611111111112,
       46.791111111111114
      ],
      [
       10.795277777777779,
       46.79138888888889
      ],
      [
       10.813888888888888,
       46.77527777777778
      ],
      [
       10.825277777777778,
       46.77333333333333
      ],
      [
       10.835,
       46.781666666666666
      ],
      [
       10.8675,
       46.7725
      ],
      [
       10.86888888888889,
       46.76583333333333
      ],
      [
       10.949166666666667,
       46.775
      ],
      [
       11.022222222222222,
       46.76555555555556
      ],
      [
       11.024444444444445,
       46.76638888888889
      ],
      [
       11.0425,
       46.80555555555556
      ],
      [
       11.051333333333334,
       46.80858333333333
      ],
      [
       11.083333333333334,
       46.8225
      ],
      [
       11.071666666666667,
       46.85138888888889
      ],
      [
       11.098333333333333,
       46.89083333333333
      ],
      [
       11.0975,
       46.91388888888889
      ],
      [
       11.109444444444444,
       46.916666666666664
      ],
      [
       11.114722222222222,
       46.93138888888889
      ],
      [
       11.139166666666666,
       46.92777777777778
      ],
      [
       11.167777777777777,
       46.94416666666667
      ],
      [
       11.164166666666667,
       46.965555555555554
      ],
      [
       11.256697222222222,
       46.97421388888889
      ],
      [
       11.320555555555556,
       46.992222222222225
      ],
      [
       11.336666666666666,
       46.985
      ],
      [
       11.355555555555556,
       46.99055555555555
      ],
      [
       11.401111111111112,
       46.965
      ],
      [
       11.440277777777778,
       46.97527777777778
      ],
      [
       11.47861111111111,
       47.01083333333333
      ],
      [
       11.5125,
       47.005
      ],
      [
       11.538611111111111,
       46.98416666666667
      ],
      [
       11.625277777777777,
       47.01305555555555
      ],
      [
       11.664444444444445,
       46.992222222222225
      ],
      [
       11.71111111111111,
       46.99305555555556
      ],
      [
       11.729722222222222,
       46.971944444444446
      ],
      [
       11.746944444444445,
       46.96888888888889
      ],
      [
       11.75361111111111,
       46.971666666666664
      ],
      [
       11.765555555555556,
       46.973333333333336
      ],
      [
       11.781777777777778,
       46.99246111111111
      ],
      [
       11.814444444444444,
       46.99
      ],
      [
       11.836666666666666,
       46.99305555555556
      ],
      [
       11.845277777777778,
       47.001666666666665
      ],
      [
       11.852222222222222,
       47.000277777777775
      ],
      [
       11.855097222222222,
       47.00279444444445
      ],
      [
       11.88,
       47.01638888888889
      ],
      [
       11.891666666666667,
       47.01611111111111
      ],
      [
       11.932222222222222,
       47.0375
      ],
      [
       12.03111111111111,
       47.05083333333334
      ],
      [
       12.186111111111112,
       47.091944444444444
      ]
     ]
    ]
   }
  },
  {
   "type": "Feature",
   "properties": {
    "id": "LIRR",
    "indicator": "B",
    "name": "ROME",
    "cycle": "2606"
   },
   "geometry": {
    "type": "Polygon",
    "coordinates": [
     [
      [
       11.166666666666666,
       43.71666666666667
      ],
      [
       13.333333333333334,
       43.516666666666666
      ],
      [
       13.083333333333334,
       42.916666666666664
      ],
      [
       13.666666666666666,
       42.266666666666666
      ],
      [
       14.383333333333333,
       41.45
      ],
      [
       15.116666666666667,
       41.2
      ],
      [
       15.171666666666667,
       41.108333333333334
      ],
      [
       15.433333333333334,
       40.68333333333333
      ],
      [
       16.25,
       39.233333333333334
      ],
      [
       16.516666666666666,
       38.983333333333334
      ],
      [
       17.166666666666668,
       38.88333333333333
      ],
      [
       19.0,
       38.88333333333333
      ],
      [
       19.0,
       38.62694444444445
      ],
      [
       19.0,
       37.4
      ],
      [
       19.0,
       36.5
      ],
      [
       17.733333333333334,
       36.5
      ],
      [
       14.311944444444444,
       36.5
      ],
      [
       13.966666666666667,
       36.5
      ],
      [
       13.17,
       36.5
      ],
      [
       11.5,
       36.5
      ],
      [
       11.5,
       36.583333333333336
      ],
      [
       11.5,
       37.18833333333333
      ],
      [
       11.5,
       37.5
      ],
      [
       9.661388888888888,
       38.30861111111111
      ],
      [
       8.0,
       39.0
      ],
      [
       8.0,
       39.15
      ],
      [
       8.0,
       40.35
      ],
      [
       8.0,
       40.43333333333333
      ],
      [
       8.0,
       40.66
      ],
      [
       8.0,
       40.916666666666664
      ],
      [
       8.0,
       41.0
      ],
      [
       8.162222222222223,
       41.16277777777778
      ],
      [
       8.333333333333334,
       41.333333333333336
      ],
      [
       8.568333333333333,
       41.333333333333336
      ],
      [
       8.825138888888889,
       41.33863888888889
      ],
      [
       9.75,
       41.333333333333336
      ],
      [
       9.751111111111111,
       41.79138888888889
      ],
      [
       9.75,
       43.166666666666664
      ],
      [
       10.3,
       43.583333333333336
      ],
      [
       11.166666666666666,
       43.71666666666667
      ]
     ]
    ]
   }
  },
  {
   "type": "Feature",
   "properties": {
    "id": "LJLA",
    "indicator": "F",
    "name": "LJUBLJANA",
    "cycle": "2606"
   },
   "geometry": {
    "type": "Polygon",
    "coordinates": [
     [
      [
       16.116666666666667,
       46.86666666666667
      ],
      [
       16.333333333333332,
       46.85
      ],
      [
       16.35,
       46.733333333333334
      ],
      [
       16.37388888888889,
       46.705555555555556
      ],
      [
       16.42361111111111,
       46.69722222222222
      ],
      [
       16.41888888888889,
       46.66138888888889
      ],
      [
       16.393055555555556,
       46.66833333333334
      ],
      [
       16.397777777777776,
       46.640277777777776
      ],
      [
       16.451666666666668,
       46.613055555555555
      ],
      [
       16.495277777777776,
       46.5675
      ],
      [
       16.513333333333332,
       46.56861111111111
      ],
      [
       16.52111111111111,
       46.54055555555556
      ],
      [
       16.532222222222224,
       46.535
      ],
      [
       16.52638888888889,
       46.50805555555556
      ],
      [
       16.601944444444445,
       46.47694444444444
      ],
      [
       16.59888888888889,
       46.4625
      ],
      [
       16.593888888888888,
       46.47083333333333
      ],
      [
       16.578333333333333,
       46.46361111111111
      ],
      [
       16.538333333333334,
       46.47972222222222
      ],
      [
       16.525555555555556,
       46.479166666666664
      ],
      [
       16.491666666666667,
       46.509166666666665
      ],
      [
       16.458055555555557,
       46.52166666666667
      ],
      [
       16.444166666666668,
       46.516666666666666
      ],
      [
       16.433055555555555,
       46.526944444444446
      ],
      [
       16.373055555555556,
       46.549166666666665
      ],
      [
       16.381666666666668,
       46.555
      ],
      [
       16.371666666666666,
       46.55638888888889
      ],
      [
       16.348333333333333,
       46.54527777777778
      ],
      [
       16.349166666666665,
       46.5325
      ],
      [
       16.305,
       46.51638888888889
      ],
      [
       16.2725,
       46.52027777777778
      ],
      [
       16.273333333333333,
       46.51611111111111
      ],
      [
       16.264722222222222,
       46.504444444444445
      ],
      [
       16.248055555555556,
       46.501666666666665
      ],
      [
       16.28,
       46.42166666666667
      ],
      [
       16.307777777777776,
       46.397777777777776
      ],
      [
       16.29,
       46.37888888888889
      ],
      [
       16.179166666666667,
       46.380833333333335
      ],
      [
       16.144444444444446,
       46.40416666666667
      ],
      [
       16.089166666666667,
       46.38944444444444
      ],
      [
       16.061944444444446,
       46.395
      ],
      [
       16.075,
       46.344166666666666
      ],
      [
       16.035833333333333,
       46.33694444444444
      ],
      [
       16.024166666666666,
       46.31777777777778
      ],
      [
       16.002222222222223,
       46.30888888888889
      ],
      [
       15.9925,
       46.31527777777778
      ],
      [
       15.920555555555556,
       46.28722222222222
      ],
      [
       15.869166666666667,
       46.27194444444444
      ],
      [
       15.798333333333334,
       46.2625
      ],
      [
       15.799722222222222,
       46.22944444444445
      ],
      [
       15.78111111111111,
       46.22472222222222
      ],
      [
       15.76388888888889,
       46.209722222222226
      ],
      [
       15.758611111111112,
       46.22083333333333
      ],
      [
       15.677222222222222,
       46.22638888888889
      ],
      [
       15.654166666666667,
       46.21666666666667
      ],
      [
       15.64638888888889,
       46.181111111111115
      ],
      [
       15.6125,
       46.16777777777778
      ],
      [
       15.615277777777777,
       46.15694444444444
      ],
      [
       15.601111111111111,
       46.14666666666667
      ],
      [
       15.629722222222222,
       46.09583333333333
      ],
      [
       15.662777777777778,
       46.08416666666667
      ],
      [
       15.665277777777778,
       46.073055555555555
      ],
      [
       15.695555555555556,
       46.069722222222225
      ],
      [
       15.735,
       46.05027777777778
      ],
      [
       15.70861111111111,
       46.00222222222222
      ],
      [
       15.71111111111111,
       45.92111111111111
      ],
      [
       15.69,
       45.90972222222222
      ],
      [
       15.685661111111111,
       45.88196388888889
      ],
      [
       15.684444444444445,
       45.87416666666667
      ],
      [
       15.71888888888889,
       45.848333333333336
      ],
      [
       15.668888888888889,
       45.841388888888886
      ],
      [
       15.647777777777778,
       45.823055555555555
      ],
      [
       15.575833333333334,
       45.855
      ],
      [
       15.565833333333334,
       45.840833333333336
      ],
      [
       15.542777777777777,
       45.85
      ],
      [
       15.534722222222221,
       45.827222222222225
      ],
      [
       15.49,
       45.83361111111111
      ],
      [
       15.471111111111112,
       45.82055555555556
      ],
      [
       15.479444444444445,
       45.80166666666667
      ],
      [
       15.404444444444444,
       45.79638888888889
      ],
      [
       15.267222222222223,
       45.72638888888889
      ],
      [
       15.30888888888889,
       45.689166666666665
      ],
      [
       15.316944444444445,
       45.70333333333333
      ],
      [
       15.328611111111112,
       45.6825
      ],
      [
       15.32611111111111,
       45.70111111111111
      ],
      [
       15.347777777777777,
       45.71611111111111
      ],
      [
       15.366111111111111,
       45.71611111111111
      ],
      [
       15.3725,
       45.69861111111111
      ],
      [
       15.358888888888888,
       45.68666666666667
      ],
      [
       15.359444444444444,
       45.67527777777778
      ],
      [
       15.373888888888889,
       45.69277777777778
      ],
      [
       15.416944444444445,
       45.65
      ],
      [
       15.40638888888889,
       45.639722222222225
      ],
      [
       15.36111111111111,
       45.64805555555556
      ],
      [
       15.36111111111111,
       45.63722222222222
      ],
      [
       15.31611111111111,
       45.63166666666667
      ],
      [
       15.314722222222223,
       45.61555555555555
      ],
      [
       15.295555555555556,
       45.610277777777775
      ],
      [
       15.31,
       45.58583333333333
      ],
      [
       15.314444444444444,
       45.54083333333333
      ],
      [
       15.388333333333334,
       45.486666666666665
      ],
      [
       15.346111111111112,
       45.45805555555555
      ],
      [
       15.282777777777778,
       45.466388888888886
      ],
      [
       15.25,
       45.451388888888886
      ],
      [
       15.240833333333333,
       45.431666666666665
      ],
      [
       15.214722222222223,
       45.42888888888889
      ],
      [
       15.203611111111112,
       45.437222222222225
      ],
      [
       15.189444444444444,
       45.42444444444445
      ],
      [
       15.145555555555555,
       45.44722222222222
      ],
      [
       15.0975,
       45.46944444444444
      ],
      [
       15.090277777777779,
       45.48444444444444
      ],
      [
       15.062777777777777,
       45.495555555555555
      ],
      [
       15.035833333333333,
       45.489444444444445
      ],
      [
       15.007222222222222,
       45.495
      ],
      [
       14.932777777777778,
       45.528888888888886
      ],
      [
       14.915277777777778,
       45.53861111111111
      ],
      [
       14.926944444444445,
       45.48388888888889
      ],
      [
       14.831111111111111,
       45.4625
      ],
      [
       14.807222222222222,
       45.50361111111111
      ],
      [
       14.764722222222222,
       45.51305555555555
      ],
      [
       14.725277777777778,
       45.535555555555554
      ],
      [
       14.6975,
       45.5275
      ],
      [
       14.704166666666667,
       45.56722222222222
      ],
      [
       14.600277777777778,
       45.638333333333335
      ],
      [
       14.6125,
       45.66444444444444
      ],
      [
       14.575,
       45.67611111111111
      ],
      [
       14.535555555555556,
       45.614444444444445
      ],
      [
       14.509444444444444,
       45.61388888888889
      ],
      [
       14.491388888888888,
       45.53944444444444
      ],
      [
       14.3775,
       45.49
      ],
      [
       14.350277777777778,
       45.48861111111111
      ],
      [
       14.3275,
       45.47555555555556
      ],
      [
       14.319444444444445,
       45.48555555555556
      ],
      [
       14.286666666666667,
       45.49388888888889
      ],
      [
       14.274444444444445,
       45.48833333333334
      ],
      [
       14.242222222222223,
       45.51111111111111
      ],
      [
       14.220277777777778,
       45.49444444444445
      ],
      [
       14.208333333333334,
       45.471666666666664
      ],
      [
       14.149722222222222,
       45.47944444444445
      ],
      [
       14.099444444444444,
       45.48638888888889
      ],
      [
       14.00611111111111,
       45.519444444444446
      ],
      [
       14.0075,
       45.50944444444445
      ],
      [
       13.985277777777778,
       45.51611111111111
      ],
      [
       13.973611111111111,
       45.505833333333335
      ],
      [
       14.001666666666667,
       45.478611111111114
      ],
      [
       13.979444444444445,
       45.452222222222225
      ],
      [
       13.953055555555556,
       45.458333333333336
      ],
      [
       13.9025,
       45.44444444444444
      ],
      [
       13.889166666666666,
       45.429722222222225
      ],
      [
       13.823055555555555,
       45.439166666666665
      ],
      [
       13.796944444444444,
       45.46944444444444
      ],
      [
       13.740833333333333,
       45.464166666666664
      ],
      [
       13.690277777777778,
       45.446666666666665
      ],
      [
       13.635,
       45.465555555555554
      ],
      [
       13.589166666666667,
       45.47611111111111
      ],
      [
       13.391666666666667,
       45.55833333333333
      ],
      [
       13.458055555555555,
       45.60638888888889
      ],
      [
       13.558333333333334,
       45.629444444444445
      ],
      [
       13.638055555555555,
       45.63111111111111
      ],
      [
       13.716666666666667,
       45.583333333333336
      ],
      [
       13.759722222222223,
       45.60305555555556
      ],
      [
       13.804444444444444,
       45.585277777777776
      ],
      [
       13.870833333333334,
       45.59972222222222
      ],
      [
       13.92361111111111,
       45.6325
      ],
      [
       13.923333333333334,
       45.639722222222225
      ],
      [
       13.845277777777778,
       45.6875
      ],
      [
       13.8,
       45.733333333333334
      ],
      [
       13.583333333333334,
       45.81666666666667
      ],
      [
       13.600527777777778,
       45.85751388888889
      ],
      [
       13.642094444444444,
       45.94808611111111
      ],
      [
       13.648888888888889,
       45.95944444444444
      ],
      [
       13.483333333333333,
       46.0
      ],
      [
       13.666666666666666,
       46.18333333333333
      ],
      [
       13.416666666666666,
       46.21666666666667
      ],
      [
       13.383333333333333,
       46.3
      ],
      [
       13.466666666666667,
       46.36666666666667
      ],
      [
       13.683333333333334,
       46.43333333333333
      ],
      [
       13.7,
       46.516666666666666
      ],
      [
       13.833333333333334,
       46.516666666666666
      ],
      [
       13.96,
       46.5
      ],
      [
       14.001666666666667,
       46.48777777777778
      ],
      [
       14.133333333333333,
       46.46666666666667
      ],
      [
       14.256666666666666,
       46.461666666666666
      ],
      [
       14.416666666666666,
       46.45
      ],
      [
       14.633333333333333,
       46.43833333333333
      ],
      [
       14.679444444444444,
       46.455555555555556
      ],
      [
       14.813333333333333,
       46.498333333333335
      ],
      [
       14.858333333333333,
       46.59166666666667
      ],
      [
       15.033333333333333,
       46.65
      ],
      [
       15.068888888888889,
       46.65
      ],
      [
       15.083333333333334,
       46.645833333333336
      ],
      [
       15.213333333333333,
       46.64666666666667
      ],
      [
       15.416666666666666,
       46.658055555555556
      ],
      [
       15.464444444444444,
       46.61555555555555
      ],
      [
       15.5,
       46.61666666666667
      ],
      [
       15.566666666666666,
       46.68333333333333
      ],
      [
       15.653333333333334,
       46.708333333333336
      ],
      [
       15.81,
       46.70666666666666
      ],
      [
       15.866666666666667,
       46.71666666666667
      ],
      [
       16.04111111111111,
       46.666666666666664
      ],
      [
       16.0,
       46.833333333333336
      ],
      [
       16.116666666666667,
       46.86666666666667
      ]
     ]
    ]
   }
  },
  {
   "type": "Feature",
   "properties": {
    "id": "LKAA",
    "indicator": "F",
    "name": "PRAGUE",
    "cycle": "2606"
   },
   "geometry": {
    "type": "Polygon",
    "coordinates": [
     [
      [
       14.3075,
       51.051944444444445
      ],
      [
       14.385833333333334,
       51.036944444444444
      ],
      [
       14.46861111111111,
       51.02916666666667
      ],
      [
       14.598333333333333,
       50.98111111111111
      ],
      [
       14.566666666666666,
       50.916666666666664
      ],
      [
       14.65,
       50.93333333333333
      ],
      [
       14.633333333333333,
       50.85
      ],
      [
       14.8,
       50.81666666666667
      ],
      [
       14.833333333333334,
       50.86666666666667
      ],
      [
       14.992777777777778,
       50.904444444444444
      ],
      [
       15.0,
       50.86666666666667
      ],
      [
       15.016666666666667,
       51.03333333333333
      ],
      [
       15.283333333333333,
       50.96666666666667
      ],
      [
       15.294444444444444,
       50.95305555555556
      ],
      [
       15.366666666666667,
       50.78333333333333
      ],
      [
       15.45,
       50.81666666666667
      ],
      [
       15.458333333333334,
       50.8
      ],
      [
       15.6,
       50.775
      ],
      [
       15.733333333333333,
       50.733333333333334
      ],
      [
       15.816666666666666,
       50.75833333333333
      ],
      [
       15.866666666666667,
       50.666666666666664
      ],
      [
       16.0,
       50.68333333333333
      ],
      [
       16.0,
       50.6
      ],
      [
       16.116666666666667,
       50.666666666666664
      ],
      [
       16.183333333333334,
       50.625
      ],
      [
       16.216666666666665,
       50.63333333333333
      ],
      [
       16.233333333333334,
       50.68333333333333
      ],
      [
       16.333333333333332,
       50.666666666666664
      ],
      [
       16.35,
       50.641666666666666
      ],
      [
       16.45,
       50.583333333333336
      ],
      [
       16.29722222222222,
       50.483333333333334
      ],
      [
       16.205555555555556,
       50.42777777777778
      ],
      [
       16.238888888888887,
       50.40555555555556
      ],
      [
       16.433333333333334,
       50.31666666666667
      ],
      [
       16.55,
       50.21666666666667
      ],
      [
       16.55,
       50.166666666666664
      ],
      [
       16.5925,
       50.12222222222222
      ],
      [
       16.7,
       50.1
      ],
      [
       16.833333333333332,
       50.2
      ],
      [
       17.033333333333335,
       50.233333333333334
      ],
      [
       16.933333333333334,
       50.33888888888889
      ],
      [
       16.908333333333335,
       50.38333333333333
      ],
      [
       16.875,
       50.394444444444446
      ],
      [
       16.916666666666668,
       50.45
      ],
      [
       17.2,
       50.38333333333333
      ],
      [
       17.366666666666667,
       50.31666666666667
      ],
      [
       17.35,
       50.266666666666666
      ],
      [
       17.633333333333333,
       50.266666666666666
      ],
      [
       17.683333333333334,
       50.333333333333336
      ],
      [
       17.75,
       50.3
      ],
      [
       17.75,
       50.2
      ],
      [
       17.6,
       50.15
      ],
      [
       17.75,
       50.1
      ],
      [
       17.7875,
       50.021388888888886
      ],
      [
       17.9,
       49.96666666666667
      ],
      [
       17.958333333333332,
       50.005
      ],
      [
       18.05,
       50.05
      ],
      [
       18.19527777777778,
       50.00277777777778
      ],
      [
       18.583333333333332,
       49.88333333333333
      ],
      [
       18.623333333333335,
       49.7475
      ],
      [
       18.8,
       49.68333333333333
      ],
      [
       18.82611111111111,
       49.602777777777774
      ],
      [
       18.8525,
       49.51777777777778
      ],
      [
       18.81111111111111,
       49.518055555555556
      ],
      [
       18.77735,
       49.50440555555556
      ],
      [
       18.744444444444444,
       49.48888888888889
      ],
      [
       18.675,
       49.50833333333333
      ],
      [
       18.602777777777778,
       49.49166666666667
      ],
      [
       18.591666666666665,
       49.51111111111111
      ],
      [
       18.538888888888888,
       49.5
      ],
      [
       18.541666666666668,
       49.46944444444444
      ],
      [
       18.43888888888889,
       49.391666666666666
      ],
      [
       18.405555555555555,
       49.4
      ],
      [
       18.41111111111111,
       49.36666666666667
      ],
      [
       18.401666666666667,
       49.35
      ],
      [
       18.375,
       49.327777777777776
      ],
      [
       18.350555555555555,
       49.32555555555555
      ],
      [
       18.280277777777776,
       49.30388888888889
      ],
      [
       18.252777777777776,
       49.291666666666664
      ],
      [
       18.197222222222223,
       49.290277777777774
      ],
      [
       18.147222222222222,
       49.230555555555554
      ],
      [
       18.156666666666666,
       49.216388888888886
      ],
      [
       18.11916666666667,
       49.17527777777778
      ],
      [
       18.131666666666668,
       49.168055555555554
      ],
      [
       18.136111111111113,
       49.15694444444444
      ],
      [
       18.123333333333335,
       49.155
      ],
      [
       18.105555555555554,
       49.13333333333333
      ],
      [
       18.113888888888887,
       49.102777777777774
      ],
      [
       18.066666666666666,
       49.041666666666664
      ],
      [
       18.066666666666666,
       49.035
      ],
      [
       18.02777777777778,
       49.022222222222226
      ],
      [
       17.981666666666666,
       49.02305555555556
      ],
      [
       17.931944444444444,
       49.016666666666666
      ],
      [
       17.91521388888889,
       49.00321944444445
      ],
      [
       17.79722222222222,
       48.923611111111114
      ],
      [
       17.70951388888889,
       48.86517222222222
      ],
      [
       17.676388888888887,
       48.85777777777778
      ],
      [
       17.6325,
       48.85472222222222
      ],
      [
       17.530555555555555,
       48.80555555555556
      ],
      [
       17.47222222222222,
       48.84444444444444
      ],
      [
       17.425,
       48.82222222222222
      ],
      [
       17.41111111111111,
       48.81944444444444
      ],
      [
       17.369444444444444,
       48.81388888888889
      ],
      [
       17.366666666666667,
       48.815
      ],
      [
       17.27777777777778,
       48.858333333333334
      ],
      [
       17.27,
       48.86
      ],
      [
       17.18888888888889,
       48.86666666666667
      ],
      [
       17.116666666666667,
       48.825
      ],
      [
       17.091666666666665,
       48.78611111111111
      ],
      [
       17.058333333333334,
       48.77638888888889
      ],
      [
       17.044444444444444,
       48.766666666666666
      ],
      [
       16.942222222222224,
       48.61611111111111
      ],
      [
       16.916666666666668,
       48.666666666666664
      ],
      [
       16.794444444444444,
       48.71111111111111
      ],
      [
       16.666666666666668,
       48.775
      ],
      [
       16.322222222222223,
       48.73361111111111
      ],
      [
       16.1,
       48.74722222222222
      ],
      [
       15.708333333333334,
       48.86
      ],
      [
       15.702297222222223,
       48.863863888888886
      ],
      [
       15.615802777777779,
       48.888125
      ],
      [
       15.61,
       48.89666666666667
      ],
      [
       15.283333333333333,
       48.96666666666667
      ],
      [
       15.00388888888889,
       49.0
      ],
      [
       14.978116666666667,
       48.882355555555556
      ],
      [
       14.958333333333334,
       48.791666666666664
      ],
      [
       14.82211388888889,
       48.779513888888886
      ],
      [
       14.716666666666667,
       48.608333333333334
      ],
      [
       14.666666666666666,
       48.583333333333336
      ],
      [
       14.65,
       48.63333333333333
      ],
      [
       14.616666666666667,
       48.6
      ],
      [
       14.133333333333333,
       48.6
      ],
      [
       13.964444444444444,
       48.71361111111111
      ],
      [
       13.838888888888889,
       48.76833333333333
      ],
      [
       13.819166666666666,
       48.78777777777778
      ],
      [
       13.79,
       48.829166666666666
      ],
      [
       13.744444444444444,
       48.88
      ],
      [
       13.696944444444444,
       48.88
      ],
      [
       13.628333333333334,
       48.93
      ],
      [
       13.590833333333334,
       48.961666666666666
      ],
      [
       13.522222222222222,
       48.97416666666667
      ],
      [
       13.49388888888889,
       48.941944444444445
      ],
      [
       13.403333333333332,
       48.988055555555555
      ],
      [
       13.396944444444445,
       49.047777777777775
      ],
      [
       13.296111111111111,
       49.11472222222222
      ],
      [
       13.229444444444445,
       49.11083333333333
      ],
      [
       13.1775,
       49.13027777777778
      ],
      [
       13.180555555555555,
       49.166666666666664
      ],
      [
       13.115555555555556,
       49.21388888888889
      ],
      [
       13.03,
       49.291111111111114
      ],
      [
       12.978333333333333,
       49.333333333333336
      ],
      [
       12.904722222222222,
       49.34444444444444
      ],
      [
       12.904722222222222,
       49.32555555555555
      ],
      [
       12.850277777777778,
       49.344722222222224
      ],
      [
       12.7975,
       49.343333333333334
      ],
      [
       12.763333333333334,
       49.35611111111111
      ],
      [
       12.722222222222221,
       49.420833333333334
      ],
      [
       12.673055555555555,
       49.42861111111111
      ],
      [
       12.644166666666667,
       49.52194444444444
      ],
      [
       12.608333333333333,
       49.531666666666666
      ],
      [
       12.5725,
       49.577777777777776
      ],
      [
       12.568888888888889,
       49.61611111111111
      ],
      [
       12.520233333333334,
       49.62318333333333
      ],
      [
       12.52111111111111,
       49.67888888888889
      ],
      [
       12.453611111111112,
       49.69444444444444
      ],
      [
       12.456944444444444,
       49.7
      ],
      [
       12.401666666666667,
       49.759166666666665
      ],
      [
       12.45,
       49.77361111111111
      ],
      [
       12.474444444444444,
       49.78333333333333
      ],
      [
       12.478333333333333,
       49.833333333333336
      ],
      [
       12.502777777777778,
       49.833333333333336
      ],
      [
       12.544166666666667,
       49.908611111111114
      ],
      [
       12.475277777777778,
       49.941944444444445
      ],
      [
       12.493611111111111,
       49.97027777777778
      ],
      [
       12.469166666666666,
       49.98111111111111
      ],
      [
       12.433333333333334,
       49.98111111111111
      ],
      [
       12.352777777777778,
       50.02916666666667
      ],
      [
       12.323333333333334,
       50.03777777777778
      ],
      [
       12.260833333333334,
       50.051944444444445
      ],
      [
       12.313333333333333,
       50.055
      ],
      [
       12.265,
       50.07111111111111
      ],
      [
       12.213333333333333,
       50.09916666666667
      ],
      [
       12.195,
       50.13527777777778
      ],
      [
       12.205833333333333,
       50.16861111111111
      ],
      [
       12.179166666666667,
       50.209722222222226
      ],
      [
       12.178055555555556,
       50.215
      ],
      [
       12.153611111111111,
       50.21861111111111
      ],
      [
       12.09361111111111,
       50.24333333333333
      ],
      [
       12.09361111111111,
       50.25611111111111
      ],
      [
       12.1,
       50.25833333333333
      ],
      [
       12.138333333333334,
       50.266666666666666
      ],
      [
       12.122777777777777,
       50.305277777777775
      ],
      [
       12.104444444444445,
       50.31944444444444
      ],
      [
       12.183333333333334,
       50.31666666666667
      ],
      [
       12.25611111111111,
       50.27194444444444
      ],
      [
       12.286666666666667,
       50.215
      ],
      [
       12.286666666666667,
       50.184444444444445
      ],
      [
       12.321944444444444,
       50.166666666666664
      ],
      [
       12.323333333333334,
       50.236666666666665
      ],
      [
       12.374166666666667,
       50.286944444444444
      ],
      [
       12.43138888888889,
       50.32833333333333
      ],
      [
       12.515277777777778,
       50.39277777777778
      ],
      [
       12.668611111111112,
       50.409444444444446
      ],
      [
       12.7,
       50.39277777777778
      ],
      [
       12.766666666666667,
       50.44277777777778
      ],
      [
       12.816666666666666,
       50.45166666666667
      ],
      [
       12.951255555555555,
       50.40801666666667
      ],
      [
       13.015277777777778,
       50.44
      ],
      [
       13.035277777777777,
       50.5
      ],
      [
       13.191944444444445,
       50.501666666666665
      ],
      [
       13.251944444444444,
       50.589166666666664
      ],
      [
       13.28138888888889,
       50.5725
      ],
      [
       13.322777777777778,
       50.57944444444445
      ],
      [
       13.383333333333333,
       50.638333333333335
      ],
      [
       13.461388888888889,
       50.59916666666667
      ],
      [
       13.518333333333333,
       50.64111111111111
      ],
      [
       13.529166666666667,
       50.7
      ],
      [
       13.635277777777778,
       50.72083333333333
      ],
      [
       13.79861111111111,
       50.73416666666667
      ],
      [
       13.850833333333334,
       50.736666666666665
      ],
      [
       13.898333333333333,
       50.7875
      ],
      [
       13.983333333333333,
       50.814166666666665
      ],
      [
       14.0,
       50.80277777777778
      ],
      [
       14.233333333333333,
       50.86527777777778
      ],
      [
       14.230555555555556,
       50.888888888888886
      ],
      [
       14.313611111111111,
       50.88194444444444
      ],
      [
       14.393611111111111,
       50.891666666666666
      ],
      [
       14.40611111111111,
       50.91444444444444
      ],
      [
       14.257222222222222,
       50.983333333333334
      ],
      [
       14.3075,
       51.051944444444445
      ]
     ]
    ]
   }
  },
  {
   "type": "Feature",
   "properties": {
    "id": "LOVV",
    "indicator": "F",
    "name": "VIENNA",
    "cycle": "2606"
   },
   "geometry": {
    "type": "Polygon",
    "coordinates": [
     [
      [
       15.00388888888889,
       49.0
      ],
      [
       15.283333333333333,
       48.96666666666667
      ],
      [
       15.61,
       48.89666666666667
      ],
      [
       15.615802777777779,
       48.888125
      ],
      [
       15.702297222222223,
       48.863863888888886
      ],
      [
       15.708333333333334,
       48.86
      ],
      [
       16.1,
       48.74722222222222
      ],
      [
       16.322222222222223,
       48.73361111111111
      ],
      [
       16.666666666666668,
       48.775
      ],
      [
       16.794444444444444,
       48.71111111111111
      ],
      [
       16.916666666666668,
       48.666666666666664
      ],
      [
       16.942222222222224,
       48.61611111111111
      ],
      [
       16.858333333333334,
       48.458333333333336
      ],
      [
       16.883333333333333,
       48.333333333333336
      ],
      [
       16.910833333333333,
       48.32611111111111
      ],
      [
       16.899686111111112,
       48.28487777777778
      ],
      [
       16.908,
       48.27245277777778
      ],
      [
       16.955,
       48.266666666666666
      ],
      [
       16.952475,
       48.20585833333333
      ],
      [
       17.04361111111111,
       48.14111111111111
      ],
      [
       17.166666666666668,
       48.016666666666666
      ],
      [
       17.116666666666667,
       47.99166666666667
      ],
      [
       17.1,
       47.916666666666664
      ],
      [
       17.033333333333335,
       47.88333333333333
      ],
      [
       17.066666666666666,
       47.766666666666666
      ],
      [
       17.016666666666666,
       47.708333333333336
      ],
      [
       16.913888888888888,
       47.68888888888889
      ],
      [
       16.666666666666668,
       47.74305555555556
      ],
      [
       16.541666666666668,
       47.733333333333334
      ],
      [
       16.42222222222222,
       47.666666666666664
      ],
      [
       16.45,
       47.65
      ],
      [
       16.683333333333334,
       47.575
      ],
      [
       16.616666666666667,
       47.43333333333333
      ],
      [
       16.458333333333332,
       47.375
      ],
      [
       16.475,
       47.0
      ],
      [
       16.283333333333335,
       46.983333333333334
      ],
      [
       16.275,
       46.9625
      ],
      [
       16.116666666666667,
       46.86666666666667
      ],
      [
       16.0,
       46.833333333333336
      ],
      [
       16.04111111111111,
       46.666666666666664
      ],
      [
       15.866666666666667,
       46.71666666666667
      ],
      [
       15.81,
       46.70666666666666
      ],
      [
       15.653333333333334,
       46.708333333333336
      ],
      [
       15.566666666666666,
       46.68333333333333
      ],
      [
       15.5,
       46.61666666666667
      ],
      [
       15.464444444444444,
       46.61555555555555
      ],
      [
       15.416666666666666,
       46.658055555555556
      ],
      [
       15.213333333333333,
       46.64666666666667
      ],
      [
       15.083333333333334,
       46.645833333333336
      ],
      [
       15.068888888888889,
       46.65
      ],
      [
       15.033333333333333,
       46.65
      ],
      [
       14.858333333333333,
       46.59166666666667
      ],
      [
       14.813333333333333,
       46.498333333333335
      ],
      [
       14.679444444444444,
       46.455555555555556
      ],
      [
       14.633333333333333,
       46.43833333333333
      ],
      [
       14.416666666666666,
       46.45
      ],
      [
       14.256666666666666,
       46.461666666666666
      ],
      [
       14.133333333333333,
       46.46666666666667
      ],
      [
       14.001666666666667,
       46.48777777777778
      ],
      [
       13.96,
       46.5
      ],
      [
       13.833333333333334,
       46.516666666666666
      ],
      [
       13.7,
       46.516666666666666
      ],
      [
       13.714077777777778,
       46.52298611111111
      ],
      [
       13.693333333333333,
       46.52166666666667
      ],
      [
       13.6725,
       46.52333333333333
      ],
      [
       13.62888888888889,
       46.54055555555556
      ],
      [
       13.592222222222222,
       46.545833333333334
      ],
      [
       13.573888888888888,
       46.53861111111111
      ],
      [
       13.562777777777777,
       46.55166666666667
      ],
      [
       13.515,
       46.548611111111114
      ],
      [
       13.504166666666666,
       46.56638888888889
      ],
      [
       13.47638888888889,
       46.559444444444445
      ],
      [
       13.474722222222223,
       46.55722222222222
      ],
      [
       13.4075,
       46.56138888888889
      ],
      [
       13.409722222222221,
       46.57194444444445
      ],
      [
       13.396786111111112,
       46.57385277777778
      ],
      [
       13.3725,
       46.57944444444445
      ],
      [
       13.370555555555555,
       46.566944444444445
      ],
      [
       13.344722222222222,
       46.57
      ],
      [
       13.333577777777778,
       46.56167222222222
      ],
      [
       13.320833333333333,
       46.55111111111111
      ],
      [
       13.268055555555556,
       46.560833333333335
      ],
      [
       13.241388888888888,
       46.55583333333333
      ],
      [
       13.169166666666667,
       46.58888888888889
      ],
      [
       12.910022222222223,
       46.609625
      ],
      [
       12.833333333333334,
       46.60944444444444
      ],
      [
       12.836666666666666,
       46.62722222222222
      ],
      [
       12.816666666666666,
       46.630833333333335
      ],
      [
       12.7625,
       46.64805555555556
      ],
      [
       12.735,
       46.635555555555555
      ],
      [
       12.690833333333334,
       46.65694444444444
      ],
      [
       12.631666666666666,
       46.66
      ],
      [
       12.571666666666667,
       46.65361111111111
      ],
      [
       12.384166666666667,
       46.71666666666667
      ],
      [
       12.3575,
       46.775
      ],
      [
       12.284444444444444,
       46.78277777777778
      ],
      [
       12.2878,
       46.80061944444444
      ],
      [
       12.283333333333333,
       46.81527777777778
      ],
      [
       12.305833333333334,
       46.83361111111111
      ],
      [
       12.278055555555556,
       46.87888888888889
      ],
      [
       12.24948611111111,
       46.88868333333333
      ],
      [
       12.242222222222223,
       46.89083333333333
      ],
      [
       12.215277777777779,
       46.87416666666667
      ],
      [
       12.190555555555555,
       46.90611111111111
      ],
      [
       12.143888888888888,
       46.91388888888889
      ],
      [
       12.168611111111112,
       46.9375
      ],
      [
       12.158055555555556,
       46.950833333333335
      ],
      [
       12.1375,
       46.956944444444446
      ],
      [
       12.124444444444444,
       47.01222222222222
      ],
      [
       12.204722222222221,
       47.02722222222222
      ],
      [
       12.216388888888888,
       47.05833333333333
      ],
      [
       12.240555555555556,
       47.06916666666667
      ],
      [
       12.226666666666667,
       47.081944444444446
      ],
      [
       12.186111111111112,
       47.091944444444444
      ],
      [
       12.03111111111111,
       47.05083333333334
      ],
      [
       11.932222222222222,
       47.0375
      ],
      [
       11.891666666666667,
       47.01611111111111
      ],
      [
       11.88,
       47.01638888888889
      ],
      [
       11.855097222222222,
       47.00279444444445
      ],
      [
       11.852222222222222,
       47.000277777777775
      ],
      [
       11.845277777777778,
       47.001666666666665
      ],
      [
       11.836666666666666,
       46.99305555555556
      ],
      [
       11.814444444444444,
       46.99
      ],
      [
       11.781777777777778,
       46.99246111111111
      ],
      [
       11.765555555555556,
       46.973333333333336
      ],
      [
       11.75361111111111,
       46.971666666666664
      ],
      [
       11.746944444444445,
       46.96888888888889
      ],
      [
       11.729722222222222,
       46.971944444444446
      ],
      [
       11.71111111111111,
       46.99305555555556
      ],
      [
       11.664444444444445,
       46.992222222222225
      ],
      [
       11.625277777777777,
       47.01305555555555
      ],
      [
       11.538611111111111,
       46.98416666666667
      ],
      [
       11.5125,
       47.005
      ],
      [
       11.47861111111111,
       47.01083333333333
      ],
      [
       11.440277777777778,
       46.97527777777778
      ],
      [
       11.401111111111112,
       46.965
      ],
      [
       11.355555555555556,
       46.99055555555555
      ],
      [
       11.336666666666666,
       46.985
      ],
      [
       11.320555555555556,
       46.992222222222225
      ],
      [
       11.256697222222222,
       46.97421388888889
      ],
      [
       11.164166666666667,
       46.965555555555554
      ],
      [
       11.167777777777777,
       46.94416666666667
      ],
      [
       11.139166666666666,
       46.92777777777778
      ],
      [
       11.114722222222222,
       46.93138888888889
      ],
      [
       11.109444444444444,
       46.916666666666664
      ],
      [
       11.0975,
       46.91388888888889
      ],
      [
       11.098333333333333,
       46.89083333333333
      ],
      [
       11.071666666666667,
       46.85138888888889
      ],
      [
       11.083333333333334,
       46.8225
      ],
      [
       11.051333333333334,
       46.80858333333333
      ],
      [
       11.0425,
       46.80555555555556
      ],
      [
       11.024444444444445,
       46.76638888888889
      ],
      [
       11.022222222222222,
       46.76555555555556
      ],
      [
       10.949166666666667,
       46.775
      ],
      [
       10.86888888888889,
       46.76583333333333
      ],
      [
       10.8675,
       46.7725
      ],
      [
       10.835,
       46.781666666666666
      ],
      [
       10.825277777777778,
       46.77333333333333
      ],
      [
       10.813888888888888,
       46.77527777777778
      ],
      [
       10.795277777777779,
       46.79138888888889
      ],
      [
       10.793611111111112,
       46.791111111111114
      ],
      [
       10.786111111111111,
       46.79611111111111
      ],
      [
       10.761388888888888,
       46.786944444444444
      ],
      [
       10.729444444444445,
       46.78861111111111
      ],
      [
       10.726111111111111,
       46.797777777777775
      ],
      [
       10.76388888888889,
       46.82277777777778
      ],
      [
       10.69361111111111,
       46.852777777777774
      ],
      [
       10.696666666666667,
       46.86277777777778
      ],
      [
       10.666944444444445,
       46.87555555555556
      ],
      [
       10.653611111111111,
       46.86666666666667
      ],
      [
       10.595833333333333,
       46.8575
      ],
      [
       10.570833333333333,
       46.8425
      ],
      [
       10.547777777777778,
       46.83777777777778
      ],
      [
       10.556111111111111,
       46.846666666666664
      ],
      [
       10.552222222222222,
       46.85
      ],
      [
       10.52111111111111,
       46.84527777777778
      ],
      [
       10.499444444444444,
       46.846944444444446
      ],
      [
       10.47888888888889,
       46.85888888888889
      ],
      [
       10.469722222222222,
       46.855
      ],
      [
       10.469655555555555,
       46.85491388888889
      ],
      [
       10.489166666666666,
       46.9375
      ],
      [
       10.4375,
       46.95583333333333
      ],
      [
       10.389166666666666,
       47.000277777777775
      ],
      [
       10.346111111111112,
       46.98916666666667
      ],
      [
       10.323333333333334,
       46.95194444444444
      ],
      [
       10.307777777777778,
       46.946666666666665
      ],
      [
       10.316666666666666,
       46.92472222222222
      ],
      [
       10.241452777777777,
       46.93161666666666
      ],
      [
       10.232222222222223,
       46.86638888888889
      ],
      [
       10.105277777777777,
       46.840833333333336
      ],
      [
       10.087777777777777,
       46.86083333333333
      ],
      [
       10.050277777777778,
       46.86194444444445
      ],
      [
       10.0525,
       46.87555555555556
      ],
      [
       10.019722222222223,
       46.899166666666666
      ],
      [
       10.003333333333334,
       46.899166666666666
      ],
      [
       9.984166666666667,
       46.905833333333334
      ],
      [
       9.977777777777778,
       46.91583333333333
      ],
      [
       9.971944444444444,
       46.91361111111111
      ],
      [
       9.971666666666666,
       46.913333333333334
      ],
      [
       9.945833333333333,
       46.9125
      ],
      [
       9.876388888888888,
       46.93472222222222
      ],
      [
       9.873055555555556,
       46.96055555555556
      ],
      [
       9.891388888888889,
       46.99111111111111
      ],
      [
       9.88888888888889,
       47.00055555555556
      ],
      [
       9.870833333333334,
       47.009166666666665
      ],
      [
       9.879722222222222,
       47.019444444444446
      ],
      [
       9.86111111111111,
       47.0225
      ],
      [
       9.837222222222222,
       47.01277777777778
      ],
      [
       9.81611111111111,
       47.022222222222226
      ],
      [
       9.8125,
       47.02166666666667
      ],
      [
       9.785277777777777,
       47.03777777777778
      ],
      [
       9.747777777777777,
       47.036944444444444
      ],
      [
       9.744722222222222,
       47.04138888888889
      ],
      [
       9.720277777777778,
       47.04361111111111
      ],
      [
       9.6825,
       47.05861111111111
      ],
      [
       9.645277777777778,
       47.059444444444445
      ],
      [
       9.636388888888888,
       47.05166666666667
      ],
      [
       9.623333333333333,
       47.0525
      ],
      [
       9.606944444444444,
       47.060833333333335
      ],
      [
       9.611666666666666,
       47.079166666666666
      ],
      [
       9.633055555555556,
       47.08305555555555
      ],
      [
       9.635,
       47.09916666666667
      ],
      [
       9.62111111111111,
       47.11055555555556
      ],
      [
       9.634722222222223,
       47.12777777777778
      ],
      [
       9.624725,
       47.13262777777778
      ],
      [
       9.625555555555556,
       47.14555555555555
      ],
      [
       9.62111111111111,
       47.151666666666664
      ],
      [
       9.613055555555556,
       47.1475
      ],
      [
       9.604722222222222,
       47.15222222222222
      ],
      [
       9.600833333333334,
       47.15777777777778
      ],
      [
       9.581666666666667,
       47.16972222222222
      ],
      [
       9.564722222222223,
       47.17027777777778
      ],
      [
       9.574444444444444,
       47.176944444444445
      ],
      [
       9.572777777777778,
       47.190555555555555
      ],
      [
       9.584722222222222,
       47.205
      ],
      [
       9.569444444444445,
       47.21888888888889
      ],
      [
       9.551944444444445,
       47.22388888888889
      ],
      [
       9.566722222222221,
       47.242913888888886
      ],
      [
       9.530833333333334,
       47.27055555555555
      ],
      [
       9.546944444444444,
       47.280277777777776
      ],
      [
       9.556111111111111,
       47.297777777777775
      ],
      [
       9.583055555555555,
       47.310833333333335
      ],
      [
       9.605833333333333,
       47.35194444444444
      ],
      [
       9.624722222222223,
       47.36611111111111
      ],
      [
       9.6575,
       47.368611111111115
      ],
      [
       9.67361111111111,
       47.382777777777775
      ],
      [
       9.67388888888889,
       47.391666666666666
      ],
      [
       9.661666666666667,
       47.39694444444444
      ],
      [
       9.651911111111112,
       47.408452777777775
      ],
      [
       9.644444444444444,
       47.435
      ],
      [
       9.658016666666667,
       47.44780277777778
      ],
      [
       9.659444444444444,
       47.451388888888886
      ],
      [
       9.600277777777778,
       47.461666666666666
      ],
      [
       9.561313888888888,
       47.50008611111111
      ],
      [
       9.561833333333333,
       47.50456388888889
      ],
      [
       9.563722222222221,
       47.53916944444445
      ],
      [
       9.736666666666666,
       47.53472222222222
      ],
      [
       9.735,
       47.545833333333334
      ],
      [
       9.756388888888889,
       47.57972222222222
      ],
      [
       9.776111111111112,
       47.59444444444444
      ],
      [
       9.795555555555556,
       47.59361111111111
      ],
      [
       9.800277777777778,
       47.596111111111114
      ],
      [
       9.824166666666667,
       47.58694444444444
      ],
      [
       9.81611111111111,
       47.547777777777775
      ],
      [
       9.874722222222223,
       47.528888888888886
      ],
      [
       9.880277777777778,
       47.547777777777775
      ],
      [
       9.908611111111112,
       47.54083333333333
      ],
      [
       9.913333333333334,
       47.53277777777778
      ],
      [
       9.94361111111111,
       47.53722222222222
      ],
      [
       9.9625,
       47.534444444444446
      ],
      [
       9.960277777777778,
       47.541666666666664
      ],
      [
       9.968055555555555,
       47.54638888888889
      ],
      [
       9.971111111111112,
       47.54416666666667
      ],
      [
       9.964722222222223,
       47.53527777777778
      ],
      [
       9.967447222222223,
       47.51935
      ],
      [
       9.983247222222221,
       47.510475
      ],
      [
       9.995555555555555,
       47.50277777777778
      ],
      [
       9.9875,
       47.49861111111111
      ],
      [
       10.001666666666667,
       47.481944444444444
      ],
      [
       10.043055555555556,
       47.48777777777778
      ],
      [
       10.105555555555556,
       47.42861111111111
      ],
      [
       10.073888888888888,
       47.414722222222224
      ],
      [
       10.099722222222223,
       47.35472222222222
      ],
      [
       10.119444444444444,
       47.37555555555556
      ],
      [
       10.138055555555555,
       47.367777777777775
      ],
      [
       10.169444444444444,
       47.37138888888889
      ],
      [
       10.169444444444444,
       47.38583333333333
      ],
      [
       10.185555555555556,
       47.39055555555556
      ],
      [
       10.2125,
       47.38027777777778
      ],
      [
       10.228333333333333,
       47.38861111111111
      ],
      [
       10.237222222222222,
       47.37361111111111
      ],
      [
       10.206669444444444,
       47.335883333333335
      ],
      [
       10.201666666666666,
       47.32472222222222
      ],
      [
       10.215833333333332,
       47.31111111111111
      ],
      [
       10.175,
       47.28888888888889
      ],
      [
       10.174166666666666,
       47.27027777777778
      ],
      [
       10.2075,
       47.27527777777778
      ],
      [
       10.2225,
       47.27583333333333
      ],
      [
       10.232222222222223,
       47.27055555555555
      ],
      [
       10.266111111111112,
       47.28805555555556
      ],
      [
       10.281666666666666,
       47.28777777777778
      ],
      [
       10.315277777777778,
       47.306666666666665
      ],
      [
       10.330277777777777,
       47.304722222222225
      ],
      [
       10.3775,
       47.3525
      ],
      [
       10.4,
       47.3775
      ],
      [
       10.436944444444444,
       47.38027777777778
      ],
      [
       10.429166666666667,
       47.39111111111111
      ],
      [
       10.429886111111111,
       47.394280555555554
      ],
      [
       10.438611111111111,
       47.41361111111111
      ],
      [
       10.475833333333334,
       47.43222222222222
      ],
      [
       10.468055555555555,
       47.47694444444444
      ],
      [
       10.440555555555555,
       47.48638888888889
      ],
      [
       10.431111111111111,
       47.50361111111111
      ],
      [
       10.45111111111111,
       47.554722222222225
      ],
      [
       10.429166666666667,
       47.5775
      ],
      [
       10.436666666666667,
       47.583888888888886
      ],
      [
       10.481944444444444,
       47.58444444444444
      ],
      [
       10.454444444444444,
       47.55583333333333
      ],
      [
       10.460555555555555,
       47.5525
      ],
      [
       10.472222222222221,
       47.55111111111111
      ],
      [
       10.488888888888889,
       47.540277777777774
      ],
      [
       10.524444444444445,
       47.53527777777778
      ],
      [
       10.536666666666667,
       47.53666666666667
      ],
      [
       10.55888888888889,
       47.53722222222222
      ],
      [
       10.573055555555555,
       47.533611111111114
      ],
      [
       10.598055555555556,
       47.569722222222225
      ],
      [
       10.626388888888888,
       47.56111111111111
      ],
      [
       10.69111111111111,
       47.55861111111111
      ],
      [
       10.694722222222222,
       47.54472222222222
      ],
      [
       10.758333333333333,
       47.534444444444446
      ],
      [
       10.777222222222223,
       47.513888888888886
      ],
      [
       10.812441666666667,
       47.520041666666664
      ],
      [
       10.890277777777778,
       47.53722222222222
      ],
      [
       10.908888888888889,
       47.51166666666666
      ],
      [
       10.870277777777778,
       47.49944444444444
      ],
      [
       10.869655555555555,
       47.48733611111111
      ],
      [
       10.87138888888889,
       47.48166666666667
      ],
      [
       10.883305555555555,
       47.479552777777776
      ],
      [
       10.91,
       47.48555555555556
      ],
      [
       10.938333333333333,
       47.48
      ],
      [
       10.928055555555556,
       47.471944444444446
      ],
      [
       10.983611111111111,
       47.43
      ],
      [
       10.984583333333333,
       47.42166388888889
      ],
      [
       10.970833333333333,
       47.41555555555556
      ],
      [
       10.970555555555556,
       47.40027777777778
      ],
      [
       11.033027777777777,
       47.39384722222222
      ],
      [
       11.115555555555556,
       47.39555555555555
      ],
      [
       11.131944444444445,
       47.4125
      ],
      [
       11.205555555555556,
       47.43388888888889
      ],
      [
       11.25361111111111,
       47.42777777777778
      ],
      [
       11.222222222222221,
       47.397222222222226
      ],
      [
       11.278333333333332,
       47.4
      ],
      [
       11.29,
       47.407222222222224
      ],
      [
       11.29111111111111,
       47.42722222222222
      ],
      [
       11.299375,
       47.430675
      ],
      [
       11.350277777777778,
       47.44777777777778
      ],
      [
       11.421388888888888,
       47.444722222222225
      ],
      [
       11.403055555555556,
       47.46722222222222
      ],
      [
       11.392777777777777,
       47.466388888888886
      ],
      [
       11.384166666666667,
       47.473055555555554
      ],
      [
       11.442222222222222,
       47.51777777777778
      ],
      [
       11.449722222222222,
       47.507222222222225
      ],
      [
       11.523141666666668,
       47.50986944444445
      ],
      [
       11.572222222222223,
       47.51444444444444
      ],
      [
       11.588055555555556,
       47.52527777777778
      ],
      [
       11.586944444444445,
       47.554722222222225
      ],
      [
       11.605316666666667,
       47.58023611111111
      ],
      [
       11.607333333333333,
       47.58155555555555
      ],
      [
       11.633611111111112,
       47.580555555555556
      ],
      [
       11.6318,
       47.58765555555556
      ],
      [
       11.636111111111111,
       47.59444444444444
      ],
      [
       11.643305555555555,
       47.590525
      ],
      [
       11.660277777777777,
       47.583888888888886
      ],
      [
       11.700277777777778,
       47.58888888888889
      ],
      [
       11.723333333333333,
       47.589166666666664
      ],
      [
       11.739136111111112,
       47.588116666666664
      ],
      [
       11.745277777777778,
       47.58777777777778
      ],
      [
       11.78111111111111,
       47.59111111111111
      ],
      [
       11.847222222222221,
       47.58222222222222
      ],
      [
       11.855,
       47.602222222222224
      ],
      [
       12.008611111111112,
       47.625
      ],
      [
       12.021944444444445,
       47.611111111111114
      ],
      [
       12.061158333333333,
       47.618811111111114
      ],
      [
       12.139722222222222,
       47.60527777777778
      ],
      [
       12.178888888888888,
       47.614444444444445
      ],
      [
       12.177222222222222,
       47.60138888888889
      ],
      [
       12.206944444444444,
       47.60888888888889
      ],
      [
       12.200077777777778,
       47.63738333333333
      ],
      [
       12.168252777777777,
       47.681022222222225
      ],
      [
       12.1625,
       47.70111111111111
      ],
      [
       12.226666666666667,
       47.71805555555556
      ],
      [
       12.249722222222223,
       47.74138888888889
      ],
      [
       12.256944444444445,
       47.74305555555556
      ],
      [
       12.26361111111111,
       47.735866666666666
      ],
      [
       12.241388888888888,
       47.69444444444444
      ],
      [
       12.255277777777778,
       47.67944444444444
      ],
      [
       12.3375,
       47.69694444444445
      ],
      [
       12.363611111111112,
       47.68388888888889
      ],
      [
       12.440066666666667,
       47.69521944444445
      ],
      [
       12.440555555555555,
       47.67388888888889
      ],
      [
       12.449247222222223,
       47.66950833333333
      ],
      [
       12.453869444444445,
       47.6634
      ],
      [
       12.465113888888888,
       47.64972777777778
      ],
      [
       12.512222222222222,
       47.625277777777775
      ],
      [
       12.536388888888888,
       47.63638888888889
      ],
      [
       12.575,
       47.632222222222225
      ],
      [
       12.604722222222222,
       47.67305555555556
      ],
      [
       12.651944444444444,
       47.67166666666667
      ],
      [
       12.666944444444445,
       47.68083333333333
      ],
      [
       12.695555555555556,
       47.68222222222222
      ],
      [
       12.71838611111111,
       47.67673055555556
      ],
      [
       12.731944444444444,
       47.679722222222225
      ],
      [
       12.750833333333333,
       47.67166666666667
      ],
      [
       12.757222222222222,
       47.66305555555556
      ],
      [
       12.766111111111112,
       47.66722222222222
      ],
      [
       12.772222222222222,
       47.66555555555556
      ],
      [
       12.78111111111111,
       47.67388888888889
      ],
      [
       12.784166666666666,
       47.67166666666667
      ],
      [
       12.777222222222223,
       47.66
      ],
      [
       12.758333333333333,
       47.65277777777778
      ],
      [
       12.780555555555555,
       47.632777777777775
      ],
      [
       12.817777777777778,
       47.61666666666667
      ],
      [
       12.824444444444444,
       47.61222222222222
      ],
      [
       12.822777777777778,
       47.609722222222224
      ],
      [
       12.813333333333333,
       47.61194444444445
      ],
      [
       12.800886111111112,
       47.605672222222225
      ],
      [
       12.79111111111111,
       47.598333333333336
      ],
      [
       12.795277777777779,
       47.593333333333334
      ],
      [
       12.779166666666667,
       47.579166666666666
      ],
      [
       12.803888888888888,
       47.55027777777778
      ],
      [
       12.850277777777778,
       47.54083333333333
      ],
      [
       12.856666666666667,
       47.52722222222222
      ],
      [
       12.885277777777778,
       47.51861111111111
      ],
      [
       12.884444444444444,
       47.51277777777778
      ],
      [
       12.911388888888888,
       47.49638888888889
      ],
      [
       12.940713888888888,
       47.48466388888889
      ],
      [
       12.971388888888889,
       47.474444444444444
      ],
      [
       12.975,
       47.485
      ],
      [
       12.994722222222222,
       47.478611111111114
      ],
      [
       13.000833333333333,
       47.46388888888889
      ],
      [
       13.006388888888889,
       47.464444444444446
      ],
      [
       13.027222222222223,
       47.48694444444445
      ],
      [
       13.0475,
       47.492222222222225
      ],
      [
       13.046111111111111,
       47.52388888888889
      ],
      [
       13.030833333333334,
       47.5325
      ],
      [
       13.0575,
       47.562222222222225
      ],
      [
       13.046388888888888,
       47.568888888888885
      ],
      [
       13.043611111111112,
       47.583333333333336
      ],
      [
       13.071944444444444,
       47.58833333333333
      ],
      [
       13.062777777777777,
       47.60138888888889
      ],
      [
       13.069427777777777,
       47.604794444444444
      ],
      [
       13.098888888888888,
       47.63527777777778
      ],
      [
       13.076944444444445,
       47.670833333333334
      ],
      [
       13.080744444444445,
       47.68703333333333
      ],
      [
       13.060555555555556,
       47.6975
      ],
      [
       13.042777777777777,
       47.71388888888889
      ],
      [
       13.012902777777779,
       47.72238611111111
      ],
      [
       12.991388888888888,
       47.70861111111111
      ],
      [
       12.925,
       47.710277777777776
      ],
      [
       12.904444444444444,
       47.7275
      ],
      [
       12.936163888888888,
       47.75073611111111
      ],
      [
       12.944722222222222,
       47.76444444444444
      ],
      [
       12.942222222222222,
       47.77111111111111
      ],
      [
       12.928888888888888,
       47.76972222222222
      ],
      [
       12.932777777777778,
       47.775555555555556
      ],
      [
       12.933333333333334,
       47.77611111111111
      ],
      [
       13.004166666666666,
       47.846944444444446
      ],
      [
       12.934166666666666,
       47.940555555555555
      ],
      [
       12.899166666666666,
       47.95805555555555
      ],
      [
       12.9,
       47.958333333333336
      ],
      [
       12.869722222222222,
       47.967777777777776
      ],
      [
       12.856388888888889,
       48.00888888888889
      ],
      [
       12.845,
       48.02027777777778
      ],
      [
       12.755833333333333,
       48.080555555555556
      ],
      [
       12.75,
       48.11138888888889
      ],
      [
       12.760555555555555,
       48.12777777777778
      ],
      [
       12.786944444444444,
       48.12361111111111
      ],
      [
       12.799166666666666,
       48.14694444444444
      ],
      [
       12.846166666666667,
       48.166272222222226
      ],
      [
       12.872777777777777,
       48.202222222222225
      ],
      [
       12.955555555555556,
       48.208888888888886
      ],
      [
       13.0485,
       48.26401388888889
      ],
      [
       13.166383333333334,
       48.29151944444445
      ],
      [
       13.172852777777777,
       48.29312222222222
      ],
      [
       13.260833333333334,
       48.295
      ],
      [
       13.321388888888889,
       48.31916666666667
      ],
      [
       13.4175,
       48.38388888888889
      ],
      [
       13.4375,
       48.44027777777778
      ],
      [
       13.426666666666666,
       48.45527777777778
      ],
      [
       13.458055555555555,
       48.51222222222222
      ],
      [
       13.445,
       48.52722222222222
      ],
      [
       13.450544444444445,
       48.53576388888889
      ],
      [
       13.436944444444444,
       48.55583333333333
      ],
      [
       13.45,
       48.56388888888889
      ],
      [
       13.463888888888889,
       48.55416666666667
      ],
      [
       13.472969444444445,
       48.55555
      ],
      [
       13.474908333333333,
       48.55725833333333
      ],
      [
       13.474444444444444,
       48.5625
      ],
      [
       13.47888888888889,
       48.56472222222222
      ],
      [
       13.481911111111112,
       48.563433333333336
      ],
      [
       13.485,
       48.56166666666667
      ],
      [
       13.506944444444445,
       48.57694444444444
      ],
      [
       13.501716666666667,
       48.58088333333333
      ],
      [
       13.512977777777778,
       48.59079722222222
      ],
      [
       13.578888888888889,
       48.55916666666667
      ],
      [
       13.595833333333333,
       48.570277777777775
      ],
      [
       13.726944444444445,
       48.51305555555555
      ],
      [
       13.76,
       48.565555555555555
      ],
      [
       13.769722222222223,
       48.553333333333335
      ],
      [
       13.790277777777778,
       48.57194444444445
      ],
      [
       13.800833333333333,
       48.57361111111111
      ],
      [
       13.807222222222222,
       48.58444444444444
      ],
      [
       13.803611111111111,
       48.59861111111111
      ],
      [
       13.825,
       48.61972222222222
      ],
      [
       13.823611111111111,
       48.6425
      ],
      [
       13.814166666666667,
       48.64972222222222
      ],
      [
       13.81638888888889,
       48.694722222222225
      ],
      [
       13.83361111111111,
       48.691944444444445
      ],
      [
       13.837222222222222,
       48.70055555555555
      ],
      [
       13.82,
       48.69916666666667
      ],
      [
       13.811111111111112,
       48.702777777777776
      ],
      [
       13.811388888888889,
       48.70861111111111
      ],
      [
       13.803055555555556,
       48.70805555555555
      ],
      [
       13.795555555555556,
       48.71527777777778
      ],
      [
       13.818333333333333,
       48.73138888888889
      ],
      [
       13.822777777777778,
       48.75666666666667
      ],
      [
       13.835555555555555,
       48.7625
      ],
      [
       13.839444444444444,
       48.76638888888889
      ],
      [
       13.838888888888889,
       48.76833333333333
      ],
      [
       13.964444444444444,
       48.71361111111111
      ],
      [
       14.133333333333333,
       48.6
      ],
      [
       14.616666666666667,
       48.6
      ],
      [
       14.65,
       48.63333333333333
      ],
      [
       14.666666666666666,
       48.583333333333336
      ],
      [
       14.716666666666667,
       48.608333333333334
      ],
      [
       14.82211388888889,
       48.779513888888886
      ],
      [
       14.958333333333334,
       48.791666666666664
      ],
      [
       15.00388888888889,
       49.0
      ]
     ]
    ]
   }
  },
  {
   "type": "Feature",
   "properties": {
    "id": "LRBB",
    "indicator": "F",
    "name": "BUCHAREST",
    "cycle": "2606"
   },
   "geometry": {
    "type": "Polygon",
    "coordinates": [
     [
      [
       26.577833333333334,
       48.22213611111111
      ],
      [
       26.814194444444446,
       48.25563888888889
      ],
      [
       27.048111111111112,
       48.12836111111111
      ],
      [
       27.302027777777777,
       47.75238888888889
      ],
      [
       27.296305555555556,
       47.66836111111111
      ],
      [
       27.47975,
       47.49333333333333
      ],
      [
       27.5755,
       47.472611111111114
      ],
      [
       27.581722222222222,
       47.37730277777778
      ],
      [
       27.73263888888889,
       47.29863611111111
      ],
      [
       27.79513888888889,
       47.148555555555554
      ],
      [
       28.09872222222222,
       46.991527777777776
      ],
      [
       28.125138888888888,
       46.8315
      ],
      [
       28.244444444444444,
       46.67922222222222
      ],
      [
       28.25911111111111,
       46.44141666666667
      ],
      [
       28.1155,
       46.24491388888889
      ],
      [
       28.174972222222223,
       45.64758333333333
      ],
      [
       28.069805555555554,
       45.595194444444445
      ],
      [
       28.216305555555557,
       45.46888611111111
      ],
      [
       28.354444444444443,
       45.32363888888889
      ],
      [
       28.718527777777776,
       45.229194444444445
      ],
      [
       28.795,
       45.24744444444445
      ],
      [
       28.7945,
       45.33397222222222
      ],
      [
       28.946694444444443,
       45.285555555555554
      ],
      [
       29.006972222222224,
       45.359944444444444
      ],
      [
       29.429777777777776,
       45.44408333333333
      ],
      [
       29.657416666666666,
       45.343808333333335
      ],
      [
       29.670444444444446,
       45.216277777777776
      ],
      [
       29.666666666666668,
       45.21755
      ],
      [
       29.666666666666668,
       45.21666666666667
      ],
      [
       29.966666666666665,
       45.15
      ],
      [
       30.15,
       44.766666666666666
      ],
      [
       30.266666666666666,
       44.5
      ],
      [
       30.4,
       44.25
      ],
      [
       30.42,
       44.166666666666664
      ],
      [
       30.533333333333335,
       43.68333333333333
      ],
      [
       29.033333333333335,
       43.733333333333334
      ],
      [
       29.0,
       43.666666666666664
      ],
      [
       28.808333333333334,
       43.7
      ],
      [
       28.630555555555556,
       43.742222222222225
      ],
      [
       28.6,
       43.75
      ],
      [
       28.4,
       43.733333333333334
      ],
      [
       28.0,
       43.833333333333336
      ],
      [
       27.916666666666668,
       44.0
      ],
      [
       27.85,
       43.96666666666667
      ],
      [
       27.716666666666665,
       43.95
      ],
      [
       27.666666666666668,
       44.03333333333333
      ],
      [
       27.4,
       44.016666666666666
      ],
      [
       27.283333333333335,
       44.11666666666667
      ],
      [
       26.9,
       44.13333333333333
      ],
      [
       26.766666666666666,
       44.075
      ],
      [
       26.575,
       44.056666666666665
      ],
      [
       26.35,
       44.03333333333333
      ],
      [
       26.116666666666667,
       43.96666666666667
      ],
      [
       26.0,
       43.88333333333333
      ],
      [
       25.766666666666666,
       43.7
      ],
      [
       25.55,
       43.63333333333333
      ],
      [
       25.366666666666667,
       43.61666666666667
      ],
      [
       25.25,
       43.68333333333333
      ],
      [
       25.066666666666666,
       43.68333333333333
      ],
      [
       25.0,
       43.733333333333334
      ],
      [
       24.85,
       43.7
      ],
      [
       24.8,
       43.68333333333333
      ],
      [
       24.533333333333335,
       43.766666666666666
      ],
      [
       24.266666666666666,
       43.7
      ],
      [
       24.133333333333333,
       43.68333333333333
      ],
      [
       23.977805555555555,
       43.74205555555555
      ],
      [
       23.854388888888888,
       43.75688888888889
      ],
      [
       23.732277777777778,
       43.802194444444446
      ],
      [
       23.707527777777777,
       43.80458333333333
      ],
      [
       23.619944444444446,
       43.790416666666665
      ],
      [
       23.54872222222222,
       43.810027777777776
      ],
      [
       23.51002777777778,
       43.836083333333335
      ],
      [
       23.433333333333334,
       43.85
      ],
      [
       22.983333333333334,
       43.8
      ],
      [
       22.866666666666667,
       43.85
      ],
      [
       22.85,
       43.88333333333333
      ],
      [
       22.883333333333333,
       43.983333333333334
      ],
      [
       23.033333333333335,
       44.03333333333333
      ],
      [
       23.016666666666666,
       44.11666666666667
      ],
      [
       22.916666666666668,
       44.11666666666667
      ],
      [
       22.675,
       44.208333333333336
      ],
      [
       22.683333333333334,
       44.28333333333333
      ],
      [
       22.566666666666666,
       44.3
      ],
      [
       22.45,
       44.46666666666667
      ],
      [
       22.55,
       44.483333333333334
      ],
      [
       22.616666666666667,
       44.55
      ],
      [
       22.733333333333334,
       44.516666666666666
      ],
      [
       22.766666666666666,
       44.55
      ],
      [
       22.716666666666665,
       44.6
      ],
      [
       22.45,
       44.71666666666667
      ],
      [
       22.316666666666666,
       44.666666666666664
      ],
      [
       22.166666666666668,
       44.46666666666667
      ],
      [
       22.066666666666666,
       44.5
      ],
      [
       22.0,
       44.63333333333333
      ],
      [
       21.633333333333333,
       44.666666666666664
      ],
      [
       21.6,
       44.766666666666666
      ],
      [
       21.4,
       44.766666666666666
      ],
      [
       21.366666666666667,
       44.833333333333336
      ],
      [
       21.566666666666666,
       44.88333333333333
      ],
      [
       21.566666666666666,
       44.93333333333333
      ],
      [
       21.366666666666667,
       45.016666666666666
      ],
      [
       21.533333333333335,
       45.13333333333333
      ],
      [
       21.416666666666668,
       45.21666666666667
      ],
      [
       21.25,
       45.233333333333334
      ],
      [
       21.183333333333334,
       45.31666666666667
      ],
      [
       21.116666666666667,
       45.28333333333333
      ],
      [
       21.066666666666666,
       45.333333333333336
      ],
      [
       20.783333333333335,
       45.5
      ],
      [
       20.833333333333332,
       45.53333333333333
      ],
      [
       20.766666666666666,
       45.6
      ],
      [
       20.8,
       45.78333333333333
      ],
      [
       20.716666666666665,
       45.75
      ],
      [
       20.583333333333332,
       45.9
      ],
      [
       20.35,
       46.0
      ],
      [
       20.266666666666666,
       46.11666666666667
      ],
      [
       20.366666666666667,
       46.166666666666664
      ],
      [
       20.483333333333334,
       46.15
      ],
      [
       20.5,
       46.18333333333333
      ],
      [
       20.633333333333333,
       46.13333333333333
      ],
      [
       20.716666666666665,
       46.166666666666664
      ],
      [
       20.766666666666666,
       46.25
      ],
      [
       20.85,
       46.28333333333333
      ],
      [
       21.05,
       46.25
      ],
      [
       21.166666666666668,
       46.3
      ],
      [
       21.2,
       46.38333333333333
      ],
      [
       21.3,
       46.43333333333333
      ],
      [
       21.266666666666666,
       46.483333333333334
      ],
      [
       21.266666666666666,
       46.516666666666666
      ],
      [
       21.277675,
       46.51277777777778
      ],
      [
       21.316666666666666,
       46.61666666666667
      ],
      [
       21.416666666666668,
       46.61666666666667
      ],
      [
       21.433333333333334,
       46.666666666666664
      ],
      [
       21.533333333333335,
       46.71666666666667
      ],
      [
       21.483333333333334,
       46.75
      ],
      [
       21.533333333333335,
       46.833333333333336
      ],
      [
       21.6,
       46.85
      ],
      [
       21.616666666666667,
       46.916666666666664
      ],
      [
       21.67111111111111,
       46.931666666666665
      ],
      [
       21.683333333333334,
       46.95
      ],
      [
       21.666666666666668,
       47.03333333333333
      ],
      [
       21.783333333333335,
       47.1
      ],
      [
       21.839444444444446,
       47.205
      ],
      [
       21.86,
       47.248333333333335
      ],
      [
       21.95,
       47.36666666666667
      ],
      [
       22.016666666666666,
       47.38333333333333
      ],
      [
       22.033333333333335,
       47.53333333333333
      ],
      [
       22.116666666666667,
       47.583333333333336
      ],
      [
       22.166666666666668,
       47.583333333333336
      ],
      [
       22.333333333333332,
       47.75
      ],
      [
       22.416666666666668,
       47.74166666666667
      ],
      [
       22.466666666666665,
       47.8
      ],
      [
       22.583333333333332,
       47.766666666666666
      ],
      [
       22.683333333333334,
       47.78333333333333
      ],
      [
       22.883333333333333,
       47.95
      ],
      [
       22.95,
       47.96666666666667
      ],
      [
       22.933333333333334,
       48.016666666666666
      ],
      [
       23.016666666666666,
       47.983333333333334
      ],
      [
       23.1,
       48.016666666666666
      ],
      [
       23.166666666666668,
       48.11666666666667
      ],
      [
       23.283333333333335,
       48.083333333333336
      ],
      [
       23.3,
       48.03333333333333
      ],
      [
       23.343333333333334,
       48.026666666666664
      ],
      [
       23.5,
       47.983333333333334
      ],
      [
       23.55,
       48.0
      ],
      [
       23.683333333333334,
       47.983333333333334
      ],
      [
       23.783333333333335,
       48.0
      ],
      [
       23.883333333333333,
       47.93333333333333
      ],
      [
       24.0,
       47.96666666666667
      ],
      [
       24.166666666666668,
       47.916666666666664
      ],
      [
       24.366666666666667,
       47.93333333333333
      ],
      [
       24.466666666666665,
       47.96666666666667
      ],
      [
       24.633333333333333,
       47.95
      ],
      [
       24.7,
       47.85
      ],
      [
       24.816666666666666,
       47.81666666666667
      ],
      [
       24.883333333333333,
       47.733333333333334
      ],
      [
       25.116666666666667,
       47.75
      ],
      [
       25.15,
       47.8
      ],
      [
       25.233333333333334,
       47.88333333333333
      ],
      [
       25.333333333333332,
       47.916666666666664
      ],
      [
       26.001838888888887,
       47.966833333333334
      ],
      [
       26.216666666666665,
       48.0
      ],
      [
       26.246011111111113,
       48.046644444444446
      ],
      [
       26.333333333333332,
       48.18333333333333
      ],
      [
       26.577833333333334,
       48.22213611111111
      ]
     ]
    ]
   }
  },
  {
   "type": "Feature",
   "properties": {
    "id": "LSAS",
    "indicator": "F",
    "name": "SWITZERLAND",
    "cycle": "2606"
   },
   "geometry": {
    "type": "Polygon",
    "coordinates": [
     [
      [
       8.85,
       47.88333333333333
      ],
      [
       8.866666666666667,
       47.78333333333333
      ],
      [
       9.233333333333333,
       47.791666666666664
      ],
      [
       9.233333333333333,
       47.65833333333333
      ],
      [
       9.233333333333333,
       47.656666666666666
      ],
      [
       9.301666666666666,
       47.644444444444446
      ],
      [
       9.455833333333333,
       47.5875
      ],
      [
       9.563611111111111,
       47.53916666666667
      ],
      [
       9.561833333333333,
       47.50456388888889
      ],
      [
       9.561313888888888,
       47.50008611111111
      ],
      [
       9.600277777777778,
       47.461666666666666
      ],
      [
       9.659444444444444,
       47.451388888888886
      ],
      [
       9.658016666666667,
       47.44780277777778
      ],
      [
       9.644444444444444,
       47.435
      ],
      [
       9.651911111111112,
       47.408452777777775
      ],
      [
       9.661666666666667,
       47.39694444444444
      ],
      [
       9.67388888888889,
       47.391666666666666
      ],
      [
       9.67361111111111,
       47.382777777777775
      ],
      [
       9.6575,
       47.368611111111115
      ],
      [
       9.624722222222223,
       47.36611111111111
      ],
      [
       9.605833333333333,
       47.35194444444444
      ],
      [
       9.583055555555555,
       47.310833333333335
      ],
      [
       9.556111111111111,
       47.297777777777775
      ],
      [
       9.546944444444444,
       47.280277777777776
      ],
      [
       9.530833333333334,
       47.27055555555555
      ],
      [
       9.566722222222221,
       47.242913888888886
      ],
      [
       9.551944444444445,
       47.22388888888889
      ],
      [
       9.569444444444445,
       47.21888888888889
      ],
      [
       9.584722222222222,
       47.205
      ],
      [
       9.572777777777778,
       47.190555555555555
      ],
      [
       9.574444444444444,
       47.176944444444445
      ],
      [
       9.564722222222223,
       47.17027777777778
      ],
      [
       9.581666666666667,
       47.16972222222222
      ],
      [
       9.600833333333334,
       47.15777777777778
      ],
      [
       9.604722222222222,
       47.15222222222222
      ],
      [
       9.613055555555556,
       47.1475
      ],
      [
       9.62111111111111,
       47.151666666666664
      ],
      [
       9.625555555555556,
       47.14555555555555
      ],
      [
       9.624725,
       47.13262777777778
      ],
      [
       9.634722222222223,
       47.12777777777778
      ],
      [
       9.62111111111111,
       47.11055555555556
      ],
      [
       9.635,
       47.09916666666667
      ],
      [
       9.633055555555556,
       47.08305555555555
      ],
      [
       9.611666666666666,
       47.079166666666666
      ],
      [
       9.606944444444444,
       47.060833333333335
      ],
      [
       9.623333333333333,
       47.0525
      ],
      [
       9.636388888888888,
       47.05166666666667
      ],
      [
       9.645277777777778,
       47.059444444444445
      ],
      [
       9.6825,
       47.05861111111111
      ],
      [
       9.720277777777778,
       47.04361111111111
      ],
      [
       9.744722222222222,
       47.04138888888889
      ],
      [
       9.747777777777777,
       47.036944444444444
      ],
      [
       9.785277777777777,
       47.03777777777778
      ],
      [
       9.8125,
       47.02166666666667
      ],
      [
       9.81611111111111,
       47.022222222222226
      ],
      [
       9.837222222222222,
       47.01277777777778
      ],
      [
       9.86111111111111,
       47.0225
      ],
      [
       9.879722222222222,
       47.019444444444446
      ],
      [
       9.870833333333334,
       47.009166666666665
      ],
      [
       9.88888888888889,
       47.00055555555556
      ],
      [
       9.891388888888889,
       46.99111111111111
      ],
      [
       9.873055555555556,
       46.96055555555556
      ],
      [
       9.876388888888888,
       46.93472222222222
      ],
      [
       9.945833333333333,
       46.9125
      ],
      [
       9.971666666666666,
       46.913333333333334
      ],
      [
       9.971944444444444,
       46.91361111111111
      ],
      [
       9.977777777777778,
       46.91583333333333
      ],
      [
       9.984166666666667,
       46.905833333333334
      ],
      [
       10.003333333333334,
       46.899166666666666
      ],
      [
       10.019722222222223,
       46.899166666666666
      ],
      [
       10.0525,
       46.87555555555556
      ],
      [
       10.050277777777778,
       46.86194444444445
      ],
      [
       10.087777777777777,
       46.86083333333333
      ],
      [
       10.105277777777777,
       46.840833333333336
      ],
      [
       10.232222222222223,
       46.86638888888889
      ],
      [
       10.241452777777777,
       46.93161666666666
      ],
      [
       10.316666666666666,
       46.92472222222222
      ],
      [
       10.307777777777778,
       46.946666666666665
      ],
      [
       10.323333333333334,
       46.95194444444444
      ],
      [
       10.346111111111112,
       46.98916666666667
      ],
      [
       10.389166666666666,
       47.000277777777775
      ],
      [
       10.4375,
       46.95583333333333
      ],
      [
       10.489166666666666,
       46.9375
      ],
      [
       10.469655555555555,
       46.85491388888889
      ],
      [
       10.452222222222222,
       46.806666666666665
      ],
      [
       10.423055555555555,
       46.788333333333334
      ],
      [
       10.441666666666666,
       46.75222222222222
      ],
      [
       10.431666666666667,
       46.750277777777775
      ],
      [
       10.400277777777777,
       46.73277777777778
      ],
      [
       10.418611111111112,
       46.71861111111111
      ],
      [
       10.415833333333333,
       46.70861111111111
      ],
      [
       10.382222222222222,
       46.684444444444445
      ],
      [
       10.395277777777778,
       46.65361111111111
      ],
      [
       10.408888888888889,
       46.635
      ],
      [
       10.446388888888889,
       46.64111111111111
      ],
      [
       10.491944444444444,
       46.61527777777778
      ],
      [
       10.46,
       46.53527777777778
      ],
      [
       10.352777777777778,
       46.555277777777775
      ],
      [
       10.311111111111112,
       46.54666666666667
      ],
      [
       10.269722222222223,
       46.5775
      ],
      [
       10.24638888888889,
       46.57472222222222
      ],
      [
       10.242777777777778,
       46.624722222222225
      ],
      [
       10.235,
       46.63361111111111
      ],
      [
       10.221944444444444,
       46.62722222222222
      ],
      [
       10.221944444444444,
       46.62638888888889
      ],
      [
       10.12888888888889,
       46.605555555555554
      ],
      [
       10.101666666666667,
       46.610277777777775
      ],
      [
       10.096944444444444,
       46.592777777777776
      ],
      [
       10.1,
       46.5825
      ],
      [
       10.078611111111112,
       46.574444444444445
      ],
      [
       10.085277777777778,
       46.566944444444445
      ],
      [
       10.046111111111111,
       46.534444444444446
      ],
      [
       10.043611111111112,
       46.50527777777778
      ],
      [
       10.043611111111112,
       46.505
      ],
      [
       10.043333333333333,
       46.441944444444445
      ],
      [
       10.074444444444444,
       46.428333333333335
      ],
      [
       10.140833333333333,
       46.428333333333335
      ],
      [
       10.163611111111111,
       46.395833333333336
      ],
      [
       10.104444444444445,
       46.333333333333336
      ],
      [
       10.176388888888889,
       46.25805555555556
      ],
      [
       10.132222222222222,
       46.225
      ],
      [
       10.093055555555555,
       46.227777777777774
      ],
      [
       10.066666666666666,
       46.21888888888889
      ],
      [
       10.043888888888889,
       46.230555555555554
      ],
      [
       10.060555555555556,
       46.24805555555555
      ],
      [
       10.053055555555556,
       46.266666666666666
      ],
      [
       9.99611111111111,
       46.284444444444446
      ],
      [
       9.980277777777777,
       46.32333333333333
      ],
      [
       9.995833333333334,
       46.34583333333333
      ],
      [
       9.96,
       46.37166666666667
      ],
      [
       9.915555555555555,
       46.37138888888889
      ],
      [
       9.906944444444445,
       46.38055555555555
      ],
      [
       9.777777777777779,
       46.335
      ],
      [
       9.743333333333334,
       46.35138888888889
      ],
      [
       9.725,
       46.34166666666667
      ],
      [
       9.714444444444444,
       46.29277777777778
      ],
      [
       9.684722222222222,
       46.29555555555555
      ],
      [
       9.618611111111111,
       46.2875
      ],
      [
       9.549444444444445,
       46.3025
      ],
      [
       9.536944444444444,
       46.30972222222222
      ],
      [
       9.49638888888889,
       46.364444444444445
      ],
      [
       9.475,
       46.37083333333333
      ],
      [
       9.459166666666667,
       46.41416666666667
      ],
      [
       9.460555555555555,
       46.44305555555555
      ],
      [
       9.463055555555556,
       46.50833333333333
      ],
      [
       9.400833333333333,
       46.46944444444444
      ],
      [
       9.363055555555556,
       46.50944444444445
      ],
      [
       9.3625,
       46.50972222222222
      ],
      [
       9.362222222222222,
       46.50944444444445
      ],
      [
       9.28138888888889,
       46.494166666666665
      ],
      [
       9.268611111111111,
       46.452777777777776
      ],
      [
       9.253333333333334,
       46.449444444444445
      ],
      [
       9.248611111111112,
       46.43277777777778
      ],
      [
       9.2775,
       46.414722222222224
      ],
      [
       9.278611111111111,
       46.365833333333335
      ],
      [
       9.3,
       46.327222222222225
      ],
      [
       9.248888888888889,
       46.24638888888889
      ],
      [
       9.194444444444445,
       46.181666666666665
      ],
      [
       9.193888888888889,
       46.17944444444444
      ],
      [
       9.077777777777778,
       46.12083333333333
      ],
      [
       9.0725,
       46.117777777777775
      ],
      [
       9.089722222222223,
       46.0875
      ],
      [
       9.078333333333333,
       46.07194444444445
      ],
      [
       9.025,
       46.05083333333334
      ],
      [
       9.007777777777777,
       46.03
      ],
      [
       9.028333333333334,
       45.99388888888889
      ],
      [
       8.989166666666666,
       45.97027777777778
      ],
      [
       9.01388888888889,
       45.96055555555556
      ],
      [
       9.019444444444444,
       45.928333333333335
      ],
      [
       9.043888888888889,
       45.92666666666667
      ],
      [
       9.079166666666667,
       45.9
      ],
      [
       9.088333333333333,
       45.90083333333333
      ],
      [
       9.017222222222221,
       45.81805555555555
      ],
      [
       8.99388888888889,
       45.82194444444445
      ],
      [
       8.997222222222222,
       45.834722222222226
      ],
      [
       8.97861111111111,
       45.836666666666666
      ],
      [
       8.973333333333333,
       45.8325
      ],
      [
       8.949166666666667,
       45.843333333333334
      ],
      [
       8.912222222222223,
       45.830555555555556
      ],
      [
       8.914444444444445,
       45.8425
      ],
      [
       8.934444444444445,
       45.8625
      ],
      [
       8.893611111111111,
       45.958888888888886
      ],
      [
       8.878055555555555,
       45.95666666666666
      ],
      [
       8.831388888888888,
       45.98777777777778
      ],
      [
       8.786111111111111,
       45.98916666666667
      ],
      [
       8.852222222222222,
       46.07555555555555
      ],
      [
       8.745833333333334,
       46.114444444444445
      ],
      [
       8.72,
       46.098333333333336
      ],
      [
       8.611944444444445,
       46.12166666666667
      ],
      [
       8.596666666666666,
       46.14111111111111
      ],
      [
       8.532222222222222,
       46.21805555555556
      ],
      [
       8.503055555555555,
       46.22527777777778
      ],
      [
       8.444444444444445,
       46.24888888888889
      ],
      [
       8.427777777777777,
       46.29833333333333
      ],
      [
       8.465277777777779,
       46.33444444444444
      ],
      [
       8.467222222222222,
       46.37027777777778
      ],
      [
       8.466111111111111,
       46.443888888888885
      ],
      [
       8.438333333333333,
       46.464166666666664
      ],
      [
       8.375277777777777,
       46.452777777777776
      ],
      [
       8.288611111111111,
       46.40833333333333
      ],
      [
       8.319166666666666,
       46.38638888888889
      ],
      [
       8.223333333333333,
       46.33083333333333
      ],
      [
       8.211388888888889,
       46.3125
      ],
      [
       8.2,
       46.30277777777778
      ],
      [
       8.161111111111111,
       46.295833333333334
      ],
      [
       8.138055555555555,
       46.301944444444445
      ],
      [
       8.080277777777777,
       46.260555555555555
      ],
      [
       8.141388888888889,
       46.22611111111111
      ],
      [
       8.163611111111111,
       46.18388888888889
      ],
      [
       8.108055555555556,
       46.11138888888889
      ],
      [
       8.034166666666666,
       46.09972222222222
      ],
      [
       8.028333333333334,
       46.04138888888889
      ],
      [
       7.994722222222222,
       46.003055555555555
      ],
      [
       7.907222222222222,
       45.99444444444445
      ],
      [
       7.877222222222223,
       45.95444444444445
      ],
      [
       7.862777777777778,
       45.91694444444445
      ],
      [
       7.821666666666666,
       45.92722222222222
      ],
      [
       7.813888888888889,
       45.923611111111114
      ],
      [
       7.748055555555555,
       45.94083333333333
      ],
      [
       7.7347222222222225,
       45.924166666666665
      ],
      [
       7.719444444444444,
       45.92388888888889
      ],
      [
       7.670833333333333,
       45.970555555555556
      ],
      [
       7.585277777777778,
       45.971666666666664
      ],
      [
       7.575,
       45.9875
      ],
      [
       7.545555555555556,
       45.98361111111111
      ],
      [
       7.538611111111111,
       45.955
      ],
      [
       7.496111111111111,
       45.959722222222226
      ],
      [
       7.473888888888889,
       45.94861111111111
      ],
      [
       7.4719444444444445,
       45.945277777777775
      ],
      [
       7.466944444444445,
       45.934444444444445
      ],
      [
       7.444444444444445,
       45.931111111111115
      ],
      [
       7.3825,
       45.896388888888886
      ],
      [
       7.291388888888889,
       45.920833333333334
      ],
      [
       7.261388888888889,
       45.89222222222222
      ],
      [
       7.216666666666667,
       45.888888888888886
      ],
      [
       7.210555555555556,
       45.88111111111111
      ],
      [
       7.190833333333333,
       45.85861111111111
      ],
      [
       7.154166666666667,
       45.87916666666667
      ],
      [
       7.108888888888889,
       45.858333333333334
      ],
      [
       7.043888888888889,
       45.9225
      ],
      [
       7.036944444444444,
       45.95527777777778
      ],
      [
       7.0225,
       45.958333333333336
      ],
      [
       7.009166666666666,
       45.969166666666666
      ],
      [
       7.021944444444444,
       45.97694444444444
      ],
      [
       7.010555555555555,
       45.996944444444445
      ],
      [
       7.001388888888889,
       45.99916666666667
      ],
      [
       6.985555555555555,
       46.00416666666667
      ],
      [
       6.981111111111111,
       46.019444444444446
      ],
      [
       6.96,
       46.034444444444446
      ],
      [
       6.950555555555556,
       46.05111111111111
      ],
      [
       6.924722222222222,
       46.06527777777778
      ],
      [
       6.889722222222222,
       46.04194444444445
      ],
      [
       6.872222222222222,
       46.05111111111111
      ],
      [
       6.894166666666667,
       46.115
      ],
      [
       6.9,
       46.12388888888889
      ],
      [
       6.885833333333333,
       46.12388888888889
      ],
      [
       6.798055555555555,
       46.13611111111111
      ],
      [
       6.790277777777778,
       46.155277777777776
      ],
      [
       6.809444444444445,
       46.18555555555555
      ],
      [
       6.807222222222222,
       46.208333333333336
      ],
      [
       6.855,
       46.25805555555556
      ],
      [
       6.860833333333334,
       46.27638888888889
      ],
      [
       6.864722222222222,
       46.282222222222224
      ],
      [
       6.855555555555556,
       46.29222222222222
      ],
      [
       6.847222222222222,
       46.289722222222224
      ],
      [
       6.8425,
       46.294444444444444
      ],
      [
       6.828055555555555,
       46.30222222222222
      ],
      [
       6.830277777777778,
       46.306111111111115
      ],
      [
       6.824722222222222,
       46.31194444444444
      ],
      [
       6.8069444444444445,
       46.32055555555556
      ],
      [
       6.801388888888889,
       46.31944444444444
      ],
      [
       6.796111111111111,
       46.33277777777778
      ],
      [
       6.794722222222222,
       46.33277777777778
      ],
      [
       6.785277777777778,
       46.3325
      ],
      [
       6.7716666666666665,
       46.361111111111114
      ],
      [
       6.791666666666667,
       46.367222222222225
      ],
      [
       6.804722222222222,
       46.37777777777778
      ],
      [
       6.806388888888889,
       46.382777777777775
      ],
      [
       6.801666666666667,
       46.38583333333333
      ],
      [
       6.8052777777777775,
       46.39416666666666
      ],
      [
       6.820833333333333,
       46.42722222222222
      ],
      [
       6.802777777777778,
       46.43083333333333
      ],
      [
       6.681666666666667,
       46.45444444444445
      ],
      [
       6.626388888888889,
       46.455
      ],
      [
       6.518888888888889,
       46.45638888888889
      ],
      [
       6.478888888888889,
       46.43888888888889
      ],
      [
       6.425277777777778,
       46.41583333333333
      ],
      [
       6.335,
       46.40361111111111
      ],
      [
       6.252777777777778,
       46.360277777777775
      ],
      [
       6.219444444444444,
       46.31194444444444
      ],
      [
       6.248888888888889,
       46.30166666666667
      ],
      [
       6.2375,
       46.2775
      ],
      [
       6.266666666666667,
       46.24777777777778
      ],
      [
       6.2941666666666665,
       46.263888888888886
      ],
      [
       6.310277777777777,
       46.24388888888889
      ],
      [
       6.296111111111111,
       46.22638888888889
      ],
      [
       6.249444444444444,
       46.205
      ],
      [
       6.233888888888889,
       46.20638888888889
      ],
      [
       6.186388888888889,
       46.17861111111111
      ],
      [
       6.188888888888889,
       46.16638888888889
      ],
      [
       6.132777777777778,
       46.14111111111111
      ],
      [
       6.098333333333334,
       46.14388888888889
      ],
      [
       6.091944444444445,
       46.151944444444446
      ],
      [
       6.052222222222222,
       46.15138888888889
      ],
      [
       6.035277777777778,
       46.13472222222222
      ],
      [
       5.9944444444444445,
       46.144444444444446
      ],
      [
       5.957222222222223,
       46.12861111111111
      ],
      [
       5.992222222222222,
       46.18666666666667
      ],
      [
       5.963611111111112,
       46.19694444444445
      ],
      [
       6.033888888888889,
       46.23833333333334
      ],
      [
       6.046111111111111,
       46.23138888888889
      ],
      [
       6.0875,
       46.24722222222222
      ],
      [
       6.101388888888889,
       46.23777777777778
      ],
      [
       6.1241666666666665,
       46.25111111111111
      ],
      [
       6.1033333333333335,
       46.278888888888886
      ],
      [
       6.113888888888889,
       46.29472222222222
      ],
      [
       6.126944444444445,
       46.32111111111111
      ],
      [
       6.169444444444444,
       46.36555555555555
      ],
      [
       6.158888888888889,
       46.37972222222222
      ],
      [
       6.153611111111111,
       46.37777777777778
      ],
      [
       6.1177777777777775,
       46.3975
      ],
      [
       6.088055555555556,
       46.41111111111111
      ],
      [
       6.063888888888889,
       46.416666666666664
      ],
      [
       6.085833333333333,
       46.44111111111111
      ],
      [
       6.078333333333333,
       46.451388888888886
      ],
      [
       6.073333333333333,
       46.46527777777778
      ],
      [
       6.096666666666667,
       46.48111111111111
      ],
      [
       6.108333333333333,
       46.5
      ],
      [
       6.1125,
       46.50944444444445
      ],
      [
       6.1563888888888885,
       46.54527777777778
      ],
      [
       6.110833333333334,
       46.57611111111111
      ],
      [
       6.210277777777778,
       46.639722222222225
      ],
      [
       6.266944444444444,
       46.67611111111111
      ],
      [
       6.269166666666667,
       46.6825
      ],
      [
       6.273055555555556,
       46.684444444444445
      ],
      [
       6.384166666666666,
       46.73138888888889
      ],
      [
       6.388333333333334,
       46.74305555555556
      ],
      [
       6.4375,
       46.76138888888889
      ],
      [
       6.4383333333333335,
       46.766666666666666
      ],
      [
       6.44,
       46.76777777777778
      ],
      [
       6.448611111111111,
       46.77305555555556
      ],
      [
       6.453611111111111,
       46.78138888888889
      ],
      [
       6.458333333333333,
       46.78861111111111
      ],
      [
       6.434722222222222,
       46.80166666666667
      ],
      [
       6.431111111111111,
       46.812222222222225
      ],
      [
       6.440833333333333,
       46.815555555555555
      ],
      [
       6.443333333333333,
       46.83277777777778
      ],
      [
       6.46,
       46.85111111111111
      ],
      [
       6.46,
       46.85138888888889
      ],
      [
       6.464722222222222,
       46.890277777777776
      ],
      [
       6.449722222222222,
       46.909444444444446
      ],
      [
       6.432777777777778,
       46.92888888888889
      ],
      [
       6.460277777777778,
       46.94361111111111
      ],
      [
       6.475833333333333,
       46.960277777777776
      ],
      [
       6.496388888888889,
       46.97416666666667
      ],
      [
       6.504722222222222,
       46.965833333333336
      ],
      [
       6.523888888888889,
       46.971944444444446
      ],
      [
       6.572777777777778,
       46.98222222222222
      ],
      [
       6.6,
       46.9925
      ],
      [
       6.618055555555555,
       46.99166666666667
      ],
      [
       6.635,
       46.99916666666667
      ],
      [
       6.659166666666667,
       47.0275
      ],
      [
       6.679722222222222,
       47.035833333333336
      ],
      [
       6.694444444444445,
       47.03722222222222
      ],
      [
       6.719722222222222,
       47.05166666666667
      ],
      [
       6.711388888888889,
       47.05416666666667
      ],
      [
       6.691666666666666,
       47.06666666666667
      ],
      [
       6.700555555555556,
       47.07
      ],
      [
       6.713888888888889,
       47.08722222222222
      ],
      [
       6.743333333333333,
       47.09222222222222
      ],
      [
       6.740277777777778,
       47.10805555555555
      ],
      [
       6.805,
       47.13027777777778
      ],
      [
       6.858333333333333,
       47.16416666666667
      ],
      [
       6.840833333333333,
       47.17166666666667
      ],
      [
       6.955277777777778,
       47.242777777777775
      ],
      [
       6.940555555555555,
       47.285833333333336
      ],
      [
       6.964722222222222,
       47.29222222222222
      ],
      [
       7.0088888888888885,
       47.30166666666667
      ],
      [
       7.010277777777778,
       47.324444444444445
      ],
      [
       7.049722222222222,
       47.329166666666666
      ],
      [
       7.0569444444444445,
       47.33416666666667
      ],
      [
       7.0625,
       47.344166666666666
      ],
      [
       7.034166666666667,
       47.36972222222222
      ],
      [
       6.879166666666666,
       47.352777777777774
      ],
      [
       6.8875,
       47.37583333333333
      ],
      [
       6.911666666666667,
       47.385555555555555
      ],
      [
       6.917222222222222,
       47.405277777777776
      ],
      [
       6.938611111111111,
       47.405833333333334
      ],
      [
       6.9399999999999995,
       47.433055555555555
      ],
      [
       6.990833333333334,
       47.45027777777778
      ],
      [
       6.996944444444445,
       47.45055555555555
      ],
      [
       6.983055555555556,
       47.493611111111115
      ],
      [
       7.016666666666667,
       47.50388888888889
      ],
      [
       7.048611111111111,
       47.49638888888889
      ],
      [
       7.078333333333333,
       47.48861111111111
      ],
      [
       7.126666666666667,
       47.50277777777778
      ],
      [
       7.191666666666666,
       47.48916666666667
      ],
      [
       7.170555555555556,
       47.44444444444444
      ],
      [
       7.206666666666667,
       47.435
      ],
      [
       7.226388888888889,
       47.44
      ],
      [
       7.245277777777778,
       47.42583333333334
      ],
      [
       7.245833333333334,
       47.42111111111111
      ],
      [
       7.254444444444444,
       47.424166666666665
      ],
      [
       7.256111111111111,
       47.42472222222222
      ],
      [
       7.302777777777778,
       47.43861111111111
      ],
      [
       7.384444444444444,
       47.43222222222222
      ],
      [
       7.421111111111111,
       47.44583333333333
      ],
      [
       7.428055555555556,
       47.458333333333336
      ],
      [
       7.445277777777778,
       47.46194444444444
      ],
      [
       7.456111111111111,
       47.47277777777778
      ],
      [
       7.420833333333333,
       47.480555555555554
      ],
      [
       7.435277777777777,
       47.49777777777778
      ],
      [
       7.4775,
       47.48027777777778
      ],
      [
       7.4911111111111115,
       47.484722222222224
      ],
      [
       7.511111111111111,
       47.496944444444445
      ],
      [
       7.5088888888888885,
       47.50222222222222
      ],
      [
       7.510555555555555,
       47.5025
      ],
      [
       7.5088888888888885,
       47.50972222222222
      ],
      [
       7.501388888888889,
       47.514722222222225
      ],
      [
       7.516388888888889,
       47.51722222222222
      ],
      [
       7.5225,
       47.51444444444444
      ],
      [
       7.531388888888889,
       47.528333333333336
      ],
      [
       7.519166666666667,
       47.534444444444446
      ],
      [
       7.5024999999999995,
       47.528333333333336
      ],
      [
       7.499444444444444,
       47.53944444444444
      ],
      [
       7.5575,
       47.56527777777778
      ],
      [
       7.566666666666666,
       47.577777777777776
      ],
      [
       7.584722222222222,
       47.57555555555555
      ],
      [
       7.589166666666666,
       47.59
      ],
      [
       7.604722222222222,
       47.585
      ],
      [
       7.605,
       47.577777777777776
      ],
      [
       7.619166666666667,
       47.57694444444444
      ],
      [
       7.643055555555556,
       47.591388888888886
      ],
      [
       7.641666666666667,
       47.594166666666666
      ],
      [
       7.645555555555555,
       47.596944444444446
      ],
      [
       7.675277777777778,
       47.591944444444444
      ],
      [
       7.6722222222222225,
       47.585277777777776
      ],
      [
       7.680833333333333,
       47.58277777777778
      ],
      [
       7.6819444444444445,
       47.5775
      ],
      [
       7.683888888888889,
       47.57666666666667
      ],
      [
       7.683611111111111,
       47.57388888888889
      ],
      [
       7.689722222222223,
       47.57138888888889
      ],
      [
       7.686944444444444,
       47.5675
      ],
      [
       8.85,
       47.88333333333333
      ]
     ]
    ]
   }
  },
  {
   "type": "Feature",
   "properties": {
    "id": "LSAS",
    "indicator": "U",
    "name": "SWITZERLAND",
    "cycle": "2606"
   },
   "geometry": {
    "type": "Polygon",
    "coordinates": [
     [
      [
       8.85,
       47.88333333333333
      ],
      [
       8.866666666666667,
       47.78333333333333
      ],
      [
       9.233333333333333,
       47.791666666666664
      ],
      [
       9.233333333333333,
       47.65833333333333
      ],
      [
       9.233333333333333,
       47.656666666666666
      ],
      [
       9.301666666666666,
       47.644444444444446
      ],
      [
       9.455833333333333,
       47.5875
      ],
      [
       9.563611111111111,
       47.53916666666667
      ],
      [
       9.561833333333333,
       47.50456388888889
      ],
      [
       9.561313888888888,
       47.50008611111111
      ],
      [
       9.600277777777778,
       47.461666666666666
      ],
      [
       9.659444444444444,
       47.451388888888886
      ],
      [
       9.658016666666667,
       47.44780277777778
      ],
      [
       9.644444444444444,
       47.435
      ],
      [
       9.651911111111112,
       47.408452777777775
      ],
      [
       9.661666666666667,
       47.39694444444444
      ],
      [
       9.67388888888889,
       47.391666666666666
      ],
      [
       9.67361111111111,
       47.382777777777775
      ],
      [
       9.6575,
       47.368611111111115
      ],
      [
       9.624722222222223,
       47.36611111111111
      ],
      [
       9.605833333333333,
       47.35194444444444
      ],
      [
       9.583055555555555,
       47.310833333333335
      ],
      [
       9.556111111111111,
       47.297777777777775
      ],
      [
       9.546944444444444,
       47.280277777777776
      ],
      [
       9.530833333333334,
       47.27055555555555
      ],
      [
       9.566722222222221,
       47.242913888888886
      ],
      [
       9.551944444444445,
       47.22388888888889
      ],
      [
       9.569444444444445,
       47.21888888888889
      ],
      [
       9.584722222222222,
       47.205
      ],
      [
       9.572777777777778,
       47.190555555555555
      ],
      [
       9.574444444444444,
       47.176944444444445
      ],
      [
       9.564722222222223,
       47.17027777777778
      ],
      [
       9.581666666666667,
       47.16972222222222
      ],
      [
       9.600833333333334,
       47.15777777777778
      ],
      [
       9.604722222222222,
       47.15222222222222
      ],
      [
       9.613055555555556,
       47.1475
      ],
      [
       9.62111111111111,
       47.151666666666664
      ],
      [
       9.625555555555556,
       47.14555555555555
      ],
      [
       9.624725,
       47.13262777777778
      ],
      [
       9.634722222222223,
       47.12777777777778
      ],
      [
       9.62111111111111,
       47.11055555555556
      ],
      [
       9.635,
       47.09916666666667
      ],
      [
       9.633055555555556,
       47.08305555555555
      ],
      [
       9.611666666666666,
       47.079166666666666
      ],
      [
       9.606944444444444,
       47.060833333333335
      ],
      [
       9.623333333333333,
       47.0525
      ],
      [
       9.636388888888888,
       47.05166666666667
      ],
      [
       9.645277777777778,
       47.059444444444445
      ],
      [
       9.6825,
       47.05861111111111
      ],
      [
       9.720277777777778,
       47.04361111111111
      ],
      [
       9.744722222222222,
       47.04138888888889
      ],
      [
       9.747777777777777,
       47.036944444444444
      ],
      [
       9.785277777777777,
       47.03777777777778
      ],
      [
       9.8125,
       47.02166666666667
      ],
      [
       9.81611111111111,
       47.022222222222226
      ],
      [
       9.837222222222222,
       47.01277777777778
      ],
      [
       9.86111111111111,
       47.0225
      ],
      [
       9.879722222222222,
       47.019444444444446
      ],
      [
       9.870833333333334,
       47.009166666666665
      ],
      [
       9.88888888888889,
       47.00055555555556
      ],
      [
       9.891388888888889,
       46.99111111111111
      ],
      [
       9.873055555555556,
       46.96055555555556
      ],
      [
       9.876388888888888,
       46.93472222222222
      ],
      [
       9.945833333333333,
       46.9125
      ],
      [
       9.971666666666666,
       46.913333333333334
      ],
      [
       9.971944444444444,
       46.91361111111111
      ],
      [
       9.977777777777778,
       46.91583333333333
      ],
      [
       9.984166666666667,
       46.905833333333334
      ],
      [
       10.003333333333334,
       46.899166666666666
      ],
      [
       10.019722222222223,
       46.899166666666666
      ],
      [
       10.0525,
       46.87555555555556
      ],
      [
       10.050277777777778,
       46.86194444444445
      ],
      [
       10.087777777777777,
       46.86083333333333
      ],
      [
       10.105277777777777,
       46.840833333333336
      ],
      [
       10.232222222222223,
       46.86638888888889
      ],
      [
       10.241452777777777,
       46.93161666666666
      ],
      [
       10.316666666666666,
       46.92472222222222
      ],
      [
       10.307777777777778,
       46.946666666666665
      ],
      [
       10.323333333333334,
       46.95194444444444
      ],
      [
       10.346111111111112,
       46.98916666666667
      ],
      [
       10.389166666666666,
       47.000277777777775
      ],
      [
       10.4375,
       46.95583333333333
      ],
      [
       10.489166666666666,
       46.9375
      ],
      [
       10.469655555555555,
       46.85491388888889
      ],
      [
       10.452222222222222,
       46.806666666666665
      ],
      [
       10.423055555555555,
       46.788333333333334
      ],
      [
       10.441666666666666,
       46.75222222222222
      ],
      [
       10.431666666666667,
       46.750277777777775
      ],
      [
       10.400277777777777,
       46.73277777777778
      ],
      [
       10.418611111111112,
       46.71861111111111
      ],
      [
       10.415833333333333,
       46.70861111111111
      ],
      [
       10.382222222222222,
       46.684444444444445
      ],
      [
       10.395277777777778,
       46.65361111111111
      ],
      [
       10.408888888888889,
       46.635
      ],
      [
       10.446388888888889,
       46.64111111111111
      ],
      [
       10.491944444444444,
       46.61527777777778
      ],
      [
       10.46,
       46.53527777777778
      ],
      [
       10.352777777777778,
       46.555277777777775
      ],
      [
       10.311111111111112,
       46.54666666666667
      ],
      [
       10.269722222222223,
       46.5775
      ],
      [
       10.24638888888889,
       46.57472222222222
      ],
      [
       10.242777777777778,
       46.624722222222225
      ],
      [
       10.235,
       46.63361111111111
      ],
      [
       10.221944444444444,
       46.62722222222222
      ],
      [
       10.221944444444444,
       46.62638888888889
      ],
      [
       10.12888888888889,
       46.605555555555554
      ],
      [
       10.101666666666667,
       46.610277777777775
      ],
      [
       10.096944444444444,
       46.592777777777776
      ],
      [
       10.1,
       46.5825
      ],
      [
       10.078611111111112,
       46.574444444444445
      ],
      [
       10.085277777777778,
       46.566944444444445
      ],
      [
       10.046111111111111,
       46.534444444444446
      ],
      [
       10.043611111111112,
       46.50527777777778
      ],
      [
       10.043611111111112,
       46.505
      ],
      [
       10.043333333333333,
       46.441944444444445
      ],
      [
       10.074444444444444,
       46.428333333333335
      ],
      [
       10.140833333333333,
       46.428333333333335
      ],
      [
       10.163611111111111,
       46.395833333333336
      ],
      [
       10.104444444444445,
       46.333333333333336
      ],
      [
       10.176388888888889,
       46.25805555555556
      ],
      [
       10.132222222222222,
       46.225
      ],
      [
       10.093055555555555,
       46.227777777777774
      ],
      [
       10.066666666666666,
       46.21888888888889
      ],
      [
       10.043888888888889,
       46.230555555555554
      ],
      [
       10.060555555555556,
       46.24805555555555
      ],
      [
       10.053055555555556,
       46.266666666666666
      ],
      [
       9.99611111111111,
       46.284444444444446
      ],
      [
       9.980277777777777,
       46.32333333333333
      ],
      [
       9.995833333333334,
       46.34583333333333
      ],
      [
       9.96,
       46.37166666666667
      ],
      [
       9.915555555555555,
       46.37138888888889
      ],
      [
       9.906944444444445,
       46.38055555555555
      ],
      [
       9.777777777777779,
       46.335
      ],
      [
       9.743333333333334,
       46.35138888888889
      ],
      [
       9.725,
       46.34166666666667
      ],
      [
       9.714444444444444,
       46.29277777777778
      ],
      [
       9.684722222222222,
       46.29555555555555
      ],
      [
       9.618611111111111,
       46.2875
      ],
      [
       9.549444444444445,
       46.3025
      ],
      [
       9.536944444444444,
       46.30972222222222
      ],
      [
       9.49638888888889,
       46.364444444444445
      ],
      [
       9.475,
       46.37083333333333
      ],
      [
       9.459166666666667,
       46.41416666666667
      ],
      [
       9.460555555555555,
       46.44305555555555
      ],
      [
       9.463055555555556,
       46.50833333333333
      ],
      [
       9.400833333333333,
       46.46944444444444
      ],
      [
       9.363055555555556,
       46.50944444444445
      ],
      [
       9.3625,
       46.50972222222222
      ],
      [
       9.362222222222222,
       46.50944444444445
      ],
      [
       9.28138888888889,
       46.494166666666665
      ],
      [
       9.268611111111111,
       46.452777777777776
      ],
      [
       9.253333333333334,
       46.449444444444445
      ],
      [
       9.248611111111112,
       46.43277777777778
      ],
      [
       9.2775,
       46.414722222222224
      ],
      [
       9.278611111111111,
       46.365833333333335
      ],
      [
       9.3,
       46.327222222222225
      ],
      [
       9.248888888888889,
       46.24638888888889
      ],
      [
       9.194444444444445,
       46.181666666666665
      ],
      [
       9.193888888888889,
       46.17944444444444
      ],
      [
       9.077777777777778,
       46.12083333333333
      ],
      [
       9.0725,
       46.117777777777775
      ],
      [
       9.089722222222223,
       46.0875
      ],
      [
       9.078333333333333,
       46.07194444444445
      ],
      [
       9.025,
       46.05083333333334
      ],
      [
       9.007777777777777,
       46.03
      ],
      [
       9.028333333333334,
       45.99388888888889
      ],
      [
       8.989166666666666,
       45.97027777777778
      ],
      [
       9.01388888888889,
       45.96055555555556
      ],
      [
       9.019444444444444,
       45.928333333333335
      ],
      [
       9.043888888888889,
       45.92666666666667
      ],
      [
       9.079166666666667,
       45.9
      ],
      [
       9.088333333333333,
       45.90083333333333
      ],
      [
       9.017222222222221,
       45.81805555555555
      ],
      [
       8.99388888888889,
       45.82194444444445
      ],
      [
       8.997222222222222,
       45.834722222222226
      ],
      [
       8.97861111111111,
       45.836666666666666
      ],
      [
       8.973333333333333,
       45.8325
      ],
      [
       8.949166666666667,
       45.843333333333334
      ],
      [
       8.912222222222223,
       45.830555555555556
      ],
      [
       8.914444444444445,
       45.8425
      ],
      [
       8.934444444444445,
       45.8625
      ],
      [
       8.893611111111111,
       45.958888888888886
      ],
      [
       8.878055555555555,
       45.95666666666666
      ],
      [
       8.831388888888888,
       45.98777777777778
      ],
      [
       8.786111111111111,
       45.98916666666667
      ],
      [
       8.852222222222222,
       46.07555555555555
      ],
      [
       8.745833333333334,
       46.114444444444445
      ],
      [
       8.72,
       46.098333333333336
      ],
      [
       8.611944444444445,
       46.12166666666667
      ],
      [
       8.596666666666666,
       46.14111111111111
      ],
      [
       8.532222222222222,
       46.21805555555556
      ],
      [
       8.503055555555555,
       46.22527777777778
      ],
      [
       8.444444444444445,
       46.24888888888889
      ],
      [
       8.427777777777777,
       46.29833333333333
      ],
      [
       8.465277777777779,
       46.33444444444444
      ],
      [
       8.467222222222222,
       46.37027777777778
      ],
      [
       8.466111111111111,
       46.443888888888885
      ],
      [
       8.438333333333333,
       46.464166666666664
      ],
      [
       8.375277777777777,
       46.452777777777776
      ],
      [
       8.288611111111111,
       46.40833333333333
      ],
      [
       8.319166666666666,
       46.38638888888889
      ],
      [
       8.223333333333333,
       46.33083333333333
      ],
      [
       8.211388888888889,
       46.3125
      ],
      [
       8.2,
       46.30277777777778
      ],
      [
       8.161111111111111,
       46.295833333333334
      ],
      [
       8.138055555555555,
       46.301944444444445
      ],
      [
       8.080277777777777,
       46.260555555555555
      ],
      [
       8.141388888888889,
       46.22611111111111
      ],
      [
       8.163611111111111,
       46.18388888888889
      ],
      [
       8.108055555555556,
       46.11138888888889
      ],
      [
       8.034166666666666,
       46.09972222222222
      ],
      [
       8.028333333333334,
       46.04138888888889
      ],
      [
       7.994722222222222,
       46.003055555555555
      ],
      [
       7.907222222222222,
       45.99444444444445
      ],
      [
       7.877222222222223,
       45.95444444444445
      ],
      [
       7.862777777777778,
       45.91694444444445
      ],
      [
       7.821666666666666,
       45.92722222222222
      ],
      [
       7.813888888888889,
       45.923611111111114
      ],
      [
       7.748055555555555,
       45.94083333333333
      ],
      [
       7.7347222222222225,
       45.924166666666665
      ],
      [
       7.719444444444444,
       45.92388888888889
      ],
      [
       7.670833333333333,
       45.970555555555556
      ],
      [
       7.585277777777778,
       45.971666666666664
      ],
      [
       7.575,
       45.9875
      ],
      [
       7.545555555555556,
       45.98361111111111
      ],
      [
       7.538611111111111,
       45.955
      ],
      [
       7.496111111111111,
       45.959722222222226
      ],
      [
       7.473888888888889,
       45.94861111111111
      ],
      [
       7.4719444444444445,
       45.945277777777775
      ],
      [
       7.466944444444445,
       45.934444444444445
      ],
      [
       7.444444444444445,
       45.931111111111115
      ],
      [
       7.3825,
       45.896388888888886
      ],
      [
       7.291388888888889,
       45.920833333333334
      ],
      [
       7.261388888888889,
       45.89222222222222
      ],
      [
       7.216666666666667,
       45.888888888888886
      ],
      [
       7.210555555555556,
       45.88111111111111
      ],
      [
       7.190833333333333,
       45.85861111111111
      ],
      [
       7.154166666666667,
       45.87916666666667
      ],
      [
       7.108888888888889,
       45.858333333333334
      ],
      [
       7.043888888888889,
       45.9225
      ],
      [
       7.036944444444444,
       45.95527777777778
      ],
      [
       7.0225,
       45.958333333333336
      ],
      [
       7.009166666666666,
       45.969166666666666
      ],
      [
       7.021944444444444,
       45.97694444444444
      ],
      [
       7.010555555555555,
       45.996944444444445
      ],
      [
       7.001388888888889,
       45.99916666666667
      ],
      [
       6.985555555555555,
       46.00416666666667
      ],
      [
       6.981111111111111,
       46.019444444444446
      ],
      [
       6.96,
       46.034444444444446
      ],
      [
       6.950555555555556,
       46.05111111111111
      ],
      [
       6.924722222222222,
       46.06527777777778
      ],
      [
       6.889722222222222,
       46.04194444444445
      ],
      [
       6.872222222222222,
       46.05111111111111
      ],
      [
       6.894166666666667,
       46.115
      ],
      [
       6.9,
       46.12388888888889
      ],
      [
       6.885833333333333,
       46.12388888888889
      ],
      [
       6.798055555555555,
       46.13611111111111
      ],
      [
       6.790277777777778,
       46.155277777777776
      ],
      [
       6.809444444444445,
       46.18555555555555
      ],
      [
       6.807222222222222,
       46.208333333333336
      ],
      [
       6.855,
       46.25805555555556
      ],
      [
       6.860833333333334,
       46.27638888888889
      ],
      [
       6.864722222222222,
       46.282222222222224
      ],
      [
       6.855555555555556,
       46.29222222222222
      ],
      [
       6.847222222222222,
       46.289722222222224
      ],
      [
       6.8425,
       46.294444444444444
      ],
      [
       6.828055555555555,
       46.30222222222222
      ],
      [
       6.830277777777778,
       46.306111111111115
      ],
      [
       6.824722222222222,
       46.31194444444444
      ],
      [
       6.8069444444444445,
       46.32055555555556
      ],
      [
       6.801388888888889,
       46.31944444444444
      ],
      [
       6.796111111111111,
       46.33277777777778
      ],
      [
       6.794722222222222,
       46.33277777777778
      ],
      [
       6.785277777777778,
       46.3325
      ],
      [
       6.7716666666666665,
       46.361111111111114
      ],
      [
       6.791666666666667,
       46.367222222222225
      ],
      [
       6.804722222222222,
       46.37777777777778
      ],
      [
       6.806388888888889,
       46.382777777777775
      ],
      [
       6.801666666666667,
       46.38583333333333
      ],
      [
       6.8052777777777775,
       46.39416666666666
      ],
      [
       6.820833333333333,
       46.42722222222222
      ],
      [
       6.802777777777778,
       46.43083333333333
      ],
      [
       6.681666666666667,
       46.45444444444445
      ],
      [
       6.626388888888889,
       46.455
      ],
      [
       6.518888888888889,
       46.45638888888889
      ],
      [
       6.478888888888889,
       46.43888888888889
      ],
      [
       6.425277777777778,
       46.41583333333333
      ],
      [
       6.335,
       46.40361111111111
      ],
      [
       6.252777777777778,
       46.360277777777775
      ],
      [
       6.219444444444444,
       46.31194444444444
      ],
      [
       6.248888888888889,
       46.30166666666667
      ],
      [
       6.2375,
       46.2775
      ],
      [
       6.266666666666667,
       46.24777777777778
      ],
      [
       6.2941666666666665,
       46.263888888888886
      ],
      [
       6.310277777777777,
       46.24388888888889
      ],
      [
       6.296111111111111,
       46.22638888888889
      ],
      [
       6.249444444444444,
       46.205
      ],
      [
       6.233888888888889,
       46.20638888888889
      ],
      [
       6.186388888888889,
       46.17861111111111
      ],
      [
       6.188888888888889,
       46.16638888888889
      ],
      [
       6.132777777777778,
       46.14111111111111
      ],
      [
       6.098333333333334,
       46.14388888888889
      ],
      [
       6.091944444444445,
       46.151944444444446
      ],
      [
       6.052222222222222,
       46.15138888888889
      ],
      [
       6.035277777777778,
       46.13472222222222
      ],
      [
       5.9944444444444445,
       46.144444444444446
      ],
      [
       5.957222222222223,
       46.12861111111111
      ],
      [
       5.992222222222222,
       46.18666666666667
      ],
      [
       5.963611111111112,
       46.19694444444445
      ],
      [
       6.033888888888889,
       46.23833333333334
      ],
      [
       6.046111111111111,
       46.23138888888889
      ],
      [
       6.0875,
       46.24722222222222
      ],
      [
       6.101388888888889,
       46.23777777777778
      ],
      [
       6.1241666666666665,
       46.25111111111111
      ],
      [
       6.1033333333333335,
       46.278888888888886
      ],
      [
       6.113888888888889,
       46.29472222222222
      ],
      [
       6.126944444444445,
       46.32111111111111
      ],
      [
       6.169444444444444,
       46.36555555555555
      ],
      [
       6.158888888888889,
       46.37972222222222
      ],
      [
       6.153611111111111,
       46.37777777777778
      ],
      [
       6.1177777777777775,
       46.3975
      ],
      [
       6.088055555555556,
       46.41111111111111
      ],
      [
       6.063888888888889,
       46.416666666666664
      ],
      [
       6.085833333333333,
       46.44111111111111
      ],
      [
       6.078333333333333,
       46.451388888888886
      ],
      [
       6.073333333333333,
       46.46527777777778
      ],
      [
       6.096666666666667,
       46.48111111111111
      ],
      [
       6.108333333333333,
       46.5
      ],
      [
       6.1125,
       46.50944444444445
      ],
      [
       6.1563888888888885,
       46.54527777777778
      ],
      [
       6.110833333333334,
       46.57611111111111
      ],
      [
       6.210277777777778,
       46.639722222222225
      ],
      [
       6.266944444444444,
       46.67611111111111
      ],
      [
       6.269166666666667,
       46.6825
      ],
      [
       6.273055555555556,
       46.684444444444445
      ],
      [
       6.384166666666666,
       46.73138888888889
      ],
      [
       6.388333333333334,
       46.74305555555556
      ],
      [
       6.4375,
       46.76138888888889
      ],
      [
       6.4383333333333335,
       46.766666666666666
      ],
      [
       6.44,
       46.76777777777778
      ],
      [
       6.448611111111111,
       46.77305555555556
      ],
      [
       6.453611111111111,
       46.78138888888889
      ],
      [
       6.458333333333333,
       46.78861111111111
      ],
      [
       6.434722222222222,
       46.80166666666667
      ],
      [
       6.431111111111111,
       46.812222222222225
      ],
      [
       6.440833333333333,
       46.815555555555555
      ],
      [
       6.443333333333333,
       46.83277777777778
      ],
      [
       6.46,
       46.85111111111111
      ],
      [
       6.46,
       46.85138888888889
      ],
      [
       6.464722222222222,
       46.890277777777776
      ],
      [
       6.449722222222222,
       46.909444444444446
      ],
      [
       6.432777777777778,
       46.92888888888889
      ],
      [
       6.460277777777778,
       46.94361111111111
      ],
      [
       6.475833333333333,
       46.960277777777776
      ],
      [
       6.496388888888889,
       46.97416666666667
      ],
      [
       6.504722222222222,
       46.965833333333336
      ],
      [
       6.523888888888889,
       46.971944444444446
      ],
      [
       6.572777777777778,
       46.98222222222222
      ],
      [
       6.6,
       46.9925
      ],
      [
       6.618055555555555,
       46.99166666666667
      ],
      [
       6.635,
       46.99916666666667
      ],
      [
       6.659166666666667,
       47.0275
      ],
      [
       6.679722222222222,
       47.035833333333336
      ],
      [
       6.694444444444445,
       47.03722222222222
      ],
      [
       6.719722222222222,
       47.05166666666667
      ],
      [
       6.711388888888889,
       47.05416666666667
      ],
      [
       6.691666666666666,
       47.06666666666667
      ],
      [
       6.700555555555556,
       47.07
      ],
      [
       6.713888888888889,
       47.08722222222222
      ],
      [
       6.743333333333333,
       47.09222222222222
      ],
      [
       6.740277777777778,
       47.10805555555555
      ],
      [
       6.805,
       47.13027777777778
      ],
      [
       6.858333333333333,
       47.16416666666667
      ],
      [
       6.840833333333333,
       47.17166666666667
      ],
      [
       6.955277777777778,
       47.242777777777775
      ],
      [
       6.940555555555555,
       47.285833333333336
      ],
      [
       6.964722222222222,
       47.29222222222222
      ],
      [
       7.0088888888888885,
       47.30166666666667
      ],
      [
       7.010277777777778,
       47.324444444444445
      ],
      [
       7.049722222222222,
       47.329166666666666
      ],
      [
       7.0569444444444445,
       47.33416666666667
      ],
      [
       7.0625,
       47.344166666666666
      ],
      [
       7.034166666666667,
       47.36972222222222
      ],
      [
       6.879166666666666,
       47.352777777777774
      ],
      [
       6.8875,
       47.37583333333333
      ],
      [
       6.911666666666667,
       47.385555555555555
      ],
      [
       6.917222222222222,
       47.405277777777776
      ],
      [
       6.938611111111111,
       47.405833333333334
      ],
      [
       6.9399999999999995,
       47.433055555555555
      ],
      [
       6.990833333333334,
       47.45027777777778
      ],
      [
       6.996944444444445,
       47.45055555555555
      ],
      [
       6.983055555555556,
       47.493611111111115
      ],
      [
       7.016666666666667,
       47.50388888888889
      ],
      [
       7.048611111111111,
       47.49638888888889
      ],
      [
       7.078333333333333,
       47.48861111111111
      ],
      [
       7.126666666666667,
       47.50277777777778
      ],
      [
       7.191666666666666,
       47.48916666666667
      ],
      [
       7.170555555555556,
       47.44444444444444
      ],
      [
       7.206666666666667,
       47.435
      ],
      [
       7.226388888888889,
       47.44
      ],
      [
       7.245277777777778,
       47.42583333333334
      ],
      [
       7.245833333333334,
       47.42111111111111
      ],
      [
       7.254444444444444,
       47.424166666666665
      ],
      [
       7.256111111111111,
       47.42472222222222
      ],
      [
       7.302777777777778,
       47.43861111111111
      ],
      [
       7.384444444444444,
       47.43222222222222
      ],
      [
       7.421111111111111,
       47.44583333333333
      ],
      [
       7.428055555555556,
       47.458333333333336
      ],
      [
       7.445277777777778,
       47.46194444444444
      ],
      [
       7.456111111111111,
       47.47277777777778
      ],
      [
       7.420833333333333,
       47.480555555555554
      ],
      [
       7.435277777777777,
       47.49777777777778
      ],
      [
       7.4775,
       47.48027777777778
      ],
      [
       7.4911111111111115,
       47.484722222222224
      ],
      [
       7.511111111111111,
       47.496944444444445
      ],
      [
       7.5088888888888885,
       47.50222222222222
      ],
      [
       7.510555555555555,
       47.5025
      ],
      [
       7.5088888888888885,
       47.50972222222222
      ],
      [
       7.501388888888889,
       47.514722222222225
      ],
      [
       7.516388888888889,
       47.51722222222222
      ],
      [
       7.5225,
       47.51444444444444
      ],
      [
       7.531388888888889,
       47.528333333333336
      ],
      [
       7.519166666666667,
       47.534444444444446
      ],
      [
       7.5024999999999995,
       47.528333333333336
      ],
      [
       7.499444444444444,
       47.53944444444444
      ],
      [
       7.5575,
       47.56527777777778
      ],
      [
       7.566666666666666,
       47.577777777777776
      ],
      [
       7.584722222222222,
       47.57555555555555
      ],
      [
       7.589166666666666,
       47.59
      ],
      [
       7.604722222222222,
       47.585
      ],
      [
       7.605,
       47.577777777777776
      ],
      [
       7.619166666666667,
       47.57694444444444
      ],
      [
       7.643055555555556,
       47.591388888888886
      ],
      [
       7.641666666666667,
       47.594166666666666
      ],
      [
       7.645555555555555,
       47.596944444444446
      ],
      [
       7.675277777777778,
       47.591944444444444
      ],
      [
       7.6722222222222225,
       47.585277777777776
      ],
      [
       7.680833333333333,
       47.58277777777778
      ],
      [
       7.6819444444444445,
       47.5775
      ],
      [
       7.683888888888889,
       47.57666666666667
      ],
      [
       7.683611111111111,
       47.57388888888889
      ],
      [
       7.689722222222223,
       47.57138888888889
      ],
      [
       7.686944444444444,
       47.5675
      ],
      [
       8.85,
       47.88333333333333
      ]
     ]
    ]
   }
  },
  {
   "type": "Feature",
   "properties": {
    "id": "LUUU",
    "indicator": "F",
    "name": "CHISINAU",
    "cycle": "2606"
   },
   "geometry": {
    "type": "Polygon",
    "coordinates": [
     [
      [
       27.82813888888889,
       48.421638888888886
      ],
      [
       27.936833333333333,
       48.34072222222222
      ],
      [
       28.090722222222222,
       48.312
      ],
      [
       28.097083333333334,
       48.23491666666666
      ],
      [
       28.17961111111111,
       48.258719444444445
      ],
      [
       28.217916666666667,
       48.20869444444445
      ],
      [
       28.354388888888888,
       48.24791666666667
      ],
      [
       28.369416666666666,
       48.20413888888889
      ],
      [
       28.312416666666667,
       48.13952777777778
      ],
      [
       28.42636111111111,
       48.175777777777775
      ],
      [
       28.483944444444443,
       48.06746944444444
      ],
      [
       28.577166666666667,
       48.17216388888889
      ],
      [
       28.85447222222222,
       48.12166666666667
      ],
      [
       28.855583333333332,
       48.03296944444445
      ],
      [
       28.9985,
       47.97788888888889
      ],
      [
       29.097638888888888,
       47.958558333333336
      ],
      [
       29.182083333333335,
       48.00463888888889
      ],
      [
       29.26161111111111,
       47.89408611111111
      ],
      [
       29.213722222222223,
       47.80019444444444
      ],
      [
       29.272472222222223,
       47.80947222222222
      ],
      [
       29.238722222222222,
       47.64391666666667
      ],
      [
       29.1325,
       47.54341388888889
      ],
      [
       29.18166666666667,
       47.52352777777778
      ],
      [
       29.182222222222222,
       47.47258333333333
      ],
      [
       29.33438888888889,
       47.44328055555555
      ],
      [
       29.397916666666667,
       47.31041666666667
      ],
      [
       29.484083333333334,
       47.31186388888889
      ],
      [
       29.509055555555555,
       47.36819444444444
      ],
      [
       29.585333333333335,
       47.372638888888886
      ],
      [
       29.600444444444445,
       47.28816666666667
      ],
      [
       29.563666666666666,
       47.26283333333333
      ],
      [
       29.57122222222222,
       47.16297222222222
      ],
      [
       29.531555555555556,
       47.1135
      ],
      [
       29.622611111111112,
       47.07655833333333
      ],
      [
       29.633222222222223,
       47.00791666666667
      ],
      [
       29.575416666666666,
       46.95303055555556
      ],
      [
       29.728444444444445,
       46.92377777777778
      ],
      [
       29.760666666666665,
       46.86094166666667
      ],
      [
       29.883472222222224,
       46.88344444444444
      ],
      [
       29.90425,
       46.82838888888889
      ],
      [
       29.971722222222223,
       46.82877777777778
      ],
      [
       29.93875,
       46.81030555555556
      ],
      [
       29.983416666666667,
       46.767916666666665
      ],
      [
       29.94783333333333,
       46.652169444444446
      ],
      [
       29.969166666666666,
       46.58408333333333
      ],
      [
       29.899333333333335,
       46.539002777777775
      ],
      [
       29.9365,
       46.50366666666667
      ],
      [
       29.969194444444444,
       46.513666666666666
      ],
      [
       29.958861111111112,
       46.494641666666666
      ],
      [
       29.994222222222223,
       46.504666666666665
      ],
      [
       30.00958333333333,
       46.45794166666667
      ],
      [
       30.135444444444445,
       46.41605277777778
      ],
      [
       30.010361111111113,
       46.382416666666664
      ],
      [
       29.94686111111111,
       46.402747222222224
      ],
      [
       29.885555555555555,
       46.36441666666666
      ],
      [
       29.820888888888888,
       46.38639166666667
      ],
      [
       29.754194444444444,
       46.47519444444445
      ],
      [
       29.714694444444444,
       46.42597222222222
      ],
      [
       29.670638888888888,
       46.43108333333333
      ],
      [
       29.700972222222223,
       46.370583333333336
      ],
      [
       29.606472222222223,
       46.36244444444444
      ],
      [
       29.488027777777777,
       46.48091388888889
      ],
      [
       29.44788888888889,
       46.49483611111111
      ],
      [
       29.408666666666665,
       46.43277777777778
      ],
      [
       29.350305555555554,
       46.50636388888889
      ],
      [
       29.323444444444444,
       46.41847222222222
      ],
      [
       29.274444444444445,
       46.416777777777774
      ],
      [
       29.25188888888889,
       46.38330555555556
      ],
      [
       29.216555555555555,
       46.397025
      ],
      [
       29.242194444444443,
       46.56333055555555
      ],
      [
       29.173694444444443,
       46.55280555555556
      ],
      [
       29.166666666666668,
       46.51908611111111
      ],
      [
       29.061527777777776,
       46.520583333333335
      ],
      [
       28.99672222222222,
       46.46863888888889
      ],
      [
       28.936805555555555,
       46.462002777777776
      ],
      [
       28.99286111111111,
       46.330891666666666
      ],
      [
       28.947416666666665,
       46.28030277777778
      ],
      [
       29.058138888888887,
       46.19961111111111
      ],
      [
       28.95813888888889,
       46.10686111111111
      ],
      [
       29.010361111111113,
       46.06491944444444
      ],
      [
       28.991527777777776,
       46.02719444444445
      ],
      [
       28.794194444444443,
       45.977222222222224
      ],
      [
       28.765722222222223,
       45.94991666666667
      ],
      [
       28.787388888888888,
       45.84236111111111
      ],
      [
       28.717277777777777,
       45.82375
      ],
      [
       28.708194444444445,
       45.787108333333336
      ],
      [
       28.483805555555556,
       45.712805555555555
      ],
      [
       28.54686111111111,
       45.596833333333336
      ],
      [
       28.50102777777778,
       45.56752777777778
      ],
      [
       28.509138888888888,
       45.500166666666665
      ],
      [
       28.43552777777778,
       45.487611111111114
      ],
      [
       28.31025,
       45.545611111111114
      ],
      [
       28.216305555555557,
       45.46888611111111
      ],
      [
       28.149333333333335,
       45.564972222222224
      ],
      [
       28.069805555555554,
       45.595194444444445
      ],
      [
       28.174972222222223,
       45.64758333333333
      ],
      [
       28.093055555555555,
       46.01541388888889
      ],
      [
       28.146527777777777,
       46.19752777777778
      ],
      [
       28.1155,
       46.24491388888889
      ],
      [
       28.20722222222222,
       46.31872222222222
      ],
      [
       28.189527777777776,
       46.35675
      ],
      [
       28.25911111111111,
       46.44141666666667
      ],
      [
       28.216944444444444,
       46.513222222222225
      ],
      [
       28.244444444444444,
       46.67922222222222
      ],
      [
       28.125138888888888,
       46.8315
      ],
      [
       28.09872222222222,
       46.991527777777776
      ],
      [
       27.907222222222224,
       47.08108611111111
      ],
      [
       27.83136111111111,
       47.13163888888889
      ],
      [
       27.85622222222222,
       47.13902777777778
      ],
      [
       27.79513888888889,
       47.148555555555554
      ],
      [
       27.80377777777778,
       47.196725
      ],
      [
       27.73263888888889,
       47.29863611111111
      ],
      [
       27.644555555555556,
       47.31144444444445
      ],
      [
       27.581722222222222,
       47.37730277777778
      ],
      [
       27.5755,
       47.472611111111114
      ],
      [
       27.47975,
       47.49333333333333
      ],
      [
       27.431166666666666,
       47.58441666666667
      ],
      [
       27.296305555555556,
       47.66836111111111
      ],
      [
       27.259333333333334,
       47.72255833333333
      ],
      [
       27.302027777777777,
       47.75238888888889
      ],
      [
       27.222055555555556,
       47.82286111111111
      ],
      [
       27.25086111111111,
       47.833558333333336
      ],
      [
       27.16647222222222,
       47.927527777777776
      ],
      [
       27.167916666666667,
       47.99146944444445
      ],
      [
       27.133861111111113,
       47.998222222222225
      ],
      [
       27.166305555555557,
       48.0
      ],
      [
       27.099944444444443,
       48.010777777777776
      ],
      [
       27.114472222222222,
       48.034666666666666
      ],
      [
       27.037027777777777,
       48.09180555555555
      ],
      [
       27.048111111111112,
       48.12836111111111
      ],
      [
       26.971833333333333,
       48.13811111111111
      ],
      [
       26.999305555555555,
       48.15508333333333
      ],
      [
       26.94563888888889,
       48.1675
      ],
      [
       26.952638888888888,
       48.19869722222222
      ],
      [
       26.910416666666666,
       48.18772222222222
      ],
      [
       26.819277777777778,
       48.25461111111111
      ],
      [
       26.62361111111111,
       48.2505
      ],
      [
       26.688805555555554,
       48.33438888888889
      ],
      [
       26.82075,
       48.299
      ],
      [
       26.828777777777777,
       48.340694444444445
      ],
      [
       26.72111111111111,
       48.40083333333333
      ],
      [
       26.747666666666667,
       48.425555555555555
      ],
      [
       26.881083333333333,
       48.425913888888886
      ],
      [
       26.905444444444445,
       48.38247222222222
      ],
      [
       26.983055555555556,
       48.36338888888889
      ],
      [
       27.051916666666667,
       48.392691666666664
      ],
      [
       27.036083333333334,
       48.43097222222222
      ],
      [
       27.072694444444444,
       48.43888888888889
      ],
      [
       27.12436111111111,
       48.3875
      ],
      [
       27.205916666666667,
       48.39533333333333
      ],
      [
       27.242694444444446,
       48.37289166666667
      ],
      [
       27.334,
       48.44861111111111
      ],
      [
       27.38125,
       48.41064166666666
      ],
      [
       27.45525,
       48.419108333333334
      ],
      [
       27.47163888888889,
       48.44889166666667
      ],
      [
       27.603305555555554,
       48.49016666666667
      ],
      [
       27.64238888888889,
       48.44858055555556
      ],
      [
       27.763638888888888,
       48.458558333333336
      ],
      [
       27.82813888888889,
       48.421638888888886
      ]
     ]
    ]
   }
  },
  {
   "type": "Feature",
   "properties": {
    "id": "LZBB",
    "indicator": "F",
    "name": "BRATISLAVA",
    "cycle": "2606"
   },
   "geometry": {
    "type": "Polygon",
    "coordinates": [
     [
      [
       19.45,
       49.6
      ],
      [
       19.475,
       49.59888888888889
      ],
      [
       19.508333333333333,
       49.575
      ],
      [
       19.5325,
       49.5575
      ],
      [
       19.538888888888888,
       49.53055555555556
      ],
      [
       19.583333333333332,
       49.45
      ],
      [
       19.611666666666668,
       49.455
      ],
      [
       19.611666666666668,
       49.44833333333333
      ],
      [
       19.716666666666665,
       49.38333333333333
      ],
      [
       19.74,
       49.401666666666664
      ],
      [
       19.783333333333335,
       49.40833333333333
      ],
      [
       19.8,
       49.333333333333336
      ],
      [
       19.801944444444445,
       49.31305555555556
      ],
      [
       19.825,
       49.27861111111111
      ],
      [
       19.758333333333333,
       49.208333333333336
      ],
      [
       19.8425,
       49.19305555555555
      ],
      [
       19.878333333333334,
       49.20166666666667
      ],
      [
       19.95,
       49.230555555555554
      ],
      [
       20.03611111111111,
       49.19916666666666
      ],
      [
       20.083333333333332,
       49.175
      ],
      [
       20.087222222222223,
       49.19722222222222
      ],
      [
       20.133333333333333,
       49.275
      ],
      [
       20.136111111111113,
       49.304722222222225
      ],
      [
       20.191666666666666,
       49.333333333333336
      ],
      [
       20.255277777777778,
       49.34972222222222
      ],
      [
       20.316666666666666,
       49.35
      ],
      [
       20.316666666666666,
       49.4
      ],
      [
       20.341666666666665,
       49.4
      ],
      [
       20.38888888888889,
       49.40833333333333
      ],
      [
       20.466666666666665,
       49.41583333333333
      ],
      [
       20.583333333333332,
       49.38333333333333
      ],
      [
       20.62,
       49.42111111111111
      ],
      [
       20.733333333333334,
       49.416666666666664
      ],
      [
       20.933333333333334,
       49.3
      ],
      [
       21.1,
       49.36666666666667
      ],
      [
       21.05,
       49.416666666666664
      ],
      [
       21.066944444444445,
       49.42527777777778
      ],
      [
       21.133333333333333,
       49.43333333333333
      ],
      [
       21.2,
       49.4
      ],
      [
       21.283333333333335,
       49.45
      ],
      [
       21.45,
       49.416666666666664
      ],
      [
       21.633333333333333,
       49.45
      ],
      [
       21.783333333333335,
       49.35
      ],
      [
       21.85,
       49.391666666666666
      ],
      [
       22.033333333333335,
       49.28333333333333
      ],
      [
       22.033333333333335,
       49.21666666666667
      ],
      [
       22.333333333333332,
       49.141666666666666
      ],
      [
       22.375,
       49.141666666666666
      ],
      [
       22.430555555555557,
       49.105555555555554
      ],
      [
       22.5,
       49.09166666666667
      ],
      [
       22.566666666666666,
       49.083333333333336
      ],
      [
       22.533333333333335,
       49.0
      ],
      [
       22.433333333333334,
       48.93333333333333
      ],
      [
       22.35,
       48.68333333333333
      ],
      [
       22.166666666666668,
       48.583333333333336
      ],
      [
       22.160833333333333,
       48.56722222222222
      ],
      [
       22.15,
       48.53333333333333
      ],
      [
       22.15,
       48.391666666666666
      ],
      [
       21.75,
       48.35
      ],
      [
       21.669166666666666,
       48.399166666666666
      ],
      [
       21.615555555555556,
       48.50944444444445
      ],
      [
       21.433333333333334,
       48.583333333333336
      ],
      [
       21.325,
       48.56027777777778
      ],
      [
       21.116666666666667,
       48.5
      ],
      [
       21.115,
       48.49166666666667
      ],
      [
       20.833333333333332,
       48.583333333333336
      ],
      [
       20.748055555555556,
       48.57111111111111
      ],
      [
       20.510277777777777,
       48.515277777777776
      ],
      [
       20.411666666666665,
       48.3975
      ],
      [
       20.316666666666666,
       48.28333333333333
      ],
      [
       20.15,
       48.25
      ],
      [
       19.933333333333334,
       48.13333333333333
      ],
      [
       19.9,
       48.166666666666664
      ],
      [
       19.8,
       48.166666666666664
      ],
      [
       19.75,
       48.21666666666667
      ],
      [
       19.616666666666667,
       48.233333333333334
      ],
      [
       19.533333333333335,
       48.21666666666667
      ],
      [
       19.483333333333334,
       48.083333333333336
      ],
      [
       19.4,
       48.083333333333336
      ],
      [
       18.85,
       48.05
      ],
      [
       18.783333333333335,
       47.95
      ],
      [
       18.866666666666667,
       47.81666666666667
      ],
      [
       18.75,
       47.81666666666667
      ],
      [
       18.683333333333334,
       47.766666666666666
      ],
      [
       18.466666666666665,
       47.766666666666666
      ],
      [
       18.3,
       47.733333333333334
      ],
      [
       18.061666666666667,
       47.75666666666667
      ],
      [
       17.761111111111113,
       47.75
      ],
      [
       17.583333333333332,
       47.81666666666667
      ],
      [
       17.541944444444443,
       47.85527777777778
      ],
      [
       17.43616111111111,
       47.91163888888889
      ],
      [
       17.383333333333333,
       47.96666666666667
      ],
      [
       17.30027777777778,
       47.99638888888889
      ],
      [
       17.266666666666666,
       48.016666666666666
      ],
      [
       17.166666666666668,
       48.016666666666666
      ],
      [
       17.04361111111111,
       48.14111111111111
      ],
      [
       16.952475,
       48.20585833333333
      ],
      [
       16.955,
       48.266666666666666
      ],
      [
       16.908,
       48.27245277777778
      ],
      [
       16.899686111111112,
       48.28487777777778
      ],
      [
       16.910833333333333,
       48.32611111111111
      ],
      [
       16.883333333333333,
       48.333333333333336
      ],
      [
       16.858333333333334,
       48.458333333333336
      ],
      [
       16.942222222222224,
       48.61611111111111
      ],
      [
       17.044444444444444,
       48.766666666666666
      ],
      [
       17.058333333333334,
       48.77638888888889
      ],
      [
       17.091666666666665,
       48.78611111111111
      ],
      [
       17.116666666666667,
       48.825
      ],
      [
       17.18888888888889,
       48.86666666666667
      ],
      [
       17.27,
       48.86
      ],
      [
       17.27777777777778,
       48.858333333333334
      ],
      [
       17.366666666666667,
       48.815
      ],
      [
       17.369444444444444,
       48.81388888888889
      ],
      [
       17.41111111111111,
       48.81944444444444
      ],
      [
       17.425,
       48.82222222222222
      ],
      [
       17.47222222222222,
       48.84444444444444
      ],
      [
       17.530555555555555,
       48.80555555555556
      ],
      [
       17.6325,
       48.85472222222222
      ],
      [
       17.676388888888887,
       48.85777777777778
      ],
      [
       17.70951388888889,
       48.86517222222222
      ],
      [
       17.79722222222222,
       48.923611111111114
      ],
      [
       17.91521388888889,
       49.00321944444445
      ],
      [
       17.931944444444444,
       49.016666666666666
      ],
      [
       17.981666666666666,
       49.02305555555556
      ],
      [
       18.02777777777778,
       49.022222222222226
      ],
      [
       18.066666666666666,
       49.035
      ],
      [
       18.066666666666666,
       49.041666666666664
      ],
      [
       18.113888888888887,
       49.102777777777774
      ],
      [
       18.105555555555554,
       49.13333333333333
      ],
      [
       18.123333333333335,
       49.155
      ],
      [
       18.136111111111113,
       49.15694444444444
      ],
      [
       18.131666666666668,
       49.168055555555554
      ],
      [
       18.11916666666667,
       49.17527777777778
      ],
      [
       18.156666666666666,
       49.216388888888886
      ],
      [
       18.147222222222222,
       49.230555555555554
      ],
      [
       18.197222222222223,
       49.290277777777774
      ],
      [
       18.252777777777776,
       49.291666666666664
      ],
      [
       18.280277777777776,
       49.30388888888889
      ],
      [
       18.350555555555555,
       49.32555555555555
      ],
      [
       18.375,
       49.327777777777776
      ],
      [
       18.401666666666667,
       49.35
      ],
      [
       18.41111111111111,
       49.36666666666667
      ],
      [
       18.405555555555555,
       49.4
      ],
      [
       18.43888888888889,
       49.391666666666666
      ],
      [
       18.541666666666668,
       49.46944444444444
      ],
      [
       18.538888888888888,
       49.5
      ],
      [
       18.591666666666665,
       49.51111111111111
      ],
      [
       18.602777777777778,
       49.49166666666667
      ],
      [
       18.675,
       49.50833333333333
      ],
      [
       18.744444444444444,
       49.48888888888889
      ],
      [
       18.77735,
       49.50440555555556
      ],
      [
       18.81111111111111,
       49.518055555555556
      ],
      [
       18.8525,
       49.51777777777778
      ],
      [
       18.966666666666665,
       49.5
      ],
      [
       18.983333333333334,
       49.4
      ],
      [
       19.2,
       49.416666666666664
      ],
      [
       19.266666666666666,
       49.53333333333333
      ],
      [
       19.366666666666667,
       49.53333333333333
      ],
      [
       19.45,
       49.6
      ]
     ]
    ]
   }
  }
 ]
}